distribution,method,N,K,bin_id,bin_left,bin_right,bin_width,bin_center,count,frequency,density,mean,median,std,min,max,p90,p99
exponential,cut,10000,25,1,-0.00864621026865,0.345995877877,0.354642088146,0.168674833804,2929,0.2929,0.825903100028,0.163054167424,0.16004880731,0.0979749636731,3.59675929985e-06,0.345793170237,0.302986356281,0.342027211465
exponential,cut,10000,25,2,0.345995877877,0.691988158995,0.345992281118,0.518992018436,2100,0.21,0.606949956575,0.507093184812,0.501067077324,0.0988276345939,0.346264826068,0.691904922459,0.647540958627,0.685470504793
exponential,cut,10000,25,3,0.691988158995,1.03798044011,0.345992281118,0.864984299554,1460,0.146,0.421974731714,0.853065163061,0.84820610091,0.0994891746807,0.692357937147,1.03772095893,0.993000134118,1.03511540633
exponential,cut,10000,25,4,1.03798044011,1.38397272123,0.345992281118,1.21097658067,1038,0.1038,0.300006692822,1.2008574521,1.19295907192,0.100952042764,1.03843723268,1.38256019269,1.34477115581,1.37938808802
exponential,cut,10000,25,5,1.38397272123,1.72996500235,0.345992281118,1.55696886179,722,0.0722,0.208675175546,1.54874896382,1.54124774327,0.0971811504749,1.38411253487,1.72987104102,1.69078972708,1.72755900908
exponential,cut,10000,25,6,1.72996500235,2.07595728347,0.345992281118,1.90296114291,535,0.0535,0.154627727032,1.89739480636,1.89207522457,0.0949918483624,1.73099571297,2.07422325491,2.02940861605,2.06456043502
exponential,cut,10000,25,7,2.07595728347,2.42194956459,0.345992281118,2.24895342403,345,0.0345,0.0997132071517,2.24010312841,2.23431579613,0.0945237568628,2.07766173959,2.42167907636,2.37054015585,2.41575431859
exponential,cut,10000,25,8,2.42194956459,2.7679418457,0.345992281118,2.59494570514,248,0.0248,0.0716778996337,2.589673492,2.57544274375,0.106456505457,2.42240471109,2.76525867947,2.74684977951,2.7642397075
exponential,cut,10000,25,9,2.7679418457,3.11393412682,0.345992281118,2.94093798626,194,0.0194,0.056070615036,2.93105657727,2.92907484823,0.102173697789,2.76834522869,3.11155143621,3.08431511137,3.10533144271
exponential,cut,10000,25,10,3.11393412682,3.45992640794,0.345992281118,3.28693026738,113,0.0113,0.0326596881395,3.27631027776,3.28054648028,0.106323100952,3.11411490622,3.45963450175,3.4166604739,3.4529202514
exponential,cut,10000,25,11,3.45992640794,3.80591868906,0.345992281118,3.6329225485,100,0.01,0.0289023788845,3.61672490978,3.61691904155,0.0952228138778,3.46022928934,3.80339970559,3.7442146987,3.80256545741
exponential,cut,10000,25,12,3.80591868906,4.15191097018,0.345992281118,3.97891482962,65,0.0065,0.018786546275,3.9629200025,3.94057547138,0.104921998743,3.80595069444,4.14924242065,4.11163318088,4.14355456169
exponential,cut,10000,25,13,4.15191097018,4.49790325129,0.345992281118,4.32490711073,42,0.0042,0.0121389991315,4.3106505626,4.30388395019,0.0982587143528,4.15954848894,4.48280105293,4.44224072144,4.47739528845
exponential,cut,10000,25,14,4.49790325129,4.84389553241,0.345992281118,4.67089939185,24,0.0024,0.00693657093229,4.71681136971,4.76156954475,0.109034357506,4.5191887321,4.84051763674,4.82382952114,4.83768280771
exponential,cut,10000,25,15,4.84389553241,5.18988781353,0.345992281118,5.01689167297,22,0.0022,0.0063585233546,5.02029129988,5.00456981055,0.084981185514,4.84685455542,5.14947634315,5.12472780839,5.14860378128
exponential,cut,10000,25,16,5.18988781353,5.53588009465,0.345992281118,5.36288395409,19,0.0019,0.00549145198806,5.34322646049,5.35088847129,0.105031617956,5.1908690944,5.52362369501,5.46954133598,5.51441298962
exponential,cut,10000,25,17,5.53588009465,5.88187237577,0.345992281118,5.70887623521,6,0.0006,0.00173414273307,5.71197156346,5.71742178139,0.139182708463,5.54283332501,5.86577008843,5.84748538694,5.86394161828
exponential,cut,10000,25,18,5.88187237577,6.22786465688,0.345992281118,6.05486851632,18,0.0018,0.00520242819922,6.03794010427,6.02813870158,0.0885401553724,5.89022913846,6.2194416185,6.14565765192,6.20862521043
exponential,cut,10000,25,19,6.22786465688,6.573856938,0.345992281118,6.40086079744,8,0.0008,0.00231219031076,6.37483152368,6.36366745278,0.0951479513037,6.26869397728,6.56263811076,6.47270022827,6.55364432251
exponential,cut,10000,25,20,6.573856938,6.91984921912,0.345992281118,6.74685307856,3,0.0003,0.000867071366536,6.77488639922,6.85700095005,0.149236352667,6.60262550585,6.86503274175,6.86342638341,6.86487210592
exponential,cut,10000,25,21,6.91984921912,7.26584150024,0.345992281118,7.09284535968,5,0.0005,0.00144511894423,7.09463114725,7.03096037887,0.106219796872,6.99639108477,7.22019951432,7.21187902305,7.21936746519
exponential,cut,10000,25,22,7.26584150024,7.61183378136,0.345992281118,7.4388376408,,0,0,,,,,,,
exponential,cut,10000,25,23,7.61183378136,7.95782606247,0.345992281118,7.78482992191,1,0.0001,0.000289023788845,7.73061068227,7.73061068227,,7.73061068227,7.73061068227,7.73061068227,7.73061068227
exponential,cut,10000,25,24,7.95782606247,8.30381834359,0.345992281118,8.13082220303,1,0.0001,0.000289023788845,8.26930525282,8.26930525282,,8.26930525282,8.26930525282,8.26930525282,8.26930525282
exponential,cut,10000,25,25,8.30381834359,8.64981062471,0.345992281118,8.47681448415,2,0.0002,0.000578047577691,8.47951962203,8.47951962203,0.240827845534,8.30922861936,8.64981062471,8.61575242417,8.64640480466
exponential,qcut,10000,25,1,3.59675929985e-06,0.0439907196934,0.0439871229341,0.0219971582264,400,0.04,0.909357042057,0.0227899206828,0.0234262146075,0.0128578324994,3.59675929985e-06,0.0439819391676,0.0400221562384,0.0436189224287
exponential,qcut,10000,25,2,0.0439907196934,0.0841573987231,0.0401666790296,0.0640740592082,400,0.04,0.995850315893,0.0638667039838,0.0638751687262,0.011930829109,0.0439910855487,0.0841404606283,0.0806600846724,0.0839239639805
exponential,qcut,10000,25,3,0.0841573987231,0.128566995799,0.0444095970761,0.106362197261,400,0.04,0.900706212926,0.105330642032,0.105064388081,0.0124279049664,0.0841588716009,0.127975036284,0.123046458906,0.127019186293
exponential,qcut,10000,25,4,0.128566995799,0.172822390456,0.0442553946569,0.150694693128,400,0.04,0.903844611716,0.152031546836,0.153059744153,0.0129797451887,0.128647717551,0.172818265293,0.168944917198,0.172622856212
exponential,qcut,10000,25,5,0.172822390456,0.219835800028,0.047013409572,0.196329095242,400,0.04,0.850821081988,0.197200888072,0.197671200211,0.0134531227376,0.172823176201,0.219651492918,0.215006452355,0.219246254381
exponential,qcut,10000,25,6,0.219835800028,0.272056705099,0.0522209050713,0.245946252564,400,0.04,0.765976766305,0.246230595423,0.246059291883,0.0153230444296,0.219881876806,0.272007337226,0.267190036898,0.27154866448
exponential,qcut,10000,25,7,0.272056705099,0.325990178254,0.0539334731544,0.299023441677,400,0.04,0.74165444316,0.297991928485,0.297867374587,0.0158438936917,0.272072294954,0.32597163222,0.319720251436,0.325570282981
exponential,qcut,10000,25,8,0.325990178254,0.383907861514,0.0579176832608,0.354949019884,400,0.04,0.690635359496,0.356565322778,0.356958507,0.0167391103073,0.3259973906,0.383848894681,0.378743860255,0.383275849327
exponential,qcut,10000,25,9,0.383907861514,0.442321053206,0.0584131916918,0.41311445736,400,0.04,0.684776825945,0.411978186728,0.410213833538,0.016216503486,0.383935610612,0.442277860992,0.436302349298,0.441518688037
exponential,qcut,10000,25,10,0.442321053206,0.505791496329,0.0634704431226,0.474056274768,400,0.04,0.630214601192,0.473301859499,0.473127065374,0.0182240796987,0.442345348827,0.505664588762,0.498268693851,0.50446151447
exponential,qcut,10000,25,11,0.505791496329,0.573841025176,0.0680495288474,0.539816260753,400,0.04,0.587807155722,0.537804518015,0.536463696084,0.0201021706326,0.505876101373,0.573634474053,0.566619996458,0.572429729178
exponential,qcut,10000,25,12,0.573841025176,0.643965577948,0.0701245527713,0.608903301562,400,0.04,0.57041362004,0.609485783556,0.609845754431,0.0207268779472,0.574003315344,0.643957972237,0.63670875209,0.643772089141
exponential,qcut,10000,25,13,0.643965577948,0.72427713635,0.0803115584028,0.684121357149,400,0.04,0.498060314051,0.684022515311,0.682888233307,0.0234713167815,0.643972598604,0.724268306847,0.716095699763,0.723929412085
exponential,qcut,10000,25,14,0.72427713635,0.811743555756,0.0874664194058,0.768010346053,400,0.04,0.457318365971,0.767614021448,0.766163122723,0.0252992423507,0.724286701645,0.811664672778,0.803182751148,0.81115441817
exponential,qcut,10000,25,15,0.811743555756,0.906570859546,0.0948273037894,0.859157207651,400,0.04,0.42181943809,0.858472334581,0.857630450115,0.0264679394752,0.811843952274,0.906451416998,0.894346388785,0.905236302227
exponential,qcut,10000,25,16,0.906570859546,1.01212793602,0.10555707647,0.95934939778,400,0.04,0.378941908375,0.95693551951,0.955725328275,0.0295302366829,0.906750023367,1.01171782097,0.998230215415,1.01011748623
exponential,qcut,10000,25,17,1.01212793602,1.12942863559,0.117300699576,1.0707782858,400,0.04,0.341003933862,1.0696574926,1.06896113269,0.0330264347093,1.01285702942,1.12941606913,1.11493917766,1.1283431527
exponential,qcut,10000,25,18,1.12942863559,1.26589046399,0.136461828398,1.19765954979,400,0.04,0.293122263343,1.19262809821,1.19071191461,0.039598635721,1.12945533933,1.26570759341,1.24896411298,1.26529296632
exponential,qcut,10000,25,19,1.26589046399,1.42001238077,0.154121916785,1.34295142238,400,0.04,0.259534794495,1.33776892438,1.33794968064,0.0429912994755,1.26636070262,1.4199385223,1.39725170606,1.41720863288
exponential,qcut,10000,25,20,1.42001238077,1.59197360472,0.171961223949,1.50599299275,400,0.04,0.232610579766,1.50597706661,1.50916841027,0.0477959053591,1.42024626594,1.5918935026,1.56902410454,1.58932897869
exponential,qcut,10000,25,21,1.59197360472,1.83315365743,0.241180052711,1.71256363108,400,0.04,0.165851195198,1.70641833364,1.70501081978,0.0692028995592,1.59229401321,1.83313414638,1.8069257204,1.83133581425
exponential,qcut,10000,25,22,1.83315365743,2.09230478688,0.259151129449,1.96272922216,400,0.04,0.154350089406,1.94870762472,1.9416699351,0.073631148746,1.83325609047,2.0920314702,2.04971856287,2.08840392135
exponential,qcut,10000,25,23,2.09230478688,2.50787698191,0.415572195031,2.3000908844,400,0.04,0.0962528303824,2.28589679382,2.27509897924,0.116766332207,2.0943091092,2.50778747409,2.45265674173,2.50540386448
exponential,qcut,10000,25,24,2.50787698191,3.17274386313,0.664866881218,2.84031042252,400,0.04,0.0601624191698,2.81770058415,2.79014867369,0.189118744812,2.50890632191,3.17241600876,3.09061681513,3.16743656384
exponential,qcut,10000,25,25,3.17274386313,8.64981062471,5.47706676158,5.91127724392,400,0.04,0.00730317919084,4.21828056084,3.87179730319,0.991358412466,3.18061236796,8.64981062471,5.81415596463,7.225303626
exponential,log_binning,10000,25,1,3.59675929985e-06,6.47373897135e-06,2.87697967149e-06,5.0352491356e-06,1,0.0001,34.7586745193,3.59675929985e-06,3.59675929985e-06,,3.59675929985e-06,3.59675929985e-06,3.59675929985e-06,3.59675929985e-06
exponential,log_binning,10000,25,2,6.47373897135e-06,1.16519602162e-05,5.17822124486e-06,9.06284959378e-06,,0,0,,,,,,,
exponential,log_binning,10000,25,3,1.16519602162e-05,2.09721426027e-05,9.32018238653e-06,1.63120514095e-05,,0,0,,,,,,,
exponential,log_binning,10000,25,4,2.09721426027e-05,3.77473624342e-05,1.67752198314e-05,2.93597525185e-05,,0,0,,,,,,,
exponential,log_binning,10000,25,5,3.77473624342e-05,6.79407630268e-05,3.01934005926e-05,5.28440627305e-05,1,0.0001,3.3119820238,5.69063512528e-05,5.69063512528e-05,,5.69063512528e-05,5.69063512528e-05,5.69063512528e-05,5.69063512528e-05
exponential,log_binning,10000,25,6,6.79407630268e-05,0.000122285293144,5.43445301168e-05,9.51130280852e-05,1,0.0001,1.84011159513,8.54652406586e-05,8.54652406586e-05,,8.54652406586e-05,8.54652406586e-05,8.54652406586e-05,8.54652406586e-05
exponential,log_binning,10000,25,7,0.000122285293144,0.000220098984071,9.78136909277e-05,0.000171192138607,1,0.0001,1.02235176949,0.000177922726371,0.000177922726371,,0.000177922726371,0.000177922726371,0.000177922726371,0.000177922726371
exponential,log_binning,10000,25,8,0.000220098984071,0.000396151994601,0.00017605301053,0.000308125489336,,0,0,,,,,,,
exponential,log_binning,10000,25,9,0.000396151994601,0.000713026475286,0.000316874480685,0.000554589234943,2,0.0002,0.63116474248,0.000613351229353,0.000613351229353,2.01710736949e-05,0.00059908812636,0.000627614332347,0.000624761711748,0.000627329070287
exponential,log_binning,10000,25,10,0.000713026475286,0.00128336285413,0.000570336378839,0.000998194664705,4,0.0004,0.701340498065,0.00115633812906,0.00116845508674,8.37356561789e-05,0.00105881225161,0.00122963009117,0.00122751411885,0.00122941849393
exponential,log_binning,10000,25,11,0.00128336285413,0.00230990050501,0.00102653765088,0.00179663167957,6,0.0006,0.584489034068,0.00178194540534,0.00193618976735,0.000318667640724,0.00135475310505,0.00208433461352,0.00203171566307,0.00207907271848
exponential,log_binning,10000,25,12,0.00230990050501,0.00415754618882,0.00184764568381,0.00323372334692,19,0.0019,1.02833569047,0.003023225845,0.00297487132051,0.00041960269806,0.00243654709819,0.00378223910265,0.00374112329824,0.00377570635611
exponential,log_binning,10000,25,13,0.00415754618882,0.00748308867621,0.00332554248738,0.00582031743251,23,0.0023,0.691616483243,0.00595886097916,0.00595749656173,0.000923776268673,0.00422892234795,0.00739738347247,0.00717253488,0.00738872864777
exponential,log_binning,10000,25,14,0.00748308867621,0.0134686696414,0.00598558096515,0.0104758791588,63,0.0063,1.05252940971,0.0102510604581,0.0101434844365,0.00176211142673,0.00753947941407,0.0133860399498,0.0124243255816,0.0133543900442
exponential,log_binning,10000,25,15,0.0134686696414,0.0242420035038,0.0107733338625,0.0188553365726,92,0.0092,0.853960354097,0.0193846052697,0.01980079001,0.00324737646795,0.0135121292119,0.0241260666141,0.0235573399074,0.0241083723564
exponential,log_binning,10000,25,16,0.0242420035038,0.0436327231663,0.0193907196625,0.0339373633351,183,0.0183,0.943750428996,0.0344272512793,0.0342286684158,0.00562677073093,0.0243072428339,0.043618625386,0.0421780676686,0.0431516879207
exponential,log_binning,10000,25,17,0.0436327231663,0.0785337123892,0.0349009892229,0.0610832177777,344,0.0344,0.985645414814,0.0605326588252,0.0609862682424,0.0101677877397,0.043648329659,0.0783683387909,0.0749903736857,0.0777492621068
exponential,log_binning,10000,25,18,0.0785337123892,0.141351342159,0.0628176297702,0.109942527274,564,0.0564,0.897837123214,0.108290008626,0.107191981108,0.0180589452275,0.0787640368468,0.141266265478,0.134178460808,0.140535515496
exponential,log_binning,10000,25,19,0.141351342159,0.254415604744,0.113064262584,0.197883473452,957,0.0957,0.846421298937,0.195927360683,0.196514665456,0.0321832849062,0.141408075514,0.25430433395,0.241266988539,0.252675071311
exponential,log_binning,10000,25,20,0.254415604744,0.45791783048,0.203502225737,0.356166717612,1440,0.144,0.707608968299,0.35327410055,0.353941000479,0.0589080513089,0.254716941953,0.457610710114,0.435653882062,0.456310081777
exponential,log_binning,10000,25,21,0.45791783048,0.824197633958,0.366279803478,0.641057732219,1950,0.195,0.532379885947,0.628267290962,0.624074088871,0.105249991366,0.457917840458,0.824178658666,0.777700058229,0.818360718091
exponential,log_binning,10000,25,22,0.824197633958,1.48345771797,0.659260084012,1.15382767596,2100,0.21,0.318538927341,1.11624908655,1.09900050539,0.188732447089,0.824918071391,1.48339734705,1.39052230744,1.47855257772
exponential,log_binning,10000,25,23,1.48345771797,2.67004746233,1.18658974436,2.07675259015,1559,0.1559,0.13138492115,1.9523300692,1.90087511936,0.32624568055,1.48383791383,2.66847983379,2.44081635446,2.64561016241
exponential,log_binning,10000,25,24,2.67004746233,4.80576787913,2.13572041681,3.73790767073,600,0.06,0.0280935648355,3.35179873652,3.21399101032,0.533313021915,2.67192908236,4.80575165404,4.16053955301,4.76447812119
exponential,log_binning,10000,25,25,4.80576787913,8.64981062471,3.84404274558,6.72778925192,90,0.009,0.00234128509896,5.76444720871,5.49803840227,0.833972904189,4.80663770225,8.64981062471,6.87816857605,8.34669263995
exponential,cut,10000,50,1,-0.00864621026865,0.172999737318,0.181645947587,0.0821767635248,1602,0.1602,0.881935447105,0.0861131710286,0.0841687295663,0.0496985295232,3.59675929985e-06,0.172951397723,0.157716209118,0.17148079477
exponential,cut,10000,50,2,0.172999737318,0.345995877877,0.172996140559,0.259497807598,1327,0.1327,0.767069135596,0.255939982213,0.255136250237,0.0492707139173,0.173118887789,0.345793170237,0.325580237623,0.344514947695
exponential,cut,10000,50,3,0.345995877877,0.518992018436,0.172996140559,0.432493948157,1168,0.1168,0.675159570743,0.430664554094,0.427465004884,0.0499452122492,0.346264826068,0.518965607869,0.5012010142,0.517145338222
exponential,cut,10000,50,4,0.518992018436,0.691988158995,0.172996140559,0.605490088716,932,0.0932,0.538740342408,0.602874988116,0.602855950113,0.0487945431204,0.519016378224,0.691904922459,0.670348256281,0.689134487938
exponential,cut,10000,50,5,0.691988158995,0.864984299554,0.172996140559,0.778486229275,796,0.0796,0.460125871842,0.774691613747,0.772562383862,0.0505576202841,0.692357937147,0.864969972527,0.845956779609,0.862158315364
exponential,cut,10000,50,6,0.864984299554,1.03798044011,0.172996140559,0.951482369834,664,0.0664,0.383823591587,0.947018996275,0.945526346242,0.0500156931781,0.86517732513,1.03772095893,1.02016118638,1.03603292275
exponential,cut,10000,50,7,1.03798044011,1.21097658067,0.172996140559,1.12447851039,569,0.0569,0.328909071706,1.12098971587,1.1207556426,0.0493822311586,1.03843723268,1.21092815709,1.19081683941,1.20890286387
exponential,cut,10000,50,8,1.21097658067,1.38397272123,0.172996140559,1.29747465095,469,0.0469,0.271104313937,1.29775455641,1.29639949252,0.0495758404686,1.21099236253,1.38256019269,1.36620659703,1.38158421316
exponential,cut,10000,50,9,1.38397272123,1.55696886179,0.172996140559,1.47047079151,405,0.0405,0.234109268965,1.47557160361,1.47855130993,0.050735340526,1.38411253487,1.55696636858,1.54297020641,1.55479634353
exponential,cut,10000,50,10,1.55696886179,1.72996500235,0.172996140559,1.64346693207,317,0.0317,0.183241082128,1.64224054389,1.64191996386,0.0512435699753,1.55708622044,1.72987104102,1.71452870376,1.72782648701
exponential,cut,10000,50,11,1.72996500235,1.90296114291,0.172996140559,1.81646307263,284,0.0284,0.164165512064,1.82077768773,1.82764561878,0.0493546516163,1.73099571297,1.9021984176,1.88512589349,1.90084452513
exponential,cut,10000,50,12,1.90296114291,2.07595728347,0.172996140559,1.98945921319,251,0.0251,0.145089942,1.98408509198,1.98350355782,0.0479883286843,1.9036007376,2.07422325491,2.04939548993,2.07072366547
exponential,cut,10000,50,13,2.07595728347,2.24895342403,0.172996140559,2.16245535375,191,0.0191,0.110407087339,2.1672820953,2.17462245582,0.0499833601957,2.07766173959,2.24800846566,2.2334244915,2.24743656398
exponential,cut,10000,50,14,2.24895342403,2.42194956459,0.172996140559,2.33545149431,154,0.0154,0.0890193269644,2.33042012401,2.32861472184,0.0464286531447,2.24920222516,2.42167907636,2.3958157441,2.41855267718
exponential,cut,10000,50,15,2.42194956459,2.59494570514,0.172996140559,2.50844763486,133,0.0133,0.0768803278329,2.50353523605,2.50539331032,0.0508876370088,2.42240471109,2.59464778665,2.57218921619,2.59198315856
exponential,cut,10000,50,16,2.59494570514,2.7679418457,0.172996140559,2.68144377542,115,0.0115,0.0664754714344,2.68929425758,2.68826750664,0.0537456388933,2.60081478523,2.76525867947,2.75910430142,2.76485706578
exponential,cut,10000,50,17,2.7679418457,2.94093798626,0.172996140559,2.85443991598,104,0.0104,0.0601169480798,2.85001713083,2.8512341976,0.0539357593759,2.76834522869,2.94090595693,2.91931691636,2.94059415214
exponential,cut,10000,50,18,2.94093798626,3.11393412682,0.172996140559,3.02743605654,90,0.009,0.0520242819922,3.02470215983,3.02491290113,0.0522439741735,2.94253356675,3.11155143621,3.0920868342,3.11049010298
exponential,cut,10000,50,19,3.11393412682,3.28693026738,0.172996140559,3.2004321971,59,0.0059,0.0341048070838,3.18764522424,3.18061236796,0.0535387481748,3.11411490622,3.28316993131,3.26531166588,3.28262514875
exponential,cut,10000,50,20,3.28693026738,3.45992640794,0.172996140559,3.37342833766,54,0.0054,0.0312145691953,3.37318505846,3.38054127545,0.049385140681,3.28750965963,3.45963450175,3.43915318874,3.45614343592
exponential,cut,10000,50,21,3.45992640794,3.6329225485,0.172996140559,3.54642447822,55,0.0055,0.031792616773,3.54391422158,3.53976066904,0.051668461606,3.46022928934,3.63153872892,3.61251838659,3.63044693082
exponential,cut,10000,50,22,3.6329225485,3.80591868906,0.172996140559,3.71942061878,45,0.0045,0.0260121409961,3.70571575092,3.69932993948,0.048981116342,3.63567774822,3.80339970559,3.78076292404,3.80302892862
exponential,cut,10000,50,23,3.80591868906,3.97891482962,0.172996140559,3.89241675934,38,0.0038,0.0219658079523,3.88499735622,3.88635045969,0.0467823950233,3.80595069444,3.96695301483,3.95146086741,3.96648294256
exponential,cut,10000,50,24,3.97891482962,4.15191097018,0.172996140559,4.0654128999,27,0.0027,0.0156072845977,4.07258891209,4.08881893292,0.0511799890829,3.991131365,4.14924242065,4.133280703,4.14693172794
exponential,cut,10000,50,25,4.15191097018,4.32490711073,0.172996140559,4.23840904046,25,0.0025,0.0144511894423,4.24145215965,4.2253534742,0.0515668068181,4.15954848894,4.31920301628,4.30773770585,4.31868440787
exponential,cut,10000,50,26,4.32490711073,4.49790325129,0.172996140559,4.41140518101,17,0.0017,0.00982680882074,4.41241291988,4.41408798665,0.0476125179574,4.3368136215,4.48280105293,4.46691582317,4.4806914863
exponential,cut,10000,50,27,4.49790325129,4.67089939185,0.172996140559,4.58440132157,8,0.0008,0.00462438062153,4.58159617786,4.57566633033,0.0616707173377,4.5191887321,4.66565096418,4.64817678942,4.66390354671
exponential,cut,10000,50,28,4.67089939185,4.84389553241,0.172996140559,4.75739746213,16,0.0016,0.00924876124305,4.78441896564,4.79731342762,0.0427508882957,4.69292483581,4.84051763674,4.82625195618,4.8386688352
exponential,cut,10000,50,29,4.84389553241,5.01689167297,0.172996140559,4.93039360269,12,0.0012,0.00693657093229,4.95583716007,4.97638532311,0.0488215600953,4.84685455542,5.00791505363,5.00091672258,5.00717910015
exponential,cut,10000,50,30,5.01689167297,5.18988781353,0.172996140559,5.10338974325,10,0.001,0.00578047577691,5.09763626766,5.1119978653,0.041852085592,5.02105911088,5.14947634315,5.14573679227,5.14910238806
exponential,cut,10000,50,31,5.18988781353,5.36288395409,0.172996140559,5.27638588381,11,0.0011,0.0063585233546,5.26868914963,5.28201436092,0.0631583155763,5.1908690944,5.35569206767,5.35088847129,5.35521170803
exponential,cut,10000,50,32,5.36288395409,5.53588009465,0.172996140559,5.44938202437,8,0.0008,0.00462438062153,5.44571526292,5.44349339731,0.0439711769375,5.403095522,5.52362369501,5.48780428517,5.52004175403
exponential,cut,10000,50,33,5.53588009465,5.70887623521,0.172996140559,5.62237816493,3,0.0003,0.00173414273307,5.58812475931,5.59918171911,0.040899692081,5.54283332501,5.62235923381,5.61772373087,5.62189568351
exponential,cut,10000,50,34,5.70887623521,5.88187237577,0.172996140559,5.79537430549,3,0.0003,0.00173414273307,5.83581836762,5.82920068544,0.0272523086749,5.81248432898,5.86577008843,5.85845620783,5.86503870037
exponential,cut,10000,50,35,5.88187237577,6.05486851632,0.172996140559,5.96837044605,11,0.0011,0.0063585233546,5.98241770685,6.00319709086,0.0543497796215,5.89022913846,6.04567210594,6.03108059849,6.04421295519
exponential,cut,10000,50,36,6.05486851632,6.22786465688,0.172996140559,6.1413665866,7,0.0007,0.00404633304384,6.12518958592,6.10777104126,0.052492400032,6.05762200787,6.2194416185,6.1812660606,6.21562406271
exponential,cut,10000,50,37,6.22786465688,6.40086079744,0.172996140559,6.31436272716,5,0.0005,0.00289023788845,6.31930685394,6.30394786673,0.0453776651147,6.26869397728,6.38586779675,6.36810752157,6.38409176923
exponential,cut,10000,50,38,6.40086079744,6.573856938,0.172996140559,6.48735886772,3,0.0003,0.00173414273307,6.46737263991,6.43415542148,0.0837522512077,6.40532438749,6.56263811076,6.53694157291,6.56006845698
exponential,cut,10000,50,39,6.573856938,6.74685307856,0.172996140559,6.66035500828,1,0.0001,0.000578047577691,6.60262550585,6.60262550585,,6.60262550585,6.60262550585,6.60262550585,6.60262550585
exponential,cut,10000,50,40,6.74685307856,6.91984921912,0.172996140559,6.83335114884,2,0.0002,0.00115609515538,6.8610168459,6.8610168459,0.00567933437697,6.85700095005,6.86503274175,6.86422956258,6.86495242383
exponential,cut,10000,50,41,6.91984921912,7.09284535968,0.172996140559,7.0063472894,3,0.0003,0.00173414273307,7.01785264525,7.02620647212,0.0187376316879,6.99639108477,7.03096037887,7.03000959752,7.03086530074
exponential,cut,10000,50,42,7.09284535968,7.26584150024,0.172996140559,7.17934342996,2,0.0002,0.00115609515538,7.20979890023,7.20979890023,0.0147086895004,7.19939828614,7.22019951432,7.2181193915,7.21999150204
exponential,cut,10000,50,43,7.26584150024,7.4388376408,0.172996140559,7.35233957052,,0,0,,,,,,,
exponential,cut,10000,50,44,7.4388376408,7.61183378136,0.172996140559,7.52533571108,,0,0,,,,,,,
exponential,cut,10000,50,45,7.61183378136,7.78482992191,0.172996140559,7.69833185164,1,0.0001,0.000578047577691,7.73061068227,7.73061068227,,7.73061068227,7.73061068227,7.73061068227,7.73061068227
exponential,cut,10000,50,46,7.78482992191,7.95782606247,0.172996140559,7.87132799219,,0,0,,,,,,,
exponential,cut,10000,50,47,7.95782606247,8.13082220303,0.172996140559,8.04432413275,,0,0,,,,,,,
exponential,cut,10000,50,48,8.13082220303,8.30381834359,0.172996140559,8.21732027331,1,0.0001,0.000578047577691,8.26930525282,8.26930525282,,8.26930525282,8.26930525282,8.26930525282,8.26930525282
exponential,cut,10000,50,49,8.30381834359,8.47681448415,0.172996140559,8.39031641387,1,0.0001,0.000578047577691,8.30922861936,8.30922861936,,8.30922861936,8.30922861936,8.30922861936,8.30922861936
exponential,cut,10000,50,50,8.47681448415,8.64981062471,0.172996140559,8.56331255443,1,0.0001,0.000578047577691,8.64981062471,8.64981062471,,8.64981062471,8.64981062471,8.64981062471,8.64981062471
exponential,qcut,10000,50,1,3.59675929985e-06,0.0234552998892,0.0234517031299,0.0117294483242,200,0.02,0.85281652634,0.0116611368113,0.0113200264584,0.00667645604431,3.59675929985e-06,0.0233959174391,0.0210841994536,0.0233619782247
exponential,qcut,10000,50,2,0.0234552998892,0.0439907196934,0.0205354198043,0.0337230097913,200,0.02,0.973927009559,0.0339187045542,0.0339906990838,0.00616109066421,0.0234565117759,0.0439819391676,0.042260975468,0.0437019403921
exponential,qcut,10000,50,3,0.0439907196934,0.0638914317006,0.0199007120071,0.053941075697,200,0.02,1.00498916787,0.0536042810791,0.0530291340568,0.0059504045471,0.0439910855487,0.0638566880735,0.0618533604037,0.0634927528804
exponential,qcut,10000,50,4,0.0638914317006,0.0841573987231,0.0202659670225,0.0740244152118,200,0.02,0.98687617412,0.0741291268885,0.0739647482082,0.00618904183064,0.0638936493789,0.0841404606283,0.0826759404214,0.0840348400778
exponential,qcut,10000,50,5,0.0841573987231,0.105097856037,0.0209404573135,0.0946276273798,200,0.02,0.955088979221,0.0946569412734,0.0947648850683,0.00606439486117,0.0841588716009,0.105022553136,0.103171863631,0.104838677756
exponential,qcut,10000,50,6,0.105097856037,0.128566995799,0.0234691397626,0.116832425918,200,0.02,0.852182917751,0.116004342791,0.115371137146,0.00662601870102,0.105106223026,0.127975036284,0.125312613498,0.127459411762
exponential,qcut,10000,50,7,0.128566995799,0.153059979621,0.024492983822,0.14081348771,200,0.02,0.816560372774,0.140737724741,0.14093289006,0.00693338129696,0.128647717551,0.153059417113,0.150488521288,0.152472256196
exponential,qcut,10000,50,8,0.153059979621,0.172822390456,0.019762410835,0.162941185039,200,0.02,1.01202227638,0.163325368931,0.163087613101,0.0057740494693,0.153060071192,0.172818265293,0.17104146141,0.172714822356
exponential,qcut,10000,50,9,0.172822390456,0.19769176101,0.024869370554,0.185257075733,200,0.02,0.804202098988,0.185613149219,0.185810579886,0.00737378754628,0.172823176201,0.197639073963,0.19623390537,0.197253796059
exponential,qcut,10000,50,10,0.19769176101,0.219835800028,0.022144039018,0.208763780519,200,0.02,0.90317759934,0.208788626925,0.209100673609,0.00621360379122,0.197703326459,0.219651492918,0.217190150038,0.219545673693
exponential,qcut,10000,50,11,0.219835800028,0.246204265956,0.0263684659277,0.233020032992,200,0.02,0.758481743112,0.232922427936,0.233901747494,0.00763578070803,0.219881876806,0.24580040961,0.243355078971,0.245486623132
exponential,qcut,10000,50,12,0.246204265956,0.272056705099,0.0258524391436,0.259130485528,200,0.02,0.773621393668,0.25953876291,0.259947754304,0.00751475183882,0.246318174156,0.272007337226,0.269348356594,0.27160781454
exponential,qcut,10000,50,13,0.272056705099,0.297953324213,0.0258966191138,0.285005014656,200,0.02,0.772301585474,0.284130562956,0.284033393239,0.00717302333459,0.272072294954,0.297688312866,0.294537830705,0.297220001759
exponential,qcut,10000,50,14,0.297953324213,0.325990178254,0.0280368540406,0.311971751233,200,0.02,0.713346796009,0.311853294014,0.312345604399,0.00810315892942,0.298046436308,0.32597163222,0.322795640252,0.325687492175
exponential,qcut,10000,50,15,0.325990178254,0.356989375782,0.0309991975278,0.341489777018,200,0.02,0.645177991529,0.341977393238,0.342111907563,0.00891946284735,0.3259973906,0.356881335046,0.353819964996,0.356739600164
exponential,qcut,10000,50,16,0.356989375782,0.383907861514,0.026918485733,0.370448618648,200,0.02,0.742983843832,0.371153252318,0.371412512738,0.00738191656908,0.357035678954,0.383848894681,0.380656181535,0.383573123127
exponential,qcut,10000,50,17,0.383907861514,0.410225524695,0.02631766318,0.397066693104,200,0.02,0.759945891213,0.398258210647,0.398865512721,0.00759461627658,0.383935610612,0.410177298673,0.408390843565,0.409901924083
exponential,qcut,10000,50,18,0.410225524695,0.442321053206,0.0320955285117,0.42627328895,200,0.02,0.62313976206,0.42569816281,0.424758624927,0.00955122675996,0.410250368403,0.442277860992,0.439105522894,0.441929179056
exponential,qcut,10000,50,19,0.442321053206,0.473140378128,0.0308193249222,0.457730715667,200,0.02,0.648943481095,0.457506135992,0.457593713815,0.00882488402301,0.442345348827,0.473071595562,0.469624673732,0.472853776846
exponential,qcut,10000,50,20,0.473140378128,0.505791496329,0.0326511182004,0.489465937229,200,0.02,0.61253644905,0.489097583006,0.489661466509,0.00930092279387,0.473182535185,0.505664588762,0.501158590547,0.50522816056
exponential,qcut,10000,50,21,0.505791496329,0.536475991374,0.0306844950451,0.521133743851,200,0.02,0.651794985403,0.520439697087,0.519087142224,0.00921550738726,0.505876101373,0.536386850522,0.533825479139,0.535771194184
exponential,qcut,10000,50,22,0.536475991374,0.573841025176,0.0373650338023,0.555158508275,200,0.02,0.535259786083,0.555169338943,0.554419936381,0.010917648877,0.536540541646,0.573634474053,0.570183494843,0.573000940549
exponential,qcut,10000,50,23,0.573841025176,0.609848566311,0.0360075411346,0.591844795743,200,0.02,0.555439204395,0.591263186529,0.591286976518,0.0103184886036,0.574003315344,0.609810605928,0.6051445634,0.6095390765
exponential,qcut,10000,50,24,0.609848566311,0.643965577948,0.0341170116368,0.626907072129,200,0.02,0.58621781453,0.627708380583,0.628038221744,0.00935046209511,0.609880902933,0.643957972237,0.640525741759,0.643851470226
exponential,qcut,10000,50,25,0.643965577948,0.682888233307,0.03892265536,0.663426905627,200,0.02,0.513839557323,0.663523698927,0.663880059087,0.0114907216677,0.643972598604,0.682886997104,0.679916496731,0.682524931673
exponential,qcut,10000,50,26,0.682888233307,0.72427713635,0.0413889030428,0.703582684829,200,0.02,0.483221311261,0.704521331695,0.702872624213,0.01130977529,0.682889469511,0.724268306847,0.719335433075,0.724130706357
exponential,qcut,10000,50,27,0.72427713635,0.76613144868,0.0418543123293,0.745204292515,200,0.02,0.477848013429,0.745733148249,0.74658913406,0.011638038125,0.724286701645,0.765767197177,0.761268606507,0.765259684393
exponential,qcut,10000,50,28,0.76613144868,0.811743555756,0.0456121070765,0.788937502218,200,0.02,0.43848007211,0.789494894646,0.789486313526,0.0136205259355,0.76655904827,0.811664672778,0.807767942097,0.811364851598
exponential,qcut,10000,50,29,0.811743555756,0.857619704462,0.0458761487062,0.834681630109,200,0.02,0.43595638614,0.83562637054,0.837292538909,0.0136011952767,0.811843952274,0.857563289784,0.853960585487,0.857300895256
exponential,qcut,10000,50,30,0.857619704462,0.906570859546,0.0489511550831,0.882095282004,200,0.02,0.408570542739,0.881318298622,0.881002032456,0.0130579375634,0.857697610447,0.906451416998,0.899116091238,0.905791212874
exponential,qcut,10000,50,31,0.906570859546,0.955714992143,0.0491441325979,0.931142925844,200,0.02,0.406966181775,0.931529284017,0.932941347736,0.0142535022083,0.906750023367,0.955682261061,0.95109635415,0.955546138293
exponential,qcut,10000,50,32,0.955714992143,1.01212793602,0.056412943872,0.983921464079,200,0.02,0.35452856432,0.982341755003,0.981404158567,0.0157432115146,0.955768395489,1.01171782097,1.00474754689,1.01080335134
exponential,qcut,10000,50,33,1.01212793602,1.0689161371,0.0567882010844,1.04052203656,200,0.02,0.3521858347,1.04118250284,1.04114071855,0.0158852286156,1.01285702942,1.06882052147,1.06227088746,1.06798763154
exponential,qcut,10000,50,34,1.0689161371,1.12942863559,0.0605124984912,1.09917238635,200,0.02,0.330510233401,1.09813248235,1.09883504894,0.0174594485836,1.06910174391,1.12941606913,1.12301845995,1.12872696582
exponential,qcut,10000,50,35,1.12942863559,1.19070030688,0.0612716712929,1.16006447124,200,0.02,0.326415121017,1.15826866716,1.15861699323,0.0170144884244,1.12945533933,1.19068289529,1.18237135243,1.19026564933
exponential,qcut,10000,50,36,1.19070030688,1.26589046399,0.075190157105,1.22829538544,200,0.02,0.265992262419,1.22698752926,1.22648832474,0.0219427598362,1.19074093394,1.26570759341,1.25541471635,1.26541720268
exponential,qcut,10000,50,37,1.26589046399,1.33786977446,0.0719793104664,1.30188011922,200,0.02,0.277857621453,1.30058231264,1.30061450888,0.0200619911701,1.26636070262,1.33778320942,1.32797679516,1.33749343873
exponential,qcut,10000,50,38,1.33786977446,1.42001238077,0.082142606319,1.37894107761,200,0.02,0.243479004335,1.37495553612,1.37379708175,0.0228849678274,1.33811615186,1.4199385223,1.40718606389,1.41874907225
exponential,qcut,10000,50,39,1.42001238077,1.50912121898,0.0891088382026,1.46456679988,200,0.02,0.22444462753,1.46444759242,1.46554546021,0.0243320375094,1.42024626594,1.5090841401,1.49726175093,1.50766068508
exponential,qcut,10000,50,40,1.50912121898,1.59197360472,0.0828523857461,1.55054741185,200,0.02,0.24139316955,1.54750654081,1.54841417825,0.0228385777899,1.50925268043,1.5918935026,1.58256470981,1.59134592803
exponential,qcut,10000,50,41,1.59197360472,1.70486615878,0.112892554055,1.64841988175,200,0.02,0.177159602486,1.64690605192,1.64691409931,0.0325629587024,1.59229401321,1.70478478697,1.6920440848,1.70315117331
exponential,qcut,10000,50,42,1.70486615878,1.83315365743,0.128287498656,1.76900990811,200,0.02,0.15589983599,1.76593061536,1.76351821478,0.0377198015014,1.70523685258,1.83313414638,1.81964952077,1.83297716188
exponential,qcut,10000,50,43,1.83315365743,1.94149224718,0.108338589745,1.88732295231,200,0.02,0.184606427377,1.88508867289,1.88380186896,0.0328887842935,1.83325609047,1.94142314632,1.93291666142,1.93947930833
exponential,qcut,10000,50,44,1.94149224718,2.09230478688,0.150812539704,2.01689851703,200,0.02,0.132614967159,2.01232657655,2.01213339086,0.0406601129977,1.94191672389,2.0920314702,2.06799000479,2.08924411723
exponential,qcut,10000,50,45,2.09230478688,2.27508138055,0.182776593669,2.18369308372,200,0.02,0.109423201289,2.18607467202,2.18988842006,0.0519269687351,2.0943091092,2.27507698088,2.25258333287,2.27379187512
exponential,qcut,10000,50,46,2.27508138055,2.50787698191,0.232795601363,2.39147918123,200,0.02,0.0859122761896,2.38571891562,2.37678748474,0.0679102331001,2.27512097759,2.50778747409,2.48746079653,2.50742361207
exponential,qcut,10000,50,47,2.50787698191,2.7891066756,0.281229693688,2.64849182876,200,0.02,0.0711162457197,2.65657530187,2.65194204906,0.0883467624918,2.50890632191,2.78896458495,2.77340609333,2.78817819906
exponential,qcut,10000,50,48,2.7891066756,3.17274386313,0.38363718753,2.98092526937,200,0.02,0.0521325894623,2.97882586644,2.97133305915,0.108271628959,2.79133276242,3.17241600876,3.12822523297,3.16932433669
exponential,qcut,10000,50,49,3.17274386313,3.86960774939,0.696863886254,3.52117580626,200,0.02,0.0287000092766,3.51113017035,3.51384778047,0.191111946428,3.18061236796,3.86951651798,3.78328340207,3.86519891652
exponential,qcut,10000,50,50,3.86960774939,8.64981062471,4.78020287532,6.25970918705,200,0.02,0.00418392284211,4.92543095133,4.69741102076,0.96376801338,3.87407808841,8.64981062471,6.22436685437,8.26970448649
exponential,log_binning,10000,50,1,3.59675929985e-06,4.82539955341e-06,1.22864025355e-06,4.21107942663e-06,1,0.0001,81.390789298,3.59675929985e-06,3.59675929985e-06,,3.59675929985e-06,3.59675929985e-06,3.59675929985e-06,3.59675929985e-06
exponential,log_binning,10000,50,2,4.82539955341e-06,6.47373897135e-06,1.64833941794e-06,5.64956926238e-06,,0,0,,,,,,,
exponential,log_binning,10000,50,3,6.47373897135e-06,8.68514530358e-06,2.21140633223e-06,7.57944213746e-06,,0,0,,,,,,,
exponential,log_binning,10000,50,4,8.68514530358e-06,1.16519602162e-05,2.96681491263e-06,1.01685527599e-05,,0,0,,,,,,,
exponential,log_binning,10000,50,5,1.16519602162e-05,1.56322286081e-05,3.98026839189e-06,1.36420944121e-05,,0,0,,,,,,,
exponential,log_binning,10000,50,6,1.56322286081e-05,2.09721426027e-05,5.33991399464e-06,1.83021856054e-05,,0,0,,,,,,,
exponential,log_binning,10000,50,7,2.09721426027e-05,2.81361523284e-05,7.16400972566e-06,2.45541474656e-05,,0,0,,,,,,,
exponential,log_binning,10000,50,8,2.81361523284e-05,3.77473624342e-05,9.61121010577e-06,3.29417573813e-05,,0,0,,,,,,,
exponential,log_binning,10000,50,9,3.77473624342e-05,5.06417279131e-05,1.28943654789e-05,4.41945451736e-05,,0,0,,,,,,,
exponential,log_binning,10000,50,10,5.06417279131e-05,6.79407630268e-05,1.72990351137e-05,5.92912454699e-05,1,0.0001,5.78066923056,5.69063512528e-05,5.69063512528e-05,,5.69063512528e-05,5.69063512528e-05,5.69063512528e-05,5.69063512528e-05
exponential,log_binning,10000,50,11,6.79407630268e-05,9.11490873412e-05,2.32083243144e-05,7.9544925184e-05,1,0.0001,4.3087988019,8.54652406586e-05,8.54652406586e-05,,8.54652406586e-05,8.54652406586e-05,8.54652406586e-05,8.54652406586e-05
exponential,log_binning,10000,50,12,9.11490873412e-05,0.000122285293144,3.11362058024e-05,0.000106717190242,,0,0,,,,,,,
exponential,log_binning,10000,50,13,0.000122285293144,0.000164057516706,4.17722235625e-05,0.000143171404925,,0,0,,,,,,,
exponential,log_binning,10000,50,14,0.000164057516706,0.000220098984071,5.60414673652e-05,0.000192078250389,1,0.0001,1.78439296295,0.000177922726371,0.000177922726371,,0.000177922726371,0.000177922726371,0.000177922726371,0.000177922726371
exponential,log_binning,10000,50,15,0.000220098984071,0.000295284018446,7.51850343745e-05,0.000257691501259,,0,0,,,,,,,
exponential,log_binning,10000,50,16,0.000295284018446,0.000396151994601,0.000100867976155,0.000345718006523,,0,0,,,,,,,
exponential,log_binning,10000,50,17,0.000396151994601,0.000531476114598,0.000135324119997,0.000463814054599,,0,0,,,,,,,
exponential,log_binning,10000,50,18,0.000531476114598,0.000713026475286,0.000181550360688,0.000622251294942,2,0.0002,1.10162270811,0.000613351229353,0.000613351229353,2.01710736949e-05,0.00059908812636,0.000627614332347,0.000624761711748,0.000627329070287
exponential,log_binning,10000,50,19,0.000713026475286,0.000956593796964,0.000243567321678,0.000834810136125,,0,0,,,,,,,
exponential,log_binning,10000,50,20,0.000956593796964,0.00128336285413,0.000326769057161,0.00111997832554,4,0.0004,1.22410611174,0.00115633812906,0.00116845508674,8.37356561789e-05,0.00105881225161,0.00122963009117,0.00122751411885,0.00122941849393
exponential,log_binning,10000,50,21,0.00128336285413,0.00172175506529,0.000438392211166,0.00150255895971,2,0.0002,0.456212484862,0.00137793078559,0.00137793078559,3.27781901676e-05,0.00135475310505,0.00140110846614,0.00139647293003,0.00140064491253
exponential,log_binning,10000,50,22,0.00172175506529,0.00230990050501,0.000588145439719,0.00201582778515,4,0.0004,0.680103887554,0.00198395271521,0.00197469013458,7.52495350285e-05,0.00190209597818,0.00208433461352,0.00205276324325,0.00208117747649
exponential,log_binning,10000,50,23,0.00230990050501,0.00309895434642,0.000789053841405,0.00270442742571,12,0.0012,1.52080876745,0.00275674696826,0.00272784889714,0.000196120119975,0.00243654709819,0.00308267049214,0.00303819085909,0.00307855163797
exponential,log_binning,10000,50,24,0.00309895434642,0.00415754618882,0.00105859184241,0.00362825026762,7,0.0007,0.661255804133,0.00348004677656,0.00340164178481,0.000268691915992,0.00317026565372,0.00378223910265,0.00376046328084,0.00378006152047
exponential,log_binning,10000,50,25,0.00415754618882,0.00557774925991,0.00142020307108,0.00486764772437,6,0.0006,0.422474794075,0.00469636117971,0.0047242130143,0.000351524309773,0.00422892234795,0.00509621154841,0.00506436120209,0.00509302651378
exponential,log_binning,10000,50,26,0.00557774925991,0.00748308867621,0.0019053394163,0.00653041896806,17,0.0017,0.89222948177,0.00640444914367,0.00621352026899,0.000571038861801,0.00573485582631,0.00739738347247,0.00728806357834,0.00739108905451
exponential,log_binning,10000,50,27,0.00748308867621,0.0100392852971,0.00255619662091,0.00876118698666,30,0.003,1.1736186393,0.00864975220325,0.0086273927099,0.000681102994305,0.00753947941407,0.00992422566999,0.00948945772641,0.00980602889712
exponential,log_binning,10000,50,28,0.0100392852971,0.0134686696414,0.00342938434425,0.0117539774692,33,0.0033,0.962271844955,0.0117067952353,0.0117808295832,0.00100313710295,0.0101059050468,0.0133860399498,0.0132659680908,0.0133697045147
exponential,log_binning,10000,50,29,0.0134686696414,0.0180695195464,0.00460084990504,0.0157690945939,33,0.0033,0.717258782205,0.0157054695374,0.015698802758,0.00133232181439,0.0135121292119,0.0179427190669,0.0174993342468,0.0178452912394
exponential,log_binning,10000,50,30,0.0180695195464,0.0242420035038,0.00617248395743,0.0211557615251,59,0.0059,0.955855056196,0.0214424269505,0.0216204428655,0.00188597919485,0.018092706473,0.0241260666141,0.0236627665238,0.0241147889553
exponential,log_binning,10000,50,31,0.0242420035038,0.0325229861464,0.00828098264257,0.0283824948251,67,0.0067,0.809082724743,0.0282169125188,0.0279406321614,0.00235175683426,0.0243072428339,0.0323198040441,0.0316478566974,0.0321991631263
exponential,log_binning,10000,50,32,0.0325229861464,0.0436327231663,0.0111097370199,0.0380778546564,116,0.0116,1.04412912558,0.0380142572875,0.0378972000607,0.00338871029815,0.03255671259,0.043618625386,0.0425586667016,0.0433449731346
exponential,log_binning,10000,50,33,0.0436327231663,0.0585375070523,0.014904783886,0.0510851151093,152,0.0152,1.01980680272,0.0506732522344,0.0506936039077,0.00434512689956,0.043648329659,0.0584907389797,0.0569219234637,0.0583305095478
exponential,log_binning,10000,50,34,0.0585375070523,0.0785337123892,0.0199962053369,0.0685356097207,192,0.0192,0.960182178396,0.0683380223763,0.0679773270874,0.00566833309251,0.0586091613316,0.0783683387909,0.0764969656383,0.0779835330108
exponential,log_binning,10000,50,35,0.0785337123892,0.105360550734,0.0268268383448,0.0919471315616,263,0.0263,0.980361519384,0.0918078606763,0.0917993024242,0.00777328429391,0.0787640368468,0.105162245087,0.102681375648,0.105054347694
exponential,log_binning,10000,50,36,0.105360550734,0.141351342159,0.0359907914254,0.123355946447,301,0.0301,0.83632503782,0.122691353844,0.122114437084,0.0106307205193,0.105417320358,0.141266265478,0.1376071044,0.141028679037
exponential,log_binning,10000,50,37,0.141351342159,0.189636460621,0.0482851184615,0.16549390139,430,0.043,0.89054353329,0.165286402868,0.165764448638,0.0135696756928,0.141408075514,0.18960003987,0.183699986929,0.189364416337
exponential,log_binning,10000,50,38,0.189636460621,0.254415604744,0.0647791441228,0.222026032682,527,0.0527,0.813533440641,0.220928521708,0.219544970137,0.018399706137,0.189695980169,0.25430433395,0.24711892501,0.253822273943
exponential,log_binning,10000,50,39,0.254415604744,0.341323075347,0.0869074706036,0.297869340045,634,0.0634,0.729511508731,0.295825139775,0.294366158202,0.0247999767857,0.254716941953,0.341262667847,0.331574557233,0.340058102943
exponential,log_binning,10000,50,40,0.341323075347,0.45791783048,0.116594755133,0.399620452914,806,0.0806,0.691283239183,0.398463481607,0.398549287632,0.0327967392042,0.341388321681,0.457610710114,0.444887006588,0.456667448221
exponential,log_binning,10000,50,41,0.45791783048,0.614340941521,0.156423111041,0.536129386001,918,0.0918,0.586869800691,0.532533784966,0.530153779506,0.0449369678732,0.457917840458,0.614279490325,0.595652261503,0.61279296049
exponential,log_binning,10000,50,42,0.614340941521,0.824197633958,0.209856692437,0.719269287739,1032,0.1032,0.491764159635,0.713425584087,0.711983460479,0.0610374289744,0.614359405181,0.824178658666,0.801294340502,0.821352597958
exponential,log_binning,10000,50,43,0.824197633958,1.10574063018,0.28154299622,0.964969132068,1075,0.1075,0.381824451125,0.957848156643,0.953604629756,0.0814979442013,0.824918071391,1.10565871786,1.07336913046,1.10314880707
exponential,log_binning,10000,50,44,1.10574063018,1.48345771797,0.377717087791,1.29459917407,1025,0.1025,0.271367124531,1.28237689108,1.27970080445,0.109917196126,1.10607197077,1.48339734705,1.44231382975,1.48101084574
exponential,log_binning,10000,50,45,1.48345771797,1.9902016268,0.506743908834,1.73682967239,921,0.0921,0.181748607915,1.71993273278,1.7097969251,0.149770182519,1.48383791383,1.98950465191,1.93288464478,1.98435249158
exponential,log_binning,10000,50,46,1.9902016268,2.67004746233,0.679845835522,2.33012454456,638,0.0638,0.0938448051992,2.28781274451,2.27006121336,0.192656295664,1.9917136914,2.66847983379,2.57042637235,2.65645465453
exponential,log_binning,10000,50,47,2.67004746233,3.58212623036,0.91207876803,3.12608684634,414,0.0414,0.0453908165074,3.04942813809,3.002664356,0.258697766046,2.67192908236,3.5810884533,3.45272925085,3.5673605338
exponential,log_binning,10000,50,48,3.58212623036,4.80576787913,1.22364164878,4.19394705474,186,0.0186,0.0152005286994,4.02481716531,3.94546588192,0.333926850525,3.5823873617,4.80575165404,4.50099489251,4.80167473388
exponential,log_binning,10000,50,49,4.80576787913,6.44740118659,1.64163330746,5.62658453286,77,0.0077,0.00469045064146,5.4997511761,5.403095522,0.4990450939,4.80663770225,6.43415542148,6.1812660606,6.41224383565
exponential,log_binning,10000,50,50,6.44740118659,8.64981062471,2.20240943812,7.54860590565,13,0.0013,0.000590262635774,7.33226217106,7.03096037887,0.684560026945,6.56263811076,8.64981062471,8.30124394605,8.60894078407
exponential,cut,10000,100,1,-0.00864621026865,0.0865016670388,0.0951478773075,0.0389277283851,824,0.0824,0.86602037094,0.0445536261966,0.0451180592725,0.0246844442094,3.59675929985e-06,0.0863666746497,0.0788619254356,0.0859339949155
exponential,cut,10000,100,2,0.0865016670388,0.172999737318,0.0864980702795,0.129750702179,778,0.0778,0.899442030887,0.130129964013,0.130573412803,0.0259278527476,0.086690196167,0.172951397723,0.166260595469,0.172070443338
exponential,cut,10000,100,3,0.172999737318,0.259497807598,0.0864980702795,0.216248772458,695,0.0695,0.80348613299,0.215315343973,0.214120977112,0.0243493500594,0.173118887789,0.259287040085,0.250102855183,0.258680929972
exponential,cut,10000,100,4,0.259497807598,0.345995877877,0.0864980702795,0.302746842738,632,0.0632,0.730652138201,0.30061422838,0.299795849645,0.0251523540641,0.259510894262,0.345793170237,0.337096475364,0.345297742711
exponential,cut,10000,100,5,0.345995877877,0.432493948157,0.0864980702795,0.389244913017,611,0.0611,0.706374139938,0.389119044062,0.389593175827,0.0238379616628,0.346264826068,0.43224802662,0.421286300478,0.430989770347
exponential,cut,10000,100,6,0.432493948157,0.518992018436,0.0864980702795,0.475742983297,557,0.0557,0.643945001548,0.476237815547,0.475737062064,0.0251980868156,0.432785073885,0.518965607869,0.511135550149,0.51787699557
exponential,cut,10000,100,7,0.518992018436,0.605490088716,0.0864980702795,0.562241053576,485,0.0485,0.56070615036,0.562376634645,0.56220786973,0.0252599301281,0.519016378224,0.605333452634,0.597609751133,0.604568727854
exponential,cut,10000,100,8,0.605490088716,0.691988158995,0.0864980702795,0.648739123856,447,0.0447,0.516774534456,0.646816154633,0.644958423202,0.0236409035208,0.605764844701,0.691904922459,0.680296562333,0.690704517218
exponential,cut,10000,100,9,0.691988158995,0.778486229275,0.0864980702795,0.735237194135,430,0.043,0.497120916814,0.734161063605,0.734991823466,0.0255529345443,0.692357937147,0.778214366121,0.770312638983,0.777066475908
exponential,cut,10000,100,10,0.778486229275,0.864984299554,0.0864980702795,0.821735264415,366,0.0366,0.42313082687,0.822309473203,0.821653585016,0.024309583382,0.778545263619,0.864969972527,0.855726901508,0.864046672046
exponential,cut,10000,100,11,0.864984299554,0.951482369834,0.0864980702795,0.908233334694,356,0.0356,0.411569875316,0.90707631321,0.908009174413,0.0255423497852,0.86517732513,0.951467772053,0.942042951152,0.950210651355
exponential,cut,10000,100,12,0.951482369834,1.03798044011,0.0864980702795,0.994731404974,308,0.0308,0.356077307858,0.993186513065,0.991078389399,0.0256817346849,0.951804754344,1.03772095893,1.02944041819,1.03671787375
exponential,cut,10000,100,13,1.03798044011,1.12447851039,0.0864980702795,1.08122947525,296,0.0296,0.342204165993,1.07987654881,1.07854066757,0.0246306926622,1.03843723268,1.1243320635,1.11300619103,1.12342242655
exponential,cut,10000,100,14,1.12447851039,1.21097658067,0.0864980702795,1.16772754553,273,0.0273,0.315613977419,1.1655666296,1.1638225783,0.0245064764558,1.1252676517,1.21092815709,1.20080663204,1.20940708005
exponential,cut,10000,100,15,1.21097658067,1.29747465095,0.0864980702795,1.25422561581,237,0.0237,0.273994551825,1.25564050716,1.25521067711,0.02579060509,1.21099236253,1.29725628636,1.28897668108,1.29633880937
exponential,cut,10000,100,16,1.29747465095,1.38397272123,0.0864980702795,1.34072368609,232,0.0232,0.268214076049,1.34077623602,1.34143744377,0.0249253989352,1.29793284241,1.38256019269,1.3748320991,1.38188195709
exponential,cut,10000,100,17,1.38397272123,1.47047079151,0.0864980702795,1.42722175637,185,0.0185,0.213877603746,1.42809356664,1.43017048822,0.0259310637349,1.38411253487,1.46933361778,1.46351358003,1.46928379716
exponential,cut,10000,100,18,1.47047079151,1.55696886179,0.0864980702795,1.51371982665,220,0.022,0.254340934184,1.51549631652,1.5179225795,0.0260403958204,1.4711405065,1.55696636858,1.55094171683,1.55522607543
exponential,cut,10000,100,19,1.55696886179,1.64346693207,0.0864980702795,1.60021789693,161,0.0161,0.186131320016,1.59872624228,1.5961007485,0.0253472360655,1.55708622044,1.64208592348,1.6332347309,1.64194024593
exponential,cut,10000,100,20,1.64346693207,1.72996500235,0.0864980702795,1.68671596721,156,0.0156,0.18035084424,1.68714953465,1.68522374736,0.0263367995162,1.64384698519,1.72987104102,1.72419094007,1.72844346913
exponential,cut,10000,100,21,1.72996500235,1.81646307263,0.0864980702795,1.77321403749,129,0.0129,0.149136275044,1.77366277017,1.77222941962,0.0250837729785,1.73099571297,1.81617019371,1.80905143117,1.81508862129
exponential,cut,10000,100,22,1.81646307263,1.90296114291,0.0864980702795,1.85971210777,155,0.0155,0.179194749084,1.85998945783,1.86141001085,0.0233742854612,1.81776551559,1.9021984176,1.89216734928,1.90101509157
exponential,cut,10000,100,23,1.90296114291,1.98945921319,0.0864980702795,1.94621017805,138,0.0138,0.159541131443,1.94656121002,1.94232898681,0.0253472196239,1.9036007376,1.98923758698,1.98137162938,1.98881175915
exponential,cut,10000,100,24,1.98945921319,2.07595728347,0.0864980702795,2.03270824833,113,0.0113,0.130638752558,2.02991071773,2.02917848335,0.0223789507478,1.98950465191,2.07422325491,2.05855521319,2.07400738393
exponential,cut,10000,100,25,2.07595728347,2.16245535375,0.0864980702795,2.11920631861,83,0.0083,0.0959558978967,2.11722277975,2.1147737265,0.023731314116,2.07766173959,2.16218829141,2.14919423125,2.16203656988
exponential,cut,10000,100,26,2.16245535375,2.24895342403,0.0864980702795,2.20570438889,108,0.0108,0.124858276781,2.20575360633,2.20644392086,0.0238109257351,2.16271451976,2.24800846566,2.24072267095,2.24770596204
exponential,cut,10000,100,27,2.24895342403,2.33545149431,0.0864980702795,2.29220245917,90,0.009,0.104048563984,2.29759672794,2.30125849485,0.0259833986615,2.24920222516,2.33510310777,2.32969090884,2.334995997
exponential,cut,10000,100,28,2.33545149431,2.42194956459,0.0864980702795,2.37870052945,64,0.0064,0.0739900899444,2.37657802473,2.37381635832,0.0240381793153,2.33555541124,2.42167907636,2.41365525065,2.42100026012
exponential,cut,10000,100,29,2.42194956459,2.50844763486,0.0864980702795,2.46519859973,71,0.0071,0.0820827560321,2.46317715417,2.45856011351,0.028483484537,2.42240471109,2.50778747409,2.50226287146,2.50766602402
exponential,cut,10000,100,30,2.50844763486,2.59494570514,0.0864980702795,2.55169667,62,0.0062,0.0716778996337,2.54975174917,2.54981390369,0.0246138314665,2.50890632191,2.59464778665,2.57775107753,2.5939900538
exponential,cut,10000,100,31,2.59494570514,2.68144377542,0.0864980702795,2.63819474028,53,0.0053,0.0612730432352,2.63785065571,2.63794225593,0.0231588846782,2.60081478523,2.67904789653,2.66818268694,2.67808988899
exponential,cut,10000,100,32,2.68144377542,2.7679418457,0.0864980702795,2.72469281056,62,0.0062,0.0716778996337,2.73327023982,2.73719309774,0.0260037137563,2.6833523394,2.76525867947,2.76204011821,2.76505253372
exponential,cut,10000,100,33,2.7679418457,2.85443991598,0.0864980702795,2.81119088084,53,0.0053,0.0612730432352,2.80287713088,2.79406465107,0.0248132432062,2.76834522869,2.8518419565,2.84302975517,2.85120988724
exponential,cut,10000,100,34,2.85443991598,2.94093798626,0.0864980702795,2.89768895112,51,0.0051,0.0589608529245,2.89900575823,2.89771854835,0.0234298448453,2.85905402699,2.94090595693,2.93107335468,2.94076457862
exponential,cut,10000,100,35,2.94093798626,3.02743605654,0.0864980702795,2.9841870214,46,0.0046,0.0531803771476,2.97984481709,2.97716555682,0.0242261919627,2.94253356675,3.02674596381,3.01019265399,3.0250962074
exponential,cut,10000,100,36,3.02743605654,3.11393412682,0.0864980702795,3.07068509168,44,0.0044,0.0508681868368,3.07159847269,3.07704848838,0.0251417781788,3.02776506188,3.11155143621,3.09800637896,3.11103865723
exponential,cut,10000,100,37,3.11393412682,3.2004321971,0.0864980702795,3.15718316196,36,0.0036,0.0416194255937,3.14975071388,3.14933877585,0.0240804447599,3.11411490622,3.19906885731,3.18123123361,3.19377065069
exponential,cut,10000,100,38,3.2004321971,3.28693026738,0.0864980702795,3.24368123224,23,0.0023,0.0265901885738,3.2469583709,3.24536487179,0.0246288524157,3.20396220324,3.28316993131,3.27933461997,3.28296328965
exponential,cut,10000,100,39,3.28693026738,3.37342833766,0.0864980702795,3.33017930252,26,0.0026,0.0300584740399,3.32957609723,3.33203314194,0.0265345086427,3.28750965963,3.36928816858,3.36255333086,3.36839534312
exponential,cut,10000,100,40,3.37342833766,3.45992640794,0.0864980702795,3.4166773728,28,0.0028,0.0323706643507,3.41367909389,3.41147616705,0.0245707793096,3.37707065507,3.45963450175,3.45062419321,3.45785603425
exponential,cut,10000,100,41,3.45992640794,3.54642447822,0.0864980702795,3.50317544308,30,0.003,0.0346828546614,3.50397050231,3.51272821854,0.0283512215634,3.46022928934,3.54518135557,3.53915134432,3.5444944428
exponential,cut,10000,100,42,3.54642447822,3.6329225485,0.0864980702795,3.58967351336,25,0.0025,0.0289023788845,3.5918466847,3.59490492524,0.0254517582807,3.55056065676,3.63153872892,3.62652346976,3.63105348532
exponential,cut,10000,100,43,3.6329225485,3.71942061878,0.0864980702795,3.67617158364,30,0.003,0.0346828546614,3.67653477042,3.67714211498,0.0239899521385,3.63567774822,3.712144807,3.70618714387,3.71190643202
exponential,cut,10000,100,44,3.71942061878,3.80591868906,0.0864980702795,3.76266965392,15,0.0015,0.0173414273307,3.76407771194,3.75541390944,0.0295621705099,3.72059532735,3.80339970559,3.80239110846,3.8032817311
exponential,cut,10000,100,45,3.80591868906,3.89241675934,0.0864980702795,3.8491677242,22,0.0022,0.0254340934184,3.85187358279,3.8515549273,0.0270716169523,3.80595069444,3.88857738108,3.88640655422,3.88854735094
exponential,cut,10000,100,46,3.89241675934,3.97891482962,0.0864980702795,3.93566579448,16,0.0016,0.0184975224861,3.93054254469,3.92676061597,0.0234658864996,3.89523955314,3.96695301483,3.96375374313,3.96676244499
exponential,cut,10000,100,47,3.97891482962,4.0654128999,0.0864980702795,4.02216386476,11,0.0011,0.0127170467092,4.01857012857,4.02076390645,0.0248658831314,3.991131365,4.05713617948,4.05067321931,4.05648988346
exponential,cut,10000,100,48,4.0654128999,4.15191097018,0.0864980702795,4.10866193504,16,0.0016,0.0184975224861,4.10972682576,4.10787119933,0.0227378379115,4.07461285388,4.14924242065,4.13961628718,4.1479093287
exponential,cut,10000,100,49,4.15191097018,4.23840904046,0.0864980702795,4.19516000532,14,0.0014,0.0161853321753,4.20057875433,4.20565683359,0.0213975999785,4.15954848894,4.22699909579,4.22437175909,4.22678516498
exponential,cut,10000,100,50,4.23840904046,4.32490711073,0.0864980702795,4.28165807559,11,0.0011,0.0127170467092,4.29347285733,4.29943202476,0.0217037608222,4.24919372598,4.31920301628,4.31704214791,4.31898692944
exponential,cut,10000,100,51,4.32490711073,4.41140518101,0.0864980702795,4.36815614587,7,0.0007,0.00809266608767,4.36670153572,4.34740216198,0.0331281893523,4.3368136215,4.40885772728,4.4054836191,4.40852031646
exponential,cut,10000,100,52,4.41140518101,4.49790325129,0.0864980702795,4.45465421615,10,0.001,0.0115609515538,4.44441088879,4.44173784414,0.0231443625079,4.41222194327,4.48280105293,4.47093474066,4.4816144217
exponential,cut,10000,100,53,4.49790325129,4.58440132157,0.0864980702795,4.54115228643,4,0.0004,0.00462438062153,4.52573185518,4.52282104332,0.00841971700392,4.5191887321,4.538096602,4.53355057142,4.53764199894
exponential,cut,10000,100,54,4.58440132157,4.67089939185,0.0864980702795,4.62765035671,4,0.0004,0.00462438062153,4.63746050053,4.63547748964,0.0219369274149,4.61323605865,4.66565096418,4.65816203214,4.66490207098
exponential,cut,10000,100,55,4.67089939185,4.75739746213,0.0864980702795,4.71414842699,3,0.0003,0.00346828546614,4.71574434774,4.7018972057,0.0320695882475,4.69292483581,4.75241100171,4.74230824251,4.75140072579
exponential,cut,10000,100,56,4.75739746213,4.84389553241,0.0864980702795,4.80064649727,13,0.0013,0.01502923702,4.80026695438,4.80230095667,0.0257293390037,4.75867051897,4.84051763674,4.82741615835,4.8390385955
exponential,cut,10000,100,57,4.84389553241,4.93039360269,0.0864980702795,4.88714456755,4,0.0004,0.00462438062153,4.89683104022,4.90715900302,0.034682737745,4.84685455542,4.92615159941,4.92176147361,4.92571258683
exponential,cut,10000,100,58,4.93039360269,5.01689167297,0.0864980702795,4.97364263783,8,0.0008,0.00924876124305,4.98534022,4.98051475048,0.0156751944966,4.96163587314,5.00791505363,5.00323171332,5.0074467196
exponential,cut,10000,100,59,5.01689167297,5.10338974325,0.0864980702795,5.06014070811,4,0.0004,0.00462438062153,5.05409063869,5.0615907551,0.0237876597352,5.02105911088,5.07212193368,5.07171903445,5.07208164376
exponential,cut,10000,100,60,5.10338974325,5.18988781353,0.0864980702795,5.14663877839,6,0.0006,0.00693657093229,5.12666668697,5.12060338073,0.0168839371408,5.11188153253,5.14947634315,5.14739881489,5.14926859032
exponential,cut,10000,100,61,5.18988781353,5.27638588381,0.0864980702795,5.23313684867,5,0.0005,0.00578047577691,5.20771908092,5.20967754788,0.010945749326,5.1908690944,5.22095926413,5.21708209644,5.22057154736
exponential,cut,10000,100,62,5.27638588381,5.36288395409,0.0864980702795,5.31963491895,6,0.0006,0.00693657093229,5.31949754023,5.32229676386,0.0326643194691,5.28201436092,5.35569206767,5.35329026948,5.35545188785
exponential,cut,10000,100,63,5.36288395409,5.44938202437,0.0864980702795,5.40613298923,4,0.0004,0.00462438062153,5.40837889334,5.40537479481,0.00760409511055,5.403095522,5.41967046176,5.41539524691,5.41924294028
exponential,cut,10000,100,64,5.44938202437,5.53588009465,0.0864980702795,5.49263105951,4,0.0004,0.00462438062153,5.4830516325,5.47063325106,0.0271339152853,5.46731633286,5.52362369501,5.50827251936,5.52208857745
exponential,cut,10000,100,65,5.53588009465,5.62237816493,0.0864980702795,5.57912912979,3,0.0003,0.00346828546614,5.58812475931,5.59918171911,0.040899692081,5.54283332501,5.62235923381,5.61772373087,5.62189568351
exponential,cut,10000,100,66,5.62237816493,5.70887623521,0.0864980702795,5.66562720007,,0,0,,,,,,,
exponential,cut,10000,100,67,5.70887623521,5.79537430549,0.0864980702795,5.75212527035,,0,0,,,,,,,
exponential,cut,10000,100,68,5.79537430549,5.88187237577,0.0864980702795,5.83862334063,3,0.0003,0.00346828546614,5.83581836762,5.82920068544,0.0272523086749,5.81248432898,5.86577008843,5.85845620783,5.86503870037
exponential,cut,10000,100,69,5.88187237577,5.96837044605,0.0864980702795,5.92512141091,4,0.0004,0.00462438062153,5.92130332459,5.91683951816,0.0332215632665,5.89022913846,5.96130512358,5.95359960128,5.96053457135
exponential,cut,10000,100,70,5.96837044605,6.05486851632,0.0864980702795,6.01161948118,7,0.0007,0.00809266608767,6.017340211,6.02471627215,0.021412724808,5.9797608218,6.04567210594,6.03691720147,6.04479661549
exponential,cut,10000,100,71,6.05486851632,6.1413665866,0.0864980702795,6.09811755146,5,0.0005,0.00578047577691,6.10021395886,6.09987631318,0.029968311669,6.05762200787,6.1413042076,6.12789094107,6.13996288095
exponential,cut,10000,100,72,6.1413665866,6.22786465688,0.0864980702795,6.18461562174,2,0.0002,0.00231219031076,6.18762865359,6.18762865359,0.0449903264345,6.15581568868,6.2194416185,6.21307902551,6.2188053592
exponential,cut,10000,100,73,6.22786465688,6.31436272716,0.0864980702795,6.27111369202,3,0.0003,0.00346828546614,6.28973312138,6.29655752013,0.0185913553588,6.26869397728,6.30394786673,6.30246979741,6.30380005979
exponential,cut,10000,100,74,6.31436272716,6.40086079744,0.0864980702795,6.3576117623,2,0.0002,0.00231219031076,6.36366745278,6.36366745278,0.0313960275392,6.3414671088,6.38586779675,6.38142772796,6.38542378987
exponential,cut,10000,100,75,6.40086079744,6.48735886772,0.0864980702795,6.44410983258,2,0.0002,0.00231219031076,6.41973990449,6.41973990449,0.0203866196408,6.40532438749,6.43415542148,6.43127231808,6.43386711114
exponential,cut,10000,100,76,6.48735886772,6.573856938,0.0864980702795,6.53060790286,1,0.0001,0.00115609515538,6.56263811076,6.56263811076,,6.56263811076,6.56263811076,6.56263811076,6.56263811076
exponential,cut,10000,100,77,6.573856938,6.66035500828,0.0864980702795,6.61710597314,1,0.0001,0.00115609515538,6.60262550585,6.60262550585,,6.60262550585,6.60262550585,6.60262550585,6.60262550585
exponential,cut,10000,100,78,6.66035500828,6.74685307856,0.0864980702795,6.70360404342,,0,0,,,,,,,
exponential,cut,10000,100,79,6.74685307856,6.83335114884,0.0864980702795,6.7901021137,,0,0,,,,,,,
exponential,cut,10000,100,80,6.83335114884,6.91984921912,0.0864980702795,6.87660018398,2,0.0002,0.00231219031076,6.8610168459,6.8610168459,0.00567933437697,6.85700095005,6.86503274175,6.86422956258,6.86495242383
exponential,cut,10000,100,81,6.91984921912,7.0063472894,0.0864980702795,6.96309825426,1,0.0001,0.00115609515538,6.99639108477,6.99639108477,,6.99639108477,6.99639108477,6.99639108477,6.99639108477
exponential,cut,10000,100,82,7.0063472894,7.09284535968,0.0864980702795,7.04959632454,2,0.0002,0.00231219031076,7.0285834255,7.0285834255,0.00336151969742,7.02620647212,7.03096037887,7.0304849882,7.0309128398
exponential,cut,10000,100,83,7.09284535968,7.17934342996,0.0864980702795,7.13609439482,,0,0,,,,,,,
exponential,cut,10000,100,84,7.17934342996,7.26584150024,0.0864980702795,7.2225924651,2,0.0002,0.00231219031076,7.20979890023,7.20979890023,0.0147086895004,7.19939828614,7.22019951432,7.2181193915,7.21999150204
exponential,cut,10000,100,85,7.26584150024,7.35233957052,0.0864980702795,7.30909053538,,0,0,,,,,,,
exponential,cut,10000,100,86,7.35233957052,7.4388376408,0.0864980702795,7.39558860566,,0,0,,,,,,,
exponential,cut,10000,100,87,7.4388376408,7.52533571108,0.0864980702795,7.48208667594,,0,0,,,,,,,
exponential,cut,10000,100,88,7.52533571108,7.61183378136,0.0864980702795,7.56858474622,,0,0,,,,,,,
exponential,cut,10000,100,89,7.61183378136,7.69833185164,0.0864980702795,7.6550828165,,0,0,,,,,,,
exponential,cut,10000,100,90,7.69833185164,7.78482992191,0.0864980702795,7.74158088678,1,0.0001,0.00115609515538,7.73061068227,7.73061068227,,7.73061068227,7.73061068227,7.73061068227,7.73061068227
exponential,cut,10000,100,91,7.78482992191,7.87132799219,0.0864980702795,7.82807895705,,0,0,,,,,,,
exponential,cut,10000,100,92,7.87132799219,7.95782606247,0.0864980702795,7.91457702733,,0,0,,,,,,,
exponential,cut,10000,100,93,7.95782606247,8.04432413275,0.0864980702795,8.00107509761,,0,0,,,,,,,
exponential,cut,10000,100,94,8.04432413275,8.13082220303,0.0864980702795,8.08757316789,,0,0,,,,,,,
exponential,cut,10000,100,95,8.13082220303,8.21732027331,0.0864980702795,8.17407123817,,0,0,,,,,,,
exponential,cut,10000,100,96,8.21732027331,8.30381834359,0.0864980702795,8.26056930845,1,0.0001,0.00115609515538,8.26930525282,8.26930525282,,8.26930525282,8.26930525282,8.26930525282,8.26930525282
exponential,cut,10000,100,97,8.30381834359,8.39031641387,0.0864980702795,8.34706737873,1,0.0001,0.00115609515538,8.30922861936,8.30922861936,,8.30922861936,8.30922861936,8.30922861936,8.30922861936
exponential,cut,10000,100,98,8.39031641387,8.47681448415,0.0864980702795,8.43356544901,,0,0,,,,,,,
exponential,cut,10000,100,99,8.47681448415,8.56331255443,0.0864980702795,8.52006351929,,0,0,,,,,,,
exponential,cut,10000,100,100,8.56331255443,8.64981062471,0.0864980702795,8.60656158957,1,0.0001,0.00115609515538,8.64981062471,8.64981062471,,8.64981062471,8.64981062471,8.64981062471,8.64981062471
exponential,qcut,10000,100,1,3.59675929985e-06,0.0113828988127,0.0113793020534,0.00569324778598,100,0.01,0.878788519112,0.00598564632623,0.00631301572873,0.00329433503244,3.59675929985e-06,0.0112558709948,0.010150425264,0.0112463866252
exponential,qcut,10000,100,2,0.0113828988127,0.0234552998892,0.0120724010765,0.0174190993509,100,0.01,0.828335634031,0.0173366272964,0.0174661135819,0.00369792169375,0.0113841819219,0.0233959174391,0.0222372094939,0.0233794035331
exponential,qcut,10000,100,3,0.0234552998892,0.0340051631365,0.0105498632473,0.0287302315129,100,0.01,0.947879585313,0.0286199419218,0.0281948431486,0.00333906513914,0.0234565117759,0.0339753117938,0.0331036200419,0.0338544785427
exponential,qcut,10000,100,4,0.0340051631365,0.0439907196934,0.00998555655691,0.038997941415,100,0.01,1.00144643346,0.0392174671866,0.0392949404217,0.00290364672324,0.0340060863739,0.0439819391676,0.0428548205608,0.0438886927944
exponential,qcut,10000,100,5,0.0439907196934,0.0530313087212,0.00904058902776,0.0485110142073,100,0.01,1.1061226176,0.0484595162699,0.0486455598811,0.00273685513797,0.0439910855487,0.053026717763,0.0522096519131,0.0529650461451
exponential,qcut,10000,100,6,0.0530313087212,0.0638914317006,0.0108601229794,0.0584613702109,100,0.01,0.920799885877,0.0587490458884,0.0590224366219,0.00319530483123,0.0530315503506,0.0638566880735,0.0628428202141,0.0636719232771
exponential,qcut,10000,100,7,0.0638914317006,0.0739703929653,0.0100789612648,0.0689309123329,100,0.01,0.992165733881,0.0687623638646,0.0686167434889,0.00310500359737,0.0638936493789,0.0739581845371,0.0731845103056,0.0739227122106
exponential,qcut,10000,100,8,0.0739703929653,0.0841573987231,0.0101870057577,0.0790638958442,100,0.01,0.981642716006,0.0794958899125,0.0797858451995,0.00302790183021,0.0739713118793,0.0841404606283,0.0835813196595,0.0840441432009
exponential,qcut,10000,100,9,0.0841573987231,0.094789615556,0.0106322168329,0.0894735071395,100,0.01,0.940537627959,0.0893967935657,0.0895252634626,0.00298136250722,0.0841588716009,0.0947347259369,0.0931577897909,0.0946654744498
exponential,qcut,10000,100,10,0.094789615556,0.105097856037,0.0103082404806,0.0999437357963,100,0.01,0.970097663014,0.0999170889811,0.0999128961424,0.00302315244933,0.0947950441996,0.105022553136,0.10428168159,0.104942511381
exponential,qcut,10000,100,11,0.105097856037,0.115417590704,0.0103197346677,0.11025772337,100,0.01,0.969017161974,0.110295580387,0.110224614383,0.00311094048427,0.105106223026,0.115311581301,0.114540193158,0.115302208891
exponential,qcut,10000,100,12,0.115417590704,0.128566995799,0.0131494050949,0.121992293252,100,0.01,0.76049067831,0.121713105195,0.122008411803,0.00356867669943,0.11543069299,0.127975036284,0.126385603899,0.127854752109
exponential,qcut,10000,100,13,0.128566995799,0.141003773903,0.0124367781043,0.134785384851,100,0.01,0.80406677004,0.134802495618,0.134387210552,0.00337039448907,0.128647717551,0.140837101083,0.13966056353,0.140640044742
exponential,qcut,10000,100,14,0.141003773903,0.153059979621,0.0120562057177,0.147031876762,100,0.01,0.829448354994,0.146672953863,0.146563940281,0.00375553218308,0.141028679037,0.153059417113,0.15181659861,0.152886429472
exponential,qcut,10000,100,15,0.153059979621,0.163145531967,0.0100855523459,0.158102755794,100,0.01,0.991517336581,0.158330346901,0.158287203157,0.00306610424066,0.153060071192,0.163004871864,0.162420626208,0.162954297109
exponential,qcut,10000,100,16,0.163145531967,0.172822390456,0.00967685848901,0.167983961212,100,0.01,1.03339322481,0.168320390961,0.168198515765,0.00268524262057,0.163170354338,0.172818265293,0.171818815847,0.172782473303
exponential,qcut,10000,100,17,0.172822390456,0.186000874402,0.0131784839461,0.179411632429,100,0.01,0.758812625251,0.179190983293,0.179457128003,0.00353776891993,0.172823176201,0.185522254862,0.183670038055,0.18549394404
exponential,qcut,10000,100,18,0.186000874402,0.19769176101,0.0116908866078,0.191846317706,100,0.01,0.855367119317,0.192035315145,0.192380872156,0.00366841238443,0.186098904911,0.197639073963,0.19684983322,0.197544538321
exponential,qcut,10000,100,19,0.19769176101,0.209111875002,0.0114201139924,0.203401818006,100,0.01,0.875648001995,0.203497380294,0.203549855859,0.00329652567913,0.197703326459,0.209082606845,0.208494832003,0.209015058014
exponential,qcut,10000,100,20,0.209111875002,0.219835800028,0.0107239250256,0.214473837515,100,0.01,0.932494396975,0.214079873556,0.214148220522,0.00319068449425,0.209118740373,0.219651492918,0.218635251519,0.219615687394
exponential,qcut,10000,100,21,0.219835800028,0.233930635915,0.0140948358872,0.226883217972,100,0.01,0.709479704483,0.226354355249,0.226441603982,0.00408135160564,0.219881876806,0.23385193987,0.232070184748,0.23385054643
exponential,qcut,10000,100,22,0.233930635915,0.246204265956,0.0122736300405,0.240067450936,100,0.01,0.814754882381,0.239490500623,0.239039372601,0.00365939061842,0.233951555117,0.24580040961,0.244740117999,0.245713840289
exponential,qcut,10000,100,23,0.246204265956,0.259984645245,0.0137803792894,0.2530944556,100,0.01,0.72566943115,0.253042939227,0.252553433059,0.00399035125675,0.246318174156,0.259879437746,0.258684985716,0.259806508125
exponential,qcut,10000,100,24,0.259984645245,0.272056705099,0.0120720598542,0.266020675172,100,0.01,0.828359047321,0.266034586593,0.26640407879,0.00351377529796,0.260016070862,0.272007337226,0.270884158325,0.271702008983
exponential,qcut,10000,100,25,0.272056705099,0.284041949036,0.0119852439362,0.278049327067,100,0.01,0.834359321614,0.278113821854,0.277982141653,0.0034644364775,0.272072294954,0.284016281645,0.282852884896,0.284011429184
exponential,qcut,10000,100,26,0.284041949036,0.297953324213,0.0139113751776,0.290997636624,100,0.01,0.71883619501,0.290147304059,0.28967330612,0.00427647558435,0.284050504832,0.297688312866,0.296311214706,0.297291272485
exponential,qcut,10000,100,27,0.297953324213,0.312374343027,0.0144210188134,0.30516383362,100,0.01,0.69343228307,0.30481732788,0.304810664489,0.00406711766563,0.298046436308,0.31228312912,0.310560396635,0.31224305385
exponential,qcut,10000,100,28,0.312374343027,0.325990178254,0.0136158352271,0.31918226064,100,0.01,0.734438970007,0.318889260148,0.318766032139,0.0039286678674,0.312408079677,0.32597163222,0.324354473819,0.325907137994
exponential,qcut,10000,100,29,0.325990178254,0.342125989621,0.0161358113671,0.334058083937,100,0.01,0.61973952053,0.334272161166,0.334515550082,0.00457813172011,0.3259973906,0.342078378853,0.340733673859,0.341897465589
exponential,qcut,10000,100,30,0.342125989621,0.356989375782,0.0148633861607,0.349557682701,100,0.01,0.672794199913,0.349682625311,0.35007943947,0.00436088757899,0.342145436272,0.356881335046,0.35543938635,0.356746264707
exponential,qcut,10000,100,31,0.356989375782,0.371413387767,0.0144240119855,0.364201381774,100,0.01,0.693288386756,0.36486262163,0.36532607813,0.00410057167532,0.357035678954,0.371410210032,0.37014468349,0.371379262105
exponential,qcut,10000,100,32,0.371413387767,0.383907861514,0.0124944737474,0.377660624641,100,0.01,0.800353836596,0.377443883006,0.377569535366,0.00357458021076,0.371414815445,0.383848894681,0.3825579016,0.383754355647
exponential,qcut,10000,100,33,0.383907861514,0.398870183568,0.014962322054,0.391389022541,100,0.01,0.668345458942,0.391716697504,0.392284090393,0.00420860249628,0.383935610612,0.398851774936,0.397384471886,0.398733747646
exponential,qcut,10000,100,34,0.398870183568,0.410225524695,0.0113553411261,0.404547854131,100,0.01,0.880642852468,0.40479972379,0.405171544127,0.00343211375624,0.398879250507,0.410177298673,0.409276246982,0.410021107528
exponential,qcut,10000,100,35,0.410225524695,0.424765131714,0.0145396070197,0.417495328204,100,0.01,0.687776498117,0.417343826175,0.417560589833,0.00411322498454,0.410250368403,0.424736935638,0.423311556746,0.424522765038
exponential,qcut,10000,100,36,0.424765131714,0.442321053206,0.017555921492,0.43354309246,100,0.01,0.569608379972,0.434052499444,0.434642719685,0.00504527893402,0.424780314217,0.442277860992,0.440217637064,0.442069352856
exponential,qcut,10000,100,37,0.442321053206,0.457598132852,0.0152770796462,0.449959593029,100,0.01,0.654575365946,0.450048339377,0.449858067347,0.00490282869017,0.442345348827,0.457576717516,0.456566819757,0.457494732197
exponential,qcut,10000,100,38,0.457598132852,0.473140378128,0.015542245276,0.46536925549,100,0.01,0.643407681609,0.464963932607,0.465025735766,0.00448831903509,0.457610710114,0.473071595562,0.471052001357,0.473035411596
exponential,qcut,10000,100,39,0.473140378128,0.489683162978,0.01654278485,0.481411770553,100,0.01,0.604493142519,0.48115211863,0.480109506822,0.00516546970759,0.473182535185,0.489562846191,0.488304303643,0.489450815524
exponential,qcut,10000,100,40,0.489683162978,0.505791496329,0.0161083333504,0.497737329654,100,0.01,0.620796688427,0.497043047382,0.497241698987,0.00443507520574,0.489760086826,0.505664588762,0.503423312357,0.505427530867
exponential,qcut,10000,100,41,0.505791496329,0.519095207987,0.0133037116578,0.512443352158,100,0.01,0.751669929207,0.512439106641,0.512201679132,0.00399330932408,0.505876101373,0.519042332432,0.517649275375,0.519034276402
exponential,qcut,10000,100,42,0.519095207987,0.536475991374,0.0173807833873,0.52778559968,100,0.01,0.575348059818,0.528440287534,0.528351902216,0.00504484414208,0.519131952016,0.536386850522,0.53494333742,0.536179367493
exponential,qcut,10000,100,43,0.536475991374,0.554422314358,0.0179463229837,0.545449152866,100,0.01,0.557217208732,0.545669111961,0.545692584371,0.0054953378086,0.536540541646,0.554402950838,0.552924123803,0.554296362895
exponential,qcut,10000,100,44,0.554422314358,0.573841025176,0.0194187108185,0.564131669767,100,0.01,0.514967244399,0.564669565925,0.564396786321,0.00520225162588,0.554436921925,0.573634474053,0.571458281091,0.573481987536
exponential,qcut,10000,100,45,0.573841025176,0.591293472898,0.0174524477215,0.582567249037,100,0.01,0.57298552957,0.582395753845,0.58202431729,0.00516342423587,0.574003315344,0.591222012724,0.589648860527,0.590909037216
exponential,qcut,10000,100,46,0.591293472898,0.609848566311,0.0185550934131,0.600571019604,100,0.01,0.538935578355,0.600130619214,0.600390277799,0.00533907237473,0.591351940313,0.609810605928,0.606756229446,0.609706660168
exponential,qcut,10000,100,47,0.609848566311,0.628038978147,0.0181904118366,0.618943772229,100,0.01,0.549740164754,0.619814014741,0.620690539755,0.00502468101064,0.609880902933,0.628025615015,0.626343579109,0.627901715382
exponential,qcut,10000,100,48,0.628038978147,0.643965577948,0.0159265998001,0.636002278047,100,0.01,0.62788040922,0.635602746425,0.634885175967,0.00495953343869,0.628050828473,0.643957972237,0.643074072394,0.643910189571
exponential,qcut,10000,100,49,0.643965577948,0.66388285133,0.0199172733829,0.653924214639,100,0.01,0.502076755575,0.653578010469,0.652865736938,0.00594869998377,0.643972598604,0.66374044689,0.662519392743,0.663593508604
exponential,qcut,10000,100,50,0.66388285133,0.682888233307,0.019005381977,0.673385542319,100,0.01,0.526166746455,0.673469387385,0.67255629498,0.00549438676364,0.664019671283,0.682886997104,0.681462562272,0.682612618709
exponential,qcut,10000,100,51,0.682888233307,0.702861331518,0.0199730982102,0.692874782413,100,0.01,0.500673450597,0.694723767595,0.695518450209,0.00536774714901,0.682889469511,0.702307989447,0.701582451187,0.702232300658
exponential,qcut,10000,100,52,0.702861331518,0.72427713635,0.0214158048327,0.713569233934,100,0.01,0.466944860496,0.714318895795,0.714238497484,0.00586324083027,0.703437258979,0.724268306847,0.722863534664,0.724256443375
exponential,qcut,10000,100,53,0.72427713635,0.746583348689,0.0223062123385,0.73543024252,100,0.01,0.448305604207,0.735797512722,0.736278522173,0.00642296161096,0.724286701645,0.746492711207,0.74427725394,0.746356728311
exponential,qcut,10000,100,54,0.746583348689,0.76613144868,0.0195480999907,0.756357398684,100,0.01,0.511558668348,0.755668783776,0.755758599356,0.00561903558791,0.746685556913,0.765767197177,0.763150053012,0.765508826949
exponential,qcut,10000,100,55,0.76613144868,0.789470549853,0.0233391011731,0.777800999266,100,0.01,0.428465514838,0.777554403299,0.775975631093,0.00678851792459,0.76655904827,0.789328676791,0.787025504294,0.789244708258
exponential,qcut,10000,100,56,0.789470549853,0.811743555756,0.0222730059034,0.800607052804,100,0.01,0.448973975195,0.801435385993,0.801621863793,0.00622867782408,0.789643950262,0.811664672778,0.809082951635,0.811370132344
exponential,qcut,10000,100,57,0.811743555756,0.837276523613,0.0255329678567,0.824510039684,100,0.01,0.391650514586,0.823749182103,0.824023684482,0.00740026976594,0.811843952274,0.837178143939,0.834217873478,0.837039411642
exponential,qcut,10000,100,58,0.837276523613,0.857619704462,0.0203431808495,0.847448114038,100,0.01,0.491565211654,0.847503558978,0.846789280021,0.00566609067935,0.837406933879,0.857563289784,0.855898254964,0.857426758073
exponential,qcut,10000,100,59,0.857619704462,0.880999762118,0.0233800576555,0.86930973329,100,0.01,0.427714941826,0.870379265213,0.871152467097,0.00666915922066,0.857697610447,0.880989419469,0.879121054963,0.880597172234
exponential,qcut,10000,100,60,0.880999762118,0.906570859546,0.0255710974277,0.893785310832,100,0.01,0.39106651673,0.89225733203,0.893050203013,0.00751809653883,0.881014645442,0.906451416998,0.902044698772,0.905959998824
exponential,qcut,10000,100,61,0.906570859546,0.932908007393,0.0263371478476,0.919739433469,100,0.01,0.379691835193,0.919368012967,0.919114996094,0.00773042011825,0.906750023367,0.932789800722,0.929910979714,0.932141490297
exponential,qcut,10000,100,62,0.932908007393,0.955714992143,0.0228069847503,0.944311499768,100,0.01,0.438462168914,0.943690555066,0.943220507089,0.00705950171553,0.93309289475,0.955682261061,0.953763583736,0.955646702082
exponential,qcut,10000,100,63,0.955714992143,0.98138243136,0.0256674392163,0.968548711752,100,0.01,0.389598662949,0.969052621156,0.969725778002,0.00768417977841,0.955768395489,0.981320592385,0.978758234675,0.980587633372
exponential,qcut,10000,100,64,0.98138243136,1.01212793602,0.0307455046557,0.996755183688,100,0.01,0.325250800466,0.99563088885,0.99440402717,0.00907658887882,0.981487724749,1.01171782097,1.00878769292,1.01098851067
exponential,qcut,10000,100,65,1.01212793602,1.04112507015,0.0289971341356,1.02662650308,100,0.01,0.34486166644,1.02747112794,1.02780771044,0.00836207876592,1.01285702942,1.04108855721,1.03845992062,1.04064081196
exponential,qcut,10000,100,66,1.04112507015,1.0689161371,0.0277910669487,1.05502060363,100,0.01,0.359827854701,1.05489387773,1.054539348,0.00758313191656,1.0411928799,1.06882052147,1.06576234576,1.0687514768
exponential,qcut,10000,100,67,1.0689161371,1.09882441283,0.0299082757325,1.08387027497,100,0.01,0.33435561747,1.08315723752,1.08399065389,0.00878337895694,1.06910174391,1.09880376628,1.09533826947,1.09845501941
exponential,qcut,10000,100,68,1.09882441283,1.12942863559,0.0306042227587,1.11412652421,100,0.01,0.326752294245,1.11310772718,1.11137129605,0.00908568539864,1.0988663316,1.12941606913,1.12661333071,1.12882449173
exponential,qcut,10000,100,69,1.12942863559,1.15855585964,0.0291272240487,1.14399224762,100,0.01,0.34332142271,1.14381219772,1.14352984911,0.00827129227223,1.12945533933,1.15845611536,1.15647435185,1.15844640376
exponential,qcut,10000,100,70,1.15855585964,1.19070030688,0.0321444472442,1.17462808326,100,0.01,0.311095721262,1.1727251366,1.17091815379,0.00955481547859,1.15877787111,1.19068289529,1.18696788297,1.19059799357
exponential,qcut,10000,100,71,1.19070030688,1.22619619571,0.0354958888284,1.2084482513,100,0.01,0.281722766496,1.20777592264,1.20873648526,0.0102251762729,1.19074093394,1.22579277944,1.22297214931,1.2255466836
exponential,qcut,10000,100,72,1.22619619571,1.26589046399,0.0396942682766,1.24604332985,100,0.01,0.251925540743,1.24619913588,1.24588749621,0.010846692281,1.22718387004,1.26570759341,1.26171915763,1.26542290441
exponential,qcut,10000,100,73,1.26589046399,1.30051132557,0.0346208615768,1.28320089478,100,0.01,0.288843187158,1.28320011213,1.28401754031,0.00928255175965,1.26636070262,1.30039019733,1.29558337487,1.30010518049
exponential,qcut,10000,100,74,1.30051132557,1.33786977446,0.0373584488896,1.31919055001,100,0.01,0.267677066292,1.31796451314,1.31673380441,0.0106057086739,1.30083882042,1.33778320942,1.33453208044,1.33771392407
exponential,qcut,10000,100,75,1.33786977446,1.37365481187,0.0357850374154,1.35576229316,100,0.01,0.279446403365,1.35550072722,1.35689195113,0.0108413575976,1.33811615186,1.373512542,1.36939230045,1.37331476479
exponential,qcut,10000,100,76,1.37365481187,1.42001238077,0.0463575689037,1.39683359632,100,0.01,0.215714504373,1.39441034503,1.39330605273,0.0130603658368,1.3740816215,1.4199385223,1.41406701719,1.41927521563
exponential,qcut,10000,100,77,1.42001238077,1.46542952788,0.0454171471042,1.44272095433,100,0.01,0.220181157065,1.44358574007,1.44289238762,0.0132051029605,1.42024626594,1.4653307707,1.46243876345,1.4647371526
exponential,qcut,10000,100,78,1.46542952788,1.50912121898,0.0436916910984,1.48727537343,100,0.01,0.228876469384,1.48530944476,1.48338296047,0.0116822776374,1.46576014973,1.5090841401,1.5031720678,1.50789602042
exponential,qcut,10000,100,79,1.50912121898,1.54838551753,0.0392642985565,1.52875336826,100,0.01,0.254684289995,1.52823715672,1.52987871399,0.0108707901986,1.50925268043,1.54836476322,1.54176306121,1.54784398349
exponential,qcut,10000,100,80,1.54838551753,1.59197360472,0.0435880871896,1.57017956113,100,0.01,0.229420482631,1.5667759249,1.56541130119,0.0134229789108,1.54846359328,1.5918935026,1.58669367468,1.59149265973
exponential,qcut,10000,100,81,1.59197360472,1.64687756958,0.0549039648575,1.61942558715,100,0.01,0.182136208668,1.61903634644,1.61914981062,0.0163228145203,1.59229401321,1.64685518039,1.64142554081,1.6466043853
exponential,qcut,10000,100,82,1.64687756958,1.70486615878,0.0579885891975,1.67587186418,100,0.01,0.172447720118,1.67477575739,1.67550778499,0.0171999001217,1.64697301823,1.70478478697,1.69963724152,1.70416379824
exponential,qcut,10000,100,83,1.70486615878,1.76345879191,0.0585926331305,1.73416247534,100,0.01,0.170669919847,1.73340423247,1.73113588223,0.0170921380174,1.70523685258,1.76342818013,1.75812270808,1.76296494107
exponential,qcut,10000,100,84,1.76345879191,1.83315365743,0.0696948655254,1.79830622467,100,0.01,0.14348259265,1.79845699825,1.80042746903,0.020748325436,1.76360824943,1.83313414638,1.82704026661,1.83312464302
exponential,qcut,10000,100,85,1.83315365743,1.88365262406,0.0504989666229,1.85840314075,100,0.01,0.198023854125,1.85659515366,1.85781303929,0.0148008378062,1.83325609047,1.88358866196,1.87545984207,1.88309668885
exponential,qcut,10000,100,86,1.88365262406,1.94149224718,0.0578396231225,1.91257243562,100,0.01,0.172891859596,1.91358219212,1.91525851558,0.0177494377575,1.88401507596,1.94142314632,1.93601990524,1.93994318499
exponential,qcut,10000,100,87,1.94149224718,2.01127087843,0.0697786312473,1.9763815628,100,0.01,0.143310349046,1.97750112832,1.9773914474,0.0191342688471,1.94191672389,2.01096783352,2.00456505239,2.0108071996
exponential,qcut,10000,100,88,2.01127087843,2.09230478688,0.0810339084562,2.05178783265,100,0.01,0.123405129908,2.04715202478,2.04638326122,0.0225154133395,2.01329894821,2.0920314702,2.083470767,2.09140605177
exponential,qcut,10000,100,89,2.09230478688,2.1896833698,0.0973785829181,2.14099407834,100,0.01,0.102691985243,2.14243974293,2.14152458249,0.0301800985154,2.0943091092,2.18962553511,2.18502607098,2.18926291712
exponential,qcut,10000,100,90,2.1896833698,2.27508138055,0.0853980107505,2.23238237518,100,0.01,0.117098746354,2.22970960112,2.2243328978,0.025743725842,2.19015130501,2.27507698088,2.26789292049,2.2748092138
exponential,qcut,10000,100,91,2.27508138055,2.37651762256,0.101436242012,2.32579950156,100,0.01,0.0985840938272,2.32698946345,2.32747483218,0.0282134481799,2.27512097759,2.37645838452,2.36464711051,2.37616474489
exponential,qcut,10000,100,92,2.37651762256,2.50787698191,0.131359359351,2.44219730224,100,0.01,0.0761270460623,2.44444836779,2.43669247524,0.0388098933785,2.37711658497,2.50778747409,2.49902762772,2.507615709
exponential,qcut,10000,100,93,2.50787698191,2.65068275712,0.142805775206,2.57927986952,100,0.01,0.0700251792029,2.57898294538,2.57365782546,0.043402097625,2.50890632191,2.65047775611,2.63937675173,2.6498863748
exponential,qcut,10000,100,94,2.65068275712,2.7891066756,0.138423918482,2.71989471636,100,0.01,0.0722418503221,2.73416765836,2.74558333668,0.0405292904626,2.65340634202,2.78896458495,2.7816619441,2.78845449926
exponential,qcut,10000,100,95,2.7891066756,2.97093342955,0.181826753944,2.88002005257,100,0.01,0.0549974070542,2.88609632187,2.88749655192,0.0527637471082,2.79133276242,2.97088902626,2.95439047141,2.96934835357
exponential,qcut,10000,100,96,2.97093342955,3.17274386313,0.201810433586,3.07183864634,100,0.01,0.0495514519358,3.071555411,3.07865392258,0.058383563385,2.97177709204,3.17241600876,3.15058719664,3.17043119251
exponential,qcut,10000,100,97,3.17274386313,3.51347945157,0.340735588435,3.34311165735,100,0.01,0.0293482698591,3.34831593451,3.35249404338,0.0948965824172,3.18061236796,3.51345594121,3.47241887943,3.51201505031
exponential,qcut,10000,100,98,3.51347945157,3.86960774939,0.356128297819,3.69154360048,100,0.01,0.0280797680534,3.6739444062,3.66556994391,0.104204809244,3.51423961972,3.86951651798,3.83044204483,3.86791745831
exponential,qcut,10000,100,99,3.86960774939,4.69301455951,0.823406810124,4.28131115445,100,0.01,0.0121446651607,4.18550526745,4.16450380926,0.215466349724,3.87407808841,4.69292483581,4.47093474066,4.6659237029
exponential,qcut,10000,100,100,4.69301455951,8.64981062471,3.9567960652,6.67141259211,100,0.01,0.00252729729691,5.66535663521,5.40537479481,0.845348265856,4.7018972057,8.64981062471,6.85780412922,8.31263443941
exponential,log_binning,10000,100,1,3.59675929985e-06,4.1660293709e-06,5.69270071049e-07,3.88139433538e-06,1,0.0001,175.663547208,3.59675929985e-06,3.59675929985e-06,,3.59675929985e-06,3.59675929985e-06,3.59675929985e-06,3.59675929985e-06
exponential,log_binning,10000,100,2,4.1660293709e-06,4.82539955341e-06,6.59370182504e-07,4.49571446215e-06,,0,0,,,,,,,
exponential,log_binning,10000,100,3,4.82539955341e-06,5.58913026697e-06,7.63730713568e-07,5.20726491019e-06,,0,0,,,,,,,
exponential,log_binning,10000,100,4,5.58913026697e-06,6.47373897135e-06,8.84608704373e-07,6.03143461916e-06,,0,0,,,,,,,
exponential,log_binning,10000,100,5,6.47373897135e-06,7.49835739503e-06,1.02461842368e-06,6.98604818319e-06,,0,0,,,,,,,
exponential,log_binning,10000,100,6,7.49835739503e-06,8.68514530358e-06,1.18678790855e-06,8.0917513493e-06,,0,0,,,,,,,
exponential,log_binning,10000,100,7,8.68514530358e-06,1.00597697563e-05,1.3746244527e-06,9.37245752992e-06,,0,0,,,,,,,
exponential,log_binning,10000,100,8,1.00597697563e-05,1.16519602162e-05,1.59219045993e-06,1.08558649862e-05,,0,0,,,,,,,
exponential,log_binning,10000,100,9,1.16519602162e-05,1.34961515193e-05,1.8441913031e-06,1.25740558678e-05,,0,0,,,,,,,
exponential,log_binning,10000,100,10,1.34961515193e-05,1.56322286081e-05,2.13607708878e-06,1.45641900637e-05,,0,0,,,,,,,
exponential,log_binning,10000,100,11,1.56322286081e-05,1.81063891366e-05,2.47416052855e-06,1.68693088724e-05,,0,0,,,,,,,
exponential,log_binning,10000,100,12,1.81063891366e-05,2.09721426027e-05,2.8657534661e-06,1.95392658697e-05,,0,0,,,,,,,
exponential,log_binning,10000,100,13,2.09721426027e-05,2.42914676157e-05,3.31932501294e-06,2.26318051092e-05,,0,0,,,,,,,
exponential,log_binning,10000,100,14,2.42914676157e-05,2.81361523284e-05,3.84468471272e-06,2.6213809972e-05,,0,0,,,,,,,
exponential,log_binning,10000,100,15,2.81361523284e-05,3.25893470239e-05,4.45319469549e-06,3.03627496761e-05,,0,0,,,,,,,
exponential,log_binning,10000,100,16,3.25893470239e-05,3.77473624342e-05,5.15801541029e-06,3.5168354729e-05,,0,0,,,,,,,
exponential,log_binning,10000,100,17,3.77473624342e-05,4.37217526848e-05,5.97439025061e-06,4.07345575595e-05,,0,0,,,,,,,
exponential,log_binning,10000,100,18,4.37217526848e-05,5.06417279131e-05,6.91997522834e-06,4.71817402989e-05,,0,0,,,,,,,
exponential,log_binning,10000,100,19,5.06417279131e-05,5.86569487394e-05,8.01522082624e-06,5.46493383262e-05,1,0.0001,12.4762626218,5.69063512528e-05,5.69063512528e-05,,5.69063512528e-05,5.69063512528e-05,5.69063512528e-05,5.69063512528e-05
exponential,log_binning,10000,100,20,5.86569487394e-05,6.79407630268e-05,9.28381428742e-06,6.32988558831e-05,,0,0,,,,,,,
exponential,log_binning,10000,100,21,6.79407630268e-05,7.8693954934e-05,1.07531919072e-05,7.33173589804e-05,,0,0,,,,,,,
exponential,log_binning,10000,100,22,7.8693954934e-05,9.11490873412e-05,1.24551324072e-05,8.49215211376e-05,1,0.0001,8.02881870146,8.54652406586e-05,8.54652406586e-05,,8.54652406586e-05,8.54652406586e-05,8.54652406586e-05,8.54652406586e-05
exponential,log_binning,10000,100,23,9.11490873412e-05,0.000105575531565,1.44264442241e-05,9.83623094532e-05,,0,0,,,,,,,
exponential,log_binning,10000,100,24,0.000105575531565,0.000122285293144,1.67097615783e-05,0.000113930412354,,0,0,,,,,,,
exponential,log_binning,10000,100,25,0.000122285293144,0.000141639759682,1.93544665385e-05,0.000131962526413,,0,0,,,,,,,
exponential,log_binning,10000,100,26,0.000141639759682,0.000164057516706,2.24177570239e-05,0.000152848638194,,0,0,,,,,,,
exponential,log_binning,10000,100,27,0.000164057516706,0.000190023400549,2.59658838431e-05,0.000177040458628,1,0.0001,3.8512072458,0.000177922726371,0.000177922726371,,0.000177922726371,0.000177922726371,0.000177922726371,0.000177922726371
exponential,log_binning,10000,100,28,0.000190023400549,0.000220098984071,3.00755835221e-05,0.00020506119231,,0,0,,,,,,,
exponential,log_binning,10000,100,29,0.000220098984071,0.000254934721983,3.48357379114e-05,0.000237516853027,,0,0,,,,,,,
exponential,log_binning,10000,100,30,0.000254934721983,0.000295284018446,4.03492964631e-05,0.000275109370214,,0,0,,,,,,,
exponential,log_binning,10000,100,31,0.000295284018446,0.000342019521199,4.67355027531e-05,0.000318651769822,,0,0,,,,,,,
exponential,log_binning,10000,100,32,0.000342019521199,0.000396151994601,5.41324734021e-05,0.0003690857579,,0,0,,,,,,,
exponential,log_binning,10000,100,33,0.000396151994601,0.000458852179771,6.270018517e-05,0.000427502087186,,0,0,,,,,,,
exponential,log_binning,10000,100,34,0.000458852179771,0.000531476114598,7.26239348266e-05,0.000495164147184,,0,0,,,,,,,
exponential,log_binning,10000,100,35,0.000531476114598,0.000615594461224,8.41183466268e-05,0.000573535287911,1,0.0001,1.1888013021,0.00059908812636,0.00059908812636,,0.00059908812636,0.00059908812636,0.00059908812636,0.00059908812636
exponential,log_binning,10000,100,36,0.000615594461224,0.000713026475286,9.74320140614e-05,0.000664310468255,1,0.0001,1.02635669562,0.000627614332347,0.000627614332347,,0.000627614332347,0.000627614332347,0.000627614332347,0.000627614332347
exponential,log_binning,10000,100,37,0.000713026475286,0.000825879351558,0.000112852876272,0.000769452913422,,0,0,,,,,,,
exponential,log_binning,10000,100,38,0.000825879351558,0.000956593796964,0.000130714445406,0.000891236574261,,0,0,,,,,,,
exponential,log_binning,10000,100,39,0.000956593796964,0.00110799681656,0.000151403019597,0.00103229530676,1,0.0001,0.660488808386,0.00105881225161,0.00105881225161,,0.00105881225161,0.00105881225161,0.00105881225161,0.00105881225161
exponential,log_binning,10000,100,40,0.00110799681656,0.00128336285413,0.000175366037564,0.00119567983534,3,0.0003,1.71070752449,0.00118884675488,0.0012225768501,6.46268184138e-05,0.00111433332338,0.00122963009117,0.00122821944295,0.00122948902635
exponential,log_binning,10000,100,41,0.00128336285413,0.00148648460964,0.000203121755515,0.00138492373188,2,0.0002,0.984631111981,0.00137793078559,0.00137793078559,3.27781901676e-05,0.00135475310505,0.00140110846614,0.00139647293003,0.00140064491253
exponential,log_binning,10000,100,42,0.00148648460964,0.00172175506529,0.000235270455651,0.00160411983747,,0,0,,,,,,,
exponential,log_binning,10000,100,43,0.00172175506529,0.00199426249396,0.00027250742867,0.00185800877963,3,0.0003,1.10088741971,0.00195049208244,0.00197028355653,4.21432688731e-05,0.00190209597818,0.00197909671263,0.00197733408141,0.00197892044951
exponential,log_binning,10000,100,44,0.00199426249396,0.00230990050501,0.000315638011049,0.00215208149949,1,0.0001,0.316818622914,0.00208433461352,0.00208433461352,,0.00208433461352,0.00208433461352,0.00208433461352,0.00208433461352
exponential,log_binning,10000,100,45,0.00230990050501,0.00267549550734,0.000365595002328,0.00249269800617,5,0.0005,1.3676335749,0.0025829182961,0.00261196820203,8.47448894251e-05,0.00243654709819,0.00265431804559,0.0026398905227,0.0026528752933
exponential,log_binning,10000,100,46,0.00267549550734,0.00309895434642,0.000423458839077,0.00288722492688,7,0.0007,1.65305322597,0.00288091030552,0.00280431523737,0.000150205167668,0.0027196860963,0.00308267049214,0.00306020401488,0.00308042384441
exponential,log_binning,10000,100,47,0.00309895434642,0.00358943530827,0.000490480961858,0.00334419482734,4,0.0004,0.815526047097,0.00327305616519,0.00326015861112,0.000103659923467,0.00317026565372,0.00340164178481,0.00337389881407,0.00339886748774
exponential,log_binning,10000,100,48,0.00358943530827,0.00415754618882,0.000568110880551,0.00387349074855,3,0.0003,0.528065929153,0.00375603425839,0.00374594606631,2.28933610384e-05,0.00373991760622,0.00378223910265,0.00377498049538,0.00378151324192
exponential,log_binning,10000,100,49,0.00415754618882,0.00481557371221,0.000658027523387,0.00448655995052,3,0.0003,0.455907981562,0.00440860147075,0.00437209629751,0.000200440595558,0.00422892234795,0.00462478576679,0.00457424787293,0.0046197319774
exponential,log_binning,10000,100,50,0.00481557371221,0.00557774925991,0.000762175547696,0.00519666148606,3,0.0003,0.393610108468,0.00498412088867,0.00503251085577,0.00014258319766,0.00482364026182,0.00509621154841,0.00508347140988,0.00509493753456
exponential,log_binning,10000,100,51,0.00557774925991,0.00646055665756,0.000882807397652,0.00601915295873,10,0.001,1.13274990973,0.00599230893354,0.00595589179593,0.000211600610092,0.00573485582631,0.00641251118846,0.00623341936094,0.00639460200571
exponential,log_binning,10000,100,52,0.00646055665756,0.00748308867621,0.00102253201865,0.00697182266688,7,0.0007,0.684575140176,0.00699322087242,0.00689703283824,0.000338927763994,0.00653933576664,0.00739738347247,0.00737377940511,0.00739502306574
exponential,log_binning,10000,100,53,0.00748308867621,0.00866745995803,0.00118437128182,0.00807527431712,16,0.0016,1.3509277239,0.00810109611297,0.00798663767045,0.000360588011012,0.00753947941407,0.00865429817965,0.00856368431657,0.00864622653873
exponential,log_binning,10000,100,54,0.00866745995803,0.0100392852971,0.00137182533908,0.00935337262757,14,0.0014,1.02053808172,0.00927678773501,0.00931301575318,0.000301531446452,0.00886066971762,0.00992422566999,0.00951443317877,0.00987124090974
exponential,log_binning,10000,100,55,0.0100392852971,0.0116282336192,0.00158894832206,0.0108337594581,16,0.0016,1.00695534133,0.0108399313681,0.0108545214869,0.000512543984529,0.0101059050468,0.0115105160004,0.0114174247511,0.0115002000538
exponential,log_binning,10000,100,56,0.0116282336192,0.0134686696414,0.00184043602218,0.0125484516303,17,0.0017,0.923694156988,0.0125226671103,0.0123576249503,0.000554601459725,0.0117808295832,0.0133860399498,0.0133302907619,0.0133778722322
exponential,log_binning,10000,100,57,0.0134686696414,0.0156003970895,0.00213172744809,0.0145345333654,15,0.0015,0.703654682189,0.014422144765,0.0142880407886,0.000450585386863,0.0135121292119,0.0151832747382,0.0149824844307,0.0151613487539
exponential,log_binning,10000,100,58,0.0156003970895,0.0180695195464,0.00246912245695,0.0168349583179,18,0.0018,0.729003940219,0.0167749068477,0.0168337464171,0.000714136941402,0.0156011623822,0.0179427190669,0.0176199136929,0.0178909605335
exponential,log_binning,10000,100,59,0.0180695195464,0.0209294375499,0.00285991800353,0.0194994785482,25,0.0025,0.874150936116,0.0195154612065,0.0197452476532,0.000842552634485,0.018092706473,0.0207188502306,0.02046135349,0.0206863996546
exponential,log_binning,10000,100,60,0.0209294375499,0.0242420035038,0.0033125659539,0.0225857205269,34,0.0034,1.02639465819,0.0228593135269,0.0232370241342,0.000924031284669,0.0210707511711,0.0241260666141,0.0238103637026,0.0241196500151
exponential,log_binning,10000,100,61,0.0242420035038,0.0280788593806,0.00383685587678,0.0261604314422,34,0.0034,0.886142224047,0.026314751217,0.026543504452,0.00116582397767,0.0243072428339,0.0279406321614,0.0277631040745,0.0279172123358
exponential,log_binning,10000,100,62,0.0280788593806,0.0325229861464,0.00444412676579,0.0303009227635,33,0.0033,0.742553075984,0.0301767150722,0.0300741666607,0.00148336307129,0.0280924078815,0.0323198040441,0.0319425186582,0.0322613114779
exponential,log_binning,10000,100,63,0.0325229861464,0.0376704984181,0.00514751227169,0.0350967422823,54,0.0054,1.04905043737,0.0348870519528,0.0345284852259,0.00163930542074,0.03255671259,0.0376385491223,0.0370990751492,0.0375305749206
exponential,log_binning,10000,100,64,0.0376704984181,0.0436327231663,0.00596222474821,0.0406516107922,62,0.0062,1.03988028996,0.0407379522565,0.0410221882148,0.00176543233992,0.0377218921657,0.043618625386,0.0428429516559,0.0434780939262
exponential,log_binning,10000,100,65,0.0436327231663,0.0505386074211,0.00690588425475,0.0470856652937,74,0.0074,1.07154996044,0.0468616181076,0.0467111411953,0.00199985117729,0.043648329659,0.0504618635083,0.0493900612571,0.0504237774732
exponential,log_binning,10000,100,66,0.0505386074211,0.0585375070523,0.00799889963126,0.0545380572367,78,0.0078,0.975134125889,0.0542894179445,0.0541136429074,0.00245439085159,0.0506042580943,0.0584907389797,0.0580592079498,0.0583827044588
exponential,log_binning,10000,100,67,0.0585375070523,0.0678024169394,0.0092649098871,0.0631699619959,95,0.0095,1.02537424711,0.0633653868313,0.0633275524507,0.00250161463317,0.0586091613316,0.0677015914178,0.0667269443847,0.0675419642983
exponential,log_binning,10000,100,68,0.0678024169394,0.0785337123892,0.0107312954498,0.0731680646643,97,0.0097,0.903898326666,0.0732081293533,0.0734500353838,0.00305991491334,0.0678117205312,0.0783683387909,0.0772672263249,0.078067062966
exponential,log_binning,10000,100,69,0.0785337123892,0.0909634827198,0.0124297703306,0.0847485975545,124,0.0124,0.997604917083,0.0847050894553,0.0842368923542,0.00349195358771,0.0787640368468,0.0909008246419,0.0896716105223,0.0907062391319
exponential,log_binning,10000,100,70,0.0909634827198,0.105360550734,0.0143970680142,0.0981620167269,139,0.0139,0.965474358131,0.0981441457943,0.0978400887849,0.00425192307552,0.0909797246738,0.105162245087,0.104147844304,0.105130633127
exponential,log_binning,10000,100,71,0.105360550734,0.12203628664,0.0166757359061,0.113698418687,147,0.0147,0.881520316871,0.113235541484,0.11340676113,0.00472079010972,0.105417320358,0.12197640367,0.119430328157,0.121859920945
exponential,log_binning,10000,100,72,0.12203628664,0.141351342159,0.0193150555193,0.1316938144,154,0.0154,0.797305500086,0.131717356552,0.132427863253,0.00569377919679,0.122040419935,0.141266265478,0.139412352913,0.141048625958
exponential,log_binning,10000,100,73,0.141351342159,0.163723450462,0.0223721083024,0.152537396311,200,0.02,0.893970283429,0.152945757006,0.153202059956,0.00673582457206,0.141408075514,0.163419547965,0.161852399493,0.163230099039
exponential,log_binning,10000,100,74,0.163723450462,0.189636460621,0.0259130101591,0.176679955541,230,0.023,0.887585033881,0.17601739927,0.175118318041,0.00754077639832,0.163726917436,0.18960003987,0.186924432828,0.189519572845
exponential,log_binning,10000,100,75,0.189636460621,0.21965080198,0.0300143413588,0.2046436313,265,0.0265,0.88291126176,0.205115193305,0.205412727855,0.00834962208623,0.189695980169,0.219615325722,0.216259689844,0.219283621562
exponential,log_binning,10000,100,76,0.21965080198,0.254415604744,0.034764802764,0.237033203362,262,0.0262,0.753635801642,0.236922918757,0.236817051319,0.0100535931125,0.219651492918,0.25430433395,0.250925001955,0.254075980424
exponential,log_binning,10000,100,77,0.254415604744,0.294682738937,0.0402671341934,0.27454917184,319,0.0319,0.792209344891,0.274413986242,0.274877647696,0.0111142252208,0.254716941953,0.294519477087,0.288369501791,0.29407610814
exponential,log_binning,10000,100,78,0.294682738937,0.341323075347,0.0466403364102,0.318002907142,315,0.0315,0.675381063356,0.317508180972,0.316821726109,0.0133185092847,0.294703013265,0.341262667847,0.336592623239,0.340868737011
exponential,log_binning,10000,100,79,0.341323075347,0.395345320139,0.0540222447918,0.368334197743,379,0.0379,0.701562849639,0.368761519976,0.36977820466,0.0152376310635,0.341388321681,0.395319345532,0.389820405568,0.394723463425
exponential,log_binning,10000,100,80,0.395345320139,0.45791783048,0.0625725103411,0.42663157531,427,0.0427,0.68240829347,0.42482658104,0.423172511953,0.0185751930981,0.395349079292,0.457610710114,0.451113493789,0.457115956704
exponential,log_binning,10000,100,81,0.45791783048,0.530393882993,0.0724760525129,0.494155856737,461,0.0461,0.63607217007,0.493838119007,0.493791625933,0.0210192272799,0.457917840458,0.530224328014,0.523033711256,0.529416436006
exponential,log_binning,10000,100,82,0.530393882993,0.614340941521,0.0839470585279,0.572367412257,457,0.0457,0.544390724361,0.571568143842,0.571779517345,0.023965079252,0.530659129823,0.614279490325,0.604176744396,0.613538232495
exponential,log_binning,10000,100,83,0.614340941521,0.711574557193,0.0972336156725,0.662957749357,515,0.0515,0.529652215891,0.660480725772,0.658845902834,0.0283222635785,0.614359405181,0.711519345081,0.700174759619,0.710735753159
exponential,log_binning,10000,100,84,0.711574557193,0.824197633958,0.112623076764,0.767886095576,517,0.0517,0.459053343998,0.766165626702,0.763555901382,0.0325614144082,0.711815004535,0.824178658666,0.811486163424,0.823071480997
exponential,log_binning,10000,100,85,0.824197633958,0.954645908787,0.130448274829,0.889421771373,541,0.0541,0.414723767492,0.887913208261,0.884283291678,0.0374490087675,0.824918071391,0.954468916726,0.94000669147,0.952951407088
exponential,log_binning,10000,100,86,0.954645908787,1.10574063018,0.151094721391,1.03019326948,534,0.0534,0.353420685437,1.02869985529,1.02960753139,0.04437326165,0.954745014058,1.10565871786,1.08984023127,1.10444226456
exponential,log_binning,10000,100,87,1.10574063018,1.28074957424,0.17500894406,1.19324510221,518,0.0518,0.295984872535,1.18873291549,1.18606984652,0.0509162297797,1.10607197077,1.28024443521,1.26323866722,1.27957247896
exponential,log_binning,10000,100,88,1.28074957424,1.48345771797,0.202708143732,1.3821036461,507,0.0507,0.250113286357,1.37805259,1.37307231797,0.0604333942343,1.28110997521,1.48339734705,1.46550252231,1.48216987206
exponential,log_binning,10000,100,89,1.48345771797,1.71824909824,0.234791380269,1.6008534081,474,0.0474,0.20188134652,1.5926886044,1.5862500857,0.0671872440845,1.48383791383,1.71816841912,1.6909538029,1.71607117527
exponential,log_binning,10000,100,90,1.71824909824,1.9902016268,0.271952528565,1.85422536252,447,0.0447,0.164366921815,1.85486274811,1.85649459646,0.077643840297,1.71874223038,1.98950465191,1.96495384233,1.98704361571
exponential,log_binning,10000,100,91,1.9902016268,2.30519691201,0.314995285211,2.14769926941,355,0.0355,0.112700099547,2.14037079588,2.14138677719,0.0925637589787,1.9917136914,2.30438880046,2.27007767119,2.30276173552
exponential,log_binning,10000,100,92,2.30519691201,2.67004746233,0.36485055031,2.48762218717,283,0.0283,0.0775660060699,2.47276642565,2.46919354499,0.106722147876,2.3059514522,2.66847983379,2.63073617492,2.66580266473
exponential,log_binning,10000,100,93,2.67004746233,3.09264402269,0.422596560366,2.88134574251,252,0.0252,0.0596313419545,2.87125986395,2.86982207343,0.120539154807,2.67192908236,3.09182517026,3.04389003542,3.09055318322
exponential,log_binning,10000,100,94,3.09264402269,3.58212623036,0.489482207664,3.33738512652,162,0.0162,0.0330961978727,3.32657878674,3.33203314194,0.148486934457,3.09444180964,3.5810884533,3.53510846928,3.57452172122
exponential,log_binning,10000,100,95,3.58212623036,4.14908028084,0.566954050483,3.8656032556,124,0.0124,0.0218712609769,3.82530901372,3.81281715524,0.16335626039,3.5823873617,4.14035514102,4.08486580239,4.13673202004
exponential,log_binning,10000,100,96,4.14908028084,4.80576787913,0.656687598294,4.47742407999,62,0.0062,0.00944132341787,4.42383346848,4.3978810052,0.204042356927,4.14924242065,4.80575165404,4.76388876537,4.80364672864
exponential,log_binning,10000,100,97,4.80576787913,5.5663914277,0.760623548568,5.18607965342,47,0.0047,0.00617914079684,5.1411257138,5.11544784615,0.214212656297,4.80663770225,5.54283332501,5.4387288102,5.53399689521
exponential,log_binning,10000,100,98,5.5663914277,6.44740118659,0.881009758887,6.00689630714,30,0.003,0.00340518361998,6.06159773371,6.03837635221,0.211869389386,5.59918171911,6.43415542148,6.3459071776,6.42579442163
exponential,log_binning,10000,100,99,6.44740118659,7.4678510487,1.02044986211,6.95762611764,9,0.0009,0.000881963958661,6.92893922718,6.99639108477,0.232463962282,6.56263811076,7.22019951432,7.20355853178,7.21853541607
exponential,log_binning,10000,100,100,7.4678510487,8.64981062471,1.18195957601,8.0588308367,4,0.0004,0.000338421049347,8.23973879479,8.28926693609,0.379944448487,7.73061068227,8.64981062471,8.5476360231,8.63959316455
lognormal,cut,10000,25,1,0.000884676338686,1.04931654462,1.04843186828,0.525100610479,5240,0.524,0.499794040847,0.543233362499,0.528520437695,0.263633474027,0.0264561853211,1.04927930311,0.924931574574,1.03784768112
lognormal,cut,10000,25,2,1.04931654462,2.07217690392,1.0228603593,1.56074672427,2454,0.2454,0.239915446688,1.48507957648,1.44203616719,0.291245200463,1.04933426909,2.07151888222,1.92598151786,2.05851534677
lognormal,cut,10000,25,3,2.07217690392,3.09503726321,1.0228603593,2.58360708357,1047,0.1047,0.102360013318,2.51067232656,2.48402192688,0.289529061967,2.07269165415,3.0946642356,2.92900829655,3.06559450468
lognormal,cut,10000,25,4,3.09503726321,4.11789762251,1.0228603593,3.60646744286,503,0.0503,0.0491758230171,3.55982055536,3.56495180565,0.290567155726,3.09650761387,4.11704254956,3.97896999536,4.10648461963
lognormal,cut,10000,25,5,4.11789762251,5.14075798181,1.0228603593,4.62932780216,262,0.0262,0.0256144445934,4.57638170104,4.53118447103,0.2974682377,4.11905244985,5.13865503493,5.00462714658,5.1287049433
lognormal,cut,10000,25,6,5.14075798181,6.16361834111,1.0228603593,5.65218816146,148,0.0148,0.0144692282436,5.62223066196,5.64506264264,0.28966847919,5.1465614779,6.16234485698,6.05129571482,6.15812327366
lognormal,cut,10000,25,7,6.16361834111,7.1864787004,1.0228603593,6.67504852076,106,0.0106,0.0103630959042,6.66983826202,6.66332742077,0.309180332194,6.16775423766,7.15781138064,7.08728268384,7.15513736041
lognormal,cut,10000,25,8,7.1864787004,8.2093390597,1.0228603593,7.69790888005,65,0.0065,0.0063547286205,7.67937864172,7.66009458737,0.300788512012,7.19329118534,8.20588022355,8.08727629981,8.1875748193
lognormal,cut,10000,25,9,8.2093390597,9.232199419,1.0228603593,8.72076923935,40,0.004,0.003910602228,8.75975580573,8.76363978549,0.300076699756,8.22507854866,9.2297808977,9.14697094417,9.22922105812
lognormal,cut,10000,25,10,9.232199419,10.2550597783,1.0228603593,9.74362959865,27,0.0027,0.0026396565039,9.71277987371,9.71348180472,0.3052784363,9.23419184765,10.2135503855,10.1479777533,10.2026122106
lognormal,cut,10000,25,11,10.2550597783,11.2779201376,1.0228603593,10.7664899579,20,0.002,0.001955301114,10.8470233544,10.9152944659,0.286973962424,10.3011168166,11.2594149761,11.0973439797,11.2465544168
lognormal,cut,10000,25,12,11.2779201376,12.3007804969,1.0228603593,11.7893503172,17,0.0017,0.0016620059469,11.7712271875,11.6251401955,0.335418799321,11.3607465221,12.2598538006,12.2114963669,12.2574254432
lognormal,cut,10000,25,13,12.3007804969,13.3236408562,1.0228603593,12.8122106765,11,0.0011,0.0010754156127,12.7514850183,12.7995592568,0.263253504163,12.3876747516,13.1794008345,13.1219141791,13.173652169
lognormal,cut,10000,25,14,13.3236408562,14.3465012155,1.0228603593,13.8350710358,10,0.001,0.000977650556999,13.8743358261,13.911990048,0.243202167126,13.4779408142,14.2597093873,14.0844799502,14.2421864436
lognormal,cut,10000,25,15,14.3465012155,15.3693615748,1.0228603593,14.8579313951,7,0.0007,0.0006843553899,14.7030775283,14.6853552298,0.312155451387,14.4036172129,15.1869644078,15.1028328939,15.1785512564
lognormal,cut,10000,25,16,15.3693615748,16.3922219341,1.0228603593,15.8807917544,5,0.0005,0.0004888252785,15.7627016047,15.5578814201,0.377531973357,15.4555687285,16.2247226174,16.1823029274,16.2204806484
lognormal,cut,10000,25,17,16.3922219341,17.4150822934,1.0228603593,16.9036521137,11,0.0011,0.0010754156127,16.7351708811,16.7002778004,0.225158507358,16.4241421355,17.0577562808,16.9789380007,17.0498744527
lognormal,cut,10000,25,18,17.4150822934,18.4379426527,1.0228603593,17.926512473,5,0.0005,0.0004888252785,17.9133545961,17.8485691124,0.350785621838,17.4385035671,18.376159702,18.2666577061,18.3652095024
lognormal,cut,10000,25,19,18.4379426527,19.460803012,1.0228603593,18.9493728323,5,0.0005,0.0004888252785,18.9181435337,19.0876128956,0.357242441174,18.4856416994,19.2771156698,19.2279162543,19.2721957282
lognormal,cut,10000,25,20,19.460803012,20.4836633713,1.0228603593,19.9722331916,1,0.0001,9.77650556999e-05,19.5479474161,19.5479474161,,19.5479474161,19.5479474161,19.5479474161,19.5479474161
lognormal,cut,10000,25,21,20.4836633713,21.5065237306,1.0228603593,20.9950935509,4,0.0004,0.0003910602228,21.2105824799,21.2373509148,0.189757734698,20.9550844316,21.4125436586,21.3648386312,21.4077731558
lognormal,cut,10000,25,22,21.5065237306,22.5293840899,1.0228603593,22.0179539102,4,0.0004,0.0003910602228,22.1322975229,22.2124065466,0.415563127757,21.5792282595,22.5251487388,22.4763388494,22.5202677498
lognormal,cut,10000,25,23,22.5293840899,23.5522444492,1.0228603593,23.0408142695,2,0.0002,0.0001955301114,22.8798237494,22.8798237494,0.0675693019654,22.8320450378,22.927602461,22.9180467187,22.9266468868
lognormal,cut,10000,25,24,23.5522444492,24.5751048085,1.0228603593,24.0636746288,1,0.0001,9.77650556999e-05,24.4805301095,24.4805301095,,24.4805301095,24.4805301095,24.4805301095,24.4805301095
lognormal,cut,10000,25,25,24.5751048085,25.5979651678,1.0228603593,25.0865349881,5,0.0005,0.0004888252785,25.1355977757,25.017661282,0.322997002511,24.7673783732,25.5979651678,25.4833485633,25.5865035073
lognormal,qcut,10000,25,1,0.0264561853211,0.172392307041,0.14593612172,0.0994242461812,400,0.04,0.274092524377,0.123373020878,0.131331446342,0.0351169883297,0.0264561853211,0.172280195029,0.163596905778,0.171507783864
lognormal,qcut,10000,25,2,0.172392307041,0.245610133549,0.073217826508,0.209001220295,400,0.04,0.546315042494,0.20900600832,0.208690702272,0.0208854997203,0.172396978375,0.245463495262,0.237213534137,0.245203733349
lognormal,qcut,10000,25,3,0.245610133549,0.305960040493,0.0603499069442,0.275785087021,400,0.04,0.662801353397,0.27602656536,0.277865857101,0.01753702198,0.245622884705,0.305879393941,0.300179103261,0.3052558001
lognormal,qcut,10000,25,4,0.305960040493,0.370043467679,0.0640834271861,0.338001754086,400,0.04,0.62418634203,0.337748756199,0.338025845329,0.017786420704,0.30597103775,0.369989434613,0.361700472751,0.368875352289
lognormal,qcut,10000,25,5,0.370043467679,0.432938439738,0.0628949720589,0.401490953709,400,0.04,0.635980885126,0.400281309947,0.400200765896,0.0183675494057,0.370053759692,0.43282976275,0.426934500646,0.432481975349
lognormal,qcut,10000,25,6,0.432938439738,0.493263205821,0.0603247660824,0.46310082278,400,0.04,0.663077581525,0.461805054498,0.461469737801,0.017222056741,0.432965608986,0.4931210189,0.486622583296,0.492838470712
lognormal,qcut,10000,25,7,0.493263205821,0.559318593081,0.0660553872605,0.526290899451,400,0.04,0.60555242591,0.52562728148,0.525319145273,0.0188849677171,0.493308106954,0.558745417078,0.552314129508,0.558229477361
lognormal,qcut,10000,25,8,0.559318593081,0.61855308875,0.0592344956685,0.588935840916,400,0.04,0.6752821907,0.590006767679,0.590272091566,0.0168429420683,0.55954149486,0.618478001275,0.612379427405,0.617466473322
lognormal,qcut,10000,25,9,0.61855308875,0.694975927888,0.0764228391387,0.656764508319,400,0.04,0.523403742269,0.655755820549,0.653626025845,0.0224527933357,0.618588424032,0.694848939089,0.687967411957,0.694495309119
lognormal,qcut,10000,25,10,0.694975927888,0.768031642985,0.073055715097,0.731503785437,400,0.04,0.5475273214,0.730937746303,0.730205086885,0.0212232592455,0.695047359088,0.767924921255,0.760670483499,0.767358390366
lognormal,qcut,10000,25,11,0.768031642985,0.85190495956,0.0838733165747,0.809968301273,400,0.04,0.476909720917,0.810034104373,0.811450750986,0.0244741319542,0.768102790806,0.851774924072,0.843461698024,0.850998954513
lognormal,qcut,10000,25,12,0.85190495956,0.944040870145,0.0921359105853,0.897972914853,400,0.04,0.434141256605,0.89857347517,0.89837047565,0.0263544686101,0.852007130301,0.944008130196,0.934507288585,0.942994944626
lognormal,qcut,10000,25,13,0.944040870145,1.04029143203,0.0962505618885,0.99216615109,400,0.04,0.415581989499,0.992682052846,0.993583953035,0.0284459246428,0.944071091637,1.0402611002,1.03189203685,1.03948762228
lognormal,qcut,10000,25,14,1.04029143203,1.15829652788,0.118005095846,1.09929397996,400,0.04,0.338968412452,1.09786944601,1.09425282793,0.0353650212071,1.04032429152,1.15825882733,1.14850775347,1.15715290375
lognormal,qcut,10000,25,15,1.15829652788,1.2728178935,0.114521365618,1.21555721069,400,0.04,0.349279802804,1.21586640242,1.21503084942,0.0319427572057,1.1583445104,1.27257997997,1.26047301404,1.27147726574
lognormal,qcut,10000,25,16,1.2728178935,1.41229217032,0.139474276823,1.34255503191,400,0.04,0.286791234277,1.33902838353,1.33737693298,0.038385351838,1.27317476378,1.41216739443,1.39354130235,1.41068932524
lognormal,qcut,10000,25,17,1.41229217032,1.58785560483,0.175563434507,1.50007388757,400,0.04,0.227837875879,1.50298140885,1.50460270525,0.0501721107849,1.41251399413,1.58772850088,1.56911672089,1.5845838866
lognormal,qcut,10000,25,18,1.58785560483,1.78197796915,0.194122364321,1.68491678699,400,0.04,0.206055598693,1.6824525888,1.67853233362,0.0534087267057,1.58812570072,1.78171207666,1.75940097613,1.78105919498
lognormal,qcut,10000,25,19,1.78197796915,2.01197064902,0.229992679871,1.89697430908,400,0.04,0.173918578724,1.89707789318,1.89804885277,0.0663262492784,1.78266169269,2.01193910473,1.98709028916,2.00989384179
lognormal,qcut,10000,25,20,2.01197064902,2.28418308628,0.272212437258,2.14807686765,400,0.04,0.14694405738,2.14419982415,2.14508489324,0.0777240394919,2.01207053926,2.28417079218,2.25073264245,2.28357822982
lognormal,qcut,10000,25,21,2.28418308628,2.67062714185,0.386444055568,2.47740511406,400,0.04,0.103507867242,2.46827909903,2.46840078795,0.111334163709,2.28423226265,2.67053654401,2.61800082179,2.66773711135
lognormal,qcut,10000,25,22,2.67062714185,3.18973644144,0.519109299598,2.93018179164,400,0.04,0.0770550634153,2.90305456991,2.88252322499,0.146257463519,2.67110278046,3.18957787559,3.11892276443,3.18371021287
lognormal,qcut,10000,25,23,3.18973644144,3.98940877325,0.799672331809,3.58957260735,400,0.04,0.0500204876534,3.56672104869,3.57832969354,0.230677024677,3.19089925766,3.98910351612,3.87760635107,3.98271114033
lognormal,qcut,10000,25,24,3.98940877325,5.72052905103,1.73112027778,4.85496891214,400,0.04,0.0231064245006,4.72250267909,4.6320080428,0.500468950436,3.99291923026,5.72051481519,5.48094275295,5.68508795599
lognormal,qcut,10000,25,25,5.72052905103,25.5979651678,19.8774361167,15.6592471094,400,0.04,0.00201233196098,9.43553305049,7.79433559257,4.21423200475,5.72087071123,25.5979651678,15.6139606173,24.7695401935
lognormal,log_binning,10000,25,1,0.0264561853211,0.0348300704473,0.00837388512622,0.0306431278842,3,0.0003,0.0358256646082,0.0285917894956,0.0280315594515,0.00246395870773,0.0264561853211,0.0312876237143,0.0306364108617,0.031222502429
lognormal,log_binning,10000,25,2,0.0348300704473,0.045854449258,0.0110243788106,0.0403422598527,6,0.0006,0.0544248352045,0.0398168341641,0.0397010249958,0.00294874091212,0.0365531031084,0.0432160429259,0.0431686957007,0.0432113082034
lognormal,log_binning,10000,25,3,0.045854449258,0.0603682533439,0.014513804086,0.053111351301,18,0.0018,0.124019863389,0.0536817044899,0.054853172042,0.00450657120848,0.0465093742647,0.0599178167885,0.0593276124203,0.0598320231921
lognormal,log_binning,10000,25,4,0.0603682533439,0.0794759520781,0.0191076987342,0.069922102711,31,0.0031,0.162238270716,0.0725849617764,0.0740302429344,0.00504018508264,0.0613655232,0.0791257379922,0.0783975343418,0.0789787923667
lognormal,log_binning,10000,25,5,0.0794759520781,0.104631600367,0.0251556482887,0.0920537762225,53,0.0053,0.210688269257,0.0919814138527,0.0921282704406,0.00747933465853,0.0799427066506,0.104448197648,0.102329261965,0.104417121301
lognormal,log_binning,10000,25,6,0.104631600367,0.13774948911,0.0331178887436,0.121190544739,120,0.012,0.362341938307,0.122247927009,0.122776347268,0.00975732789211,0.104719742736,0.137574280759,0.13538811741,0.137352698621
lognormal,log_binning,10000,25,7,0.13774948911,0.181349818637,0.0436003295262,0.159549653874,214,0.0214,0.490821978471,0.159836564156,0.158739490289,0.0120186563255,0.137833442117,0.181203226649,0.176225218045,0.180864016679
lognormal,log_binning,10000,25,8,0.181349818637,0.238750480542,0.0574006619054,0.210050149589,321,0.0321,0.559227000778,0.210028334735,0.209562120097,0.0165563833547,0.181587296051,0.238735218254,0.232977655218,0.238023258465
lognormal,log_binning,10000,25,9,0.238750480542,0.314319542129,0.075569061587,0.276535011335,486,0.0486,0.643120332308,0.277339035589,0.278671478232,0.021381796994,0.239000871496,0.314238638366,0.306603516737,0.312863000821
lognormal,log_binning,10000,25,10,0.314319542129,0.413807646962,0.0994881048332,0.364063594546,639,0.0639,0.642287840412,0.36438116631,0.364081382984,0.028393735816,0.314357840339,0.413517697681,0.404032018742,0.412515837069
lognormal,log_binning,10000,25,11,0.413807646962,0.544785626514,0.130977979552,0.479296636738,830,0.083,0.633694307119,0.478997872189,0.476735985027,0.0372762780717,0.414284065904,0.544448764569,0.530673835309,0.54329821466
lognormal,log_binning,10000,25,12,0.544785626514,0.717220624208,0.172434997694,0.631003125361,1008,0.1008,0.584568105941,0.628036920668,0.623518060782,0.0493036289007,0.544814172327,0.717103051972,0.700120955728,0.714974602606
lognormal,log_binning,10000,25,13,0.717220624208,0.944234573664,0.227013949456,0.830727598936,1074,0.1074,0.473098680753,0.826384596865,0.823955395032,0.0662400559338,0.717628912252,0.944194441098,0.920056221906,0.942014241154
lognormal,log_binning,10000,25,14,0.944234573664,1.24310274971,0.298868176046,1.09366866169,1103,0.1103,0.369059032846,1.08928111066,1.08368023056,0.0886066918422,0.944630547033,1.24275327299,1.21288621176,1.24067757222
lognormal,log_binning,10000,25,15,1.24310274971,1.63656837976,0.393465630052,1.43983556474,988,0.0988,0.251101983131,1.42384333751,1.41234069428,0.114645492882,1.24314034395,1.63578001261,1.58439205101,1.62967482995
lognormal,log_binning,10000,25,16,1.63656837976,2.15457335467,0.518004974904,1.89557086721,923,0.0923,0.178183616899,1.87661686066,1.87409013547,0.15176721035,1.63676029996,2.15452292399,2.0886795437,2.15037429743
lognormal,log_binning,10000,25,17,2.15457335467,2.8365367424,0.68196338773,2.49555504853,741,0.0741,0.108656859493,2.46782324979,2.4498576905,0.202401818035,2.15544696544,2.83588924004,2.76057831867,2.82903644937
lognormal,log_binning,10000,25,18,2.8365367424,3.73435449461,0.897817752213,3.2854456185,530,0.053,0.0590320250066,3.24684200264,3.21803024626,0.268572284566,2.83728766008,3.73321049189,3.63870763294,3.72852831021
lognormal,log_binning,10000,25,19,3.73435449461,4.9163486173,1.18199412269,4.32535155596,365,0.0365,0.0308800181822,4.22730575647,4.19072574637,0.329272361086,3.73925921181,4.91550618824,4.72226073228,4.88346097383
lognormal,log_binning,10000,25,20,4.9163486173,6.47246632898,1.55611771168,5.69440747314,234,0.0234,0.0150374228276,5.58039299268,5.57513369102,0.448783344838,4.92049949097,6.47219132812,6.22182282974,6.43111600783
lognormal,log_binning,10000,25,21,6.47246632898,8.52112485115,2.04865852217,7.49679559007,147,0.0147,0.00717542715925,7.30204043395,7.19329118534,0.546647001528,6.47471431967,8.48028110014,8.09674259371,8.37104376134
lognormal,log_binning,10000,25,22,8.52112485115,11.218222705,2.69709785381,9.86967377806,77,0.0077,0.00285492051729,9.65268139127,9.44901016716,0.810184978413,8.52613378482,11.1917278217,10.9570726733,11.1120259107
lognormal,log_binning,10000,25,23,11.218222705,14.7690032545,3.55078054948,12.9936129797,44,0.0044,0.00123916416086,12.7969955386,12.5769398718,1.07994157407,11.2594149761,14.724189509,14.3604448652,14.7074907689
lognormal,log_binning,10000,25,24,14.7690032545,19.4436732864,4.67467003199,17.1063382704,28,0.0028,0.000598972757614,17.0461281425,16.8570697783,1.21892441282,15.046745218,19.2771156698,18.7366450597,19.2439060643
lognormal,log_binning,10000,25,25,19.4436732864,25.5979651678,6.15429188132,22.5208192271,17,0.0017,0.000276229992464,22.8728019949,22.5251487388,1.82917379494,19.5479474161,25.5979651678,25.1351662319,25.552118526
lognormal,cut,10000,50,1,0.000884676338686,0.53788636497,0.537001688631,0.269385520654,2678,0.2678,0.498694893647,0.323608093297,0.329159062225,0.127801644042,0.0264561853211,0.537804634005,0.495246747358,0.532754498517
lognormal,cut,10000,50,2,0.53788636497,1.04931654462,0.511430179649,0.793601454794,2562,0.2562,0.500948145407,0.77280263296,0.760566520799,0.148141359755,0.538446004279,1.04927930311,0.988919729825,1.04378598757
lognormal,cut,10000,50,3,1.04931654462,1.56074672427,0.511430179649,1.30503163444,1489,0.1489,0.291144335874,1.28198728236,1.2692994814,0.1429723934,1.04933426909,1.56013235781,1.49665490182,1.55364023208
lognormal,cut,10000,50,4,1.56074672427,2.07217690392,0.511430179649,1.81646181409,965,0.0965,0.188686557501,1.79845203862,1.78856436139,0.149255090717,1.5609471729,2.07151888222,2.01074600002,2.06509792157
lognormal,cut,10000,50,5,2.07217690392,2.58360708357,0.511430179649,2.32789199374,620,0.062,0.121228669068,2.30230434578,2.28656744296,0.146029920788,2.07269165415,2.58311936134,2.51234338042,2.57580827334
lognormal,cut,10000,50,6,2.58360708357,3.09503726321,0.511430179649,2.83932217339,427,0.0427,0.0834913575678,2.81322068272,2.80664723209,0.141078801496,2.58412864822,3.0946642356,3.01429815772,3.08519437917
lognormal,cut,10000,50,7,3.09503726321,3.60646744286,0.511430179649,3.35075235304,276,0.0276,0.0539663107464,3.33348652726,3.32283816071,0.150249958384,3.09650761387,3.60418491949,3.56013660123,3.60219263246
lognormal,cut,10000,50,8,3.60646744286,4.11789762251,0.511430179649,3.86218253269,227,0.0227,0.0443853352878,3.83501082741,3.81934489807,0.146433101657,3.60785643771,4.11704254956,4.04717339842,4.11257300108
lognormal,cut,10000,50,9,4.11789762251,4.62932780216,0.511430179649,4.37361271234,155,0.0155,0.030307167267,4.36181421247,4.34918233668,0.144811944936,4.11905244985,4.62915965126,4.55600706491,4.62777622986
lognormal,cut,10000,50,10,4.62932780216,5.14075798181,0.511430179649,4.88504289199,107,0.0107,0.0209217219198,4.88720376392,4.91550618824,0.150231174407,4.63196886149,5.13865503493,5.0963123037,5.1349958538
lognormal,cut,10000,50,11,5.14075798181,5.65218816146,0.511430179649,5.39647307163,75,0.0075,0.014664758355,5.38224503839,5.35471544767,0.147543021179,5.1465614779,5.65125614684,5.58585239435,5.64208976063
lognormal,cut,10000,50,12,5.65218816146,6.16361834111,0.511430179649,5.90790325128,73,0.0073,0.0142736981322,5.86879123412,5.83152653947,0.16525409682,5.65358600014,6.16234485698,6.10657610315,6.16090870613
lognormal,cut,10000,50,13,6.16361834111,6.67504852076,0.511430179649,6.41933343093,55,0.0055,0.010754156127,6.41017455441,6.39901423476,0.161386301576,6.16775423766,6.67459124969,6.63983947387,6.6689500308
lognormal,cut,10000,50,14,6.67504852076,7.1864787004,0.511430179649,6.93076361058,51,0.0051,0.00997203568139,6.9498677506,6.93620476684,0.13587645893,6.67744613576,7.15781138064,7.10783396627,7.15665393597
lognormal,cut,10000,50,15,7.1864787004,7.69790888005,0.511430179649,7.44219379023,36,0.0036,0.0070390840104,7.44938741817,7.45712671244,0.161799883587,7.19329118534,7.69202272086,7.65718061916,7.6850846453
lognormal,cut,10000,50,16,7.69790888005,8.2093390597,0.511430179649,7.95362396988,29,0.0029,0.0056703732306,7.9648849882,7.98711148062,0.147101709766,7.70562811917,8.20588022355,8.13326706907,8.19787160919
lognormal,cut,10000,50,17,8.2093390597,8.72076923935,0.511430179649,8.46505414953,19,0.0019,0.0037150721166,8.49035849634,8.52613378482,0.15965984615,8.22507854866,8.70148640586,8.67592714228,8.70148639196
lognormal,cut,10000,50,18,8.72076923935,9.232199419,0.511430179649,8.97648432918,21,0.0021,0.0041061323394,9.00349622851,8.98238478105,0.146019115826,8.74783913961,9.2297808977,9.18407463734,9.22949380048
lognormal,cut,10000,50,19,9.232199419,9.74362959865,0.511430179649,9.48791450882,16,0.0016,0.0031284817824,9.50007550225,9.47011031033,0.175679133907,9.23419184765,9.73856661949,9.72532896307,9.73835804477
lognormal,cut,10000,50,20,9.74362959865,10.2550597783,0.511430179649,9.99934468847,11,0.0011,0.0021508312254,10.0221680504,9.96017324028,0.135387875136,9.87119611769,10.2135503855,10.1714804821,10.2093433952
lognormal,cut,10000,50,21,10.2550597783,10.7664899579,0.511430179649,10.5107748681,5,0.0005,0.000977650556999,10.4088463607,10.3930989792,0.108823465187,10.3011168166,10.5620687501,10.5252899264,10.5583908678
lognormal,cut,10000,50,22,10.7664899579,11.2779201376,0.511430179649,11.0222050478,15,0.0015,0.002932951671,10.9930823524,10.9943584926,0.130209448952,10.7965653341,11.2594149761,11.1497794475,11.2499387745
lognormal,cut,10000,50,23,11.2779201376,11.7893503172,0.511430179649,11.5336352274,9,0.0009,0.0017597710026,11.4784804326,11.4692155513,0.0782773935796,11.3607465221,11.6251401955,11.5791386673,11.6205400427
lognormal,cut,10000,50,24,11.7893503172,12.3007804969,0.511430179649,12.0450654071,8,0.0008,0.0015642408912,12.1005672868,12.0921823529,0.126518412825,11.9115069255,12.2598538006,12.2492297369,12.2587913942
lognormal,cut,10000,50,25,12.3007804969,12.8122106765,0.511430179649,12.5564955867,6,0.0006,0.0011731806684,12.5563181458,12.5262445926,0.138750613878,12.3876747516,12.7995592568,12.6999286712,12.7895961983
lognormal,cut,10000,50,26,12.8122106765,13.3236408562,0.511430179649,13.0679257664,5,0.0005,0.000977650556999,12.9856852652,12.9054912721,0.153277512583,12.8491221098,13.1794008345,13.1564061723,13.1771013683
lognormal,cut,10000,50,27,13.3236408562,13.8350710358,0.511430179649,13.579355946,4,0.0004,0.0007821204456,13.625473767,13.6560430309,0.102457928792,13.4779408142,13.711868192,13.6993310926,13.7106144821
lognormal,cut,10000,50,28,13.8350710358,14.3465012155,0.511430179649,14.0907861257,6,0.0006,0.0011731806684,14.0402438655,14.0463818486,0.132627751418,13.8572727192,14.2597093873,14.1623597,14.2499744185
lognormal,cut,10000,50,29,14.3465012155,14.8579313951,0.511430179649,14.6022163053,5,0.0005,0.000977650556999,14.5375666144,14.4562867941,0.154452944927,14.4036172129,14.724189509,14.7086557973,14.7226361378
lognormal,cut,10000,50,30,14.8579313951,15.3693615748,0.511430179649,15.113646485,2,0.0002,0.0003910602228,15.1168548129,15.1168548129,0.099149939982,15.046745218,15.1869644078,15.1729424888,15.1855622159
lognormal,cut,10000,50,31,15.3693615748,15.8807917544,0.511430179649,15.6250766646,3,0.0003,0.0005865903342,15.4900373379,15.4566618651,0.0587572408656,15.4555687285,15.5578814201,15.5376375091,15.555857029
lognormal,cut,10000,50,32,15.8807917544,16.3922219341,0.511430179649,16.1365068443,2,0.0002,0.0003910602228,16.1716980049,16.1716980049,0.0749881261966,16.1186733923,16.2247226174,16.2141176949,16.2236621251
lognormal,cut,10000,50,33,16.3922219341,16.9036521137,0.511430179649,16.6479370239,8,0.0008,0.0015642408912,16.6344790049,16.6414005995,0.171197751444,16.4241421355,16.8804147398,16.8477317936,16.8771464452
lognormal,cut,10000,50,34,16.9036521137,17.4150822934,0.511430179649,17.1593672036,3,0.0003,0.0005865903342,17.0036825509,16.9789380007,0.0468852951917,16.9743533711,17.0577562808,17.0419926247,17.0561799151
lognormal,cut,10000,50,35,17.4150822934,17.926512473,0.511430179649,17.6707973832,3,0.0003,0.0005865903342,17.696069522,17.8011358864,0.224315945844,17.4385035671,17.8485691124,17.8390824672,17.8476204479
lognormal,cut,10000,50,36,17.926512473,18.4379426527,0.511430179649,18.1822275629,2,0.0002,0.0003910602228,18.2392822072,18.2392822072,0.193574009545,18.1024047124,18.376159702,18.348784203,18.3734221521
lognormal,cut,10000,50,37,18.4379426527,18.9493728323,0.511430179649,18.6936577425,2,0.0002,0.0003910602228,18.5359359861,18.5359359861,0.0711268624503,18.4856416994,18.5862302729,18.5761714155,18.5852243872
lognormal,cut,10000,50,38,18.9493728323,19.460803012,0.511430179649,19.2050879222,3,0.0003,0.0005865903342,19.1729485655,19.154117131,0.0961446438868,19.0876128956,19.2771156698,19.252515962,19.274655699
lognormal,cut,10000,50,39,19.460803012,19.9722331916,0.511430179649,19.7165181018,1,0.0001,0.0001955301114,19.5479474161,19.5479474161,,19.5479474161,19.5479474161,19.5479474161,19.5479474161
lognormal,cut,10000,50,40,19.9722331916,20.4836633713,0.511430179649,20.2279482815,,0,0,,,,,,,
lognormal,cut,10000,50,41,20.4836633713,20.9950935509,0.511430179649,20.7393784611,1,0.0001,0.0001955301114,20.9550844316,20.9550844316,,20.9550844316,20.9550844316,20.9550844316,20.9550844316
lognormal,cut,10000,50,42,20.9950935509,21.5065237306,0.511430179649,21.2508086407,3,0.0003,0.0005865903342,21.295748496,21.2535269008,0.102432880535,21.2211749288,21.4125436586,21.380740307,21.4093633234
lognormal,cut,10000,50,43,21.5065237306,22.0179539102,0.511430179649,21.7622388204,1,0.0001,0.0001955301114,21.5792282595,21.5792282595,,21.5792282595,21.5792282595,21.5792282595,21.5792282595
lognormal,cut,10000,50,44,22.0179539102,22.5293840899,0.511430179649,22.273669,3,0.0003,0.0005865903342,22.316653944,22.3624491075,0.234766542945,22.0623639856,22.5251487388,22.4926088125,22.5218947461
lognormal,cut,10000,50,45,22.5293840899,23.0408142695,0.511430179649,22.7850991797,2,0.0002,0.0003910602228,22.8798237494,22.8798237494,0.0675693019654,22.8320450378,22.927602461,22.9180467187,22.9266468868
lognormal,cut,10000,50,46,23.0408142695,23.5522444492,0.511430179649,23.2965293593,,0,0,,,,,,,
lognormal,cut,10000,50,47,23.5522444492,24.0636746288,0.511430179649,23.807959539,,0,0,,,,,,,
lognormal,cut,10000,50,48,24.0636746288,24.5751048085,0.511430179649,24.3193897186,1,0.0001,0.0001955301114,24.4805301095,24.4805301095,,24.4805301095,24.4805301095,24.4805301095,24.4805301095
lognormal,cut,10000,50,49,24.5751048085,25.0865349881,0.511430179649,24.8308198983,3,0.0003,0.0005865903342,24.9228666847,24.9835603988,0.135732011006,24.7673783732,25.017661282,25.0108411054,25.0169792644
lognormal,cut,10000,50,50,25.0865349881,25.5979651678,0.511430179649,25.3422500779,2,0.0002,0.0003910602228,25.4546944122,25.4546944122,0.202615445576,25.3114236567,25.5979651678,25.5693110167,25.5950997527
lognormal,qcut,10000,50,1,0.0264561853211,0.131402431364,0.104946246042,0.0789293083423,200,0.02,0.190573753271,0.0945865997075,0.0997738897411,0.0259833051646,0.0264561853211,0.13125750361,0.124820862662,0.129473040444
lognormal,qcut,10000,50,2,0.131402431364,0.172392307041,0.0409898756777,0.151897369202,200,0.02,0.487925363747,0.152159442048,0.152799915349,0.011481562684,0.131405389073,0.172280195029,0.167620235419,0.171924408785
lognormal,qcut,10000,50,3,0.172392307041,0.208717961559,0.0363256545182,0.1905551343,200,0.02,0.550575076079,0.191095111428,0.19150069289,0.0106808907792,0.172396978375,0.208659725808,0.205262577709,0.208536826043
lognormal,qcut,10000,50,4,0.208717961559,0.245610133549,0.0368921719898,0.227164047554,200,0.02,0.542120426131,0.226916905213,0.22753521208,0.0107561225281,0.208721678735,0.245463495262,0.241737339299,0.24534468227
lognormal,qcut,10000,50,5,0.245610133549,0.277908891533,0.0322987579837,0.261759512541,200,0.02,0.619218856963,0.260948635825,0.259840559383,0.0093403840758,0.245622884705,0.277812064062,0.273550072732,0.277416595577
lognormal,qcut,10000,50,6,0.277908891533,0.305960040493,0.0280511489604,0.291934466013,200,0.02,0.712983273099,0.291104494896,0.290513679278,0.00851024007565,0.277919650141,0.305879393941,0.303208561963,0.305580509911
lognormal,qcut,10000,50,7,0.305960040493,0.33804869515,0.0320886546569,0.322004367822,200,0.02,0.623273247628,0.322492317829,0.322678091488,0.0094688738858,0.30597103775,0.337994109467,0.335003961996,0.337659798765
lognormal,qcut,10000,50,8,0.33804869515,0.370043467679,0.0319947725292,0.354046081415,200,0.02,0.625102115721,0.353005194569,0.352860273168,0.00876279485609,0.338057581192,0.369989434613,0.366246175249,0.369718325318
lognormal,qcut,10000,50,9,0.370043467679,0.400272016984,0.0302285493046,0.385157742332,200,0.02,0.661626193122,0.384451939189,0.38445337884,0.00845390309733,0.370053759692,0.400089436072,0.396811577954,0.399753464399
lognormal,qcut,10000,50,10,0.400272016984,0.432938439738,0.0326664227543,0.416605228361,200,0.02,0.612249469445,0.416110680706,0.416369100517,0.0100650055776,0.400312095721,0.43282976275,0.42968043153,0.432709614185
lognormal,qcut,10000,50,11,0.432938439738,0.46149090901,0.0285524692713,0.447214674374,200,0.02,0.700464811289,0.447084351012,0.44637344423,0.00854812612519,0.432965608986,0.461431932071,0.459696002581,0.461282670817
lognormal,qcut,10000,50,12,0.46149090901,0.493263205821,0.0317722968111,0.477377057415,200,0.02,0.629479200667,0.476525757985,0.475984189135,0.00927590222952,0.461507543531,0.4931210189,0.490259312509,0.493031607539
lognormal,qcut,10000,50,13,0.493263205821,0.52541209814,0.0321488923191,0.50933765198,200,0.02,0.622105415063,0.509353189582,0.50898951095,0.00922177963314,0.493308106954,0.525125493466,0.522253281831,0.524567790745
lognormal,qcut,10000,50,14,0.52541209814,0.559318593081,0.0339064949414,0.542365345611,200,0.02,0.589857489976,0.541901373378,0.541939402623,0.00988337285055,0.525512797079,0.558745417078,0.555226604222,0.558579587001
lognormal,qcut,10000,50,15,0.559318593081,0.590316027412,0.0309974343311,0.574817310247,200,0.02,0.645214690556,0.575293524042,0.57477030832,0.00868409752799,0.55954149486,0.590162251949,0.587391530121,0.590006840868
lognormal,qcut,10000,50,16,0.590316027412,0.61855308875,0.0282370613373,0.604434558081,200,0.02,0.708289002211,0.604720011315,0.604645346018,0.00763194903187,0.590381931182,0.618478001275,0.615300836268,0.617741636868
lognormal,qcut,10000,50,17,0.61855308875,0.653631209725,0.0350781209753,0.636092149237,200,0.02,0.570155967421,0.636351951689,0.637370256694,0.0104891066365,0.618588424032,0.653609826218,0.650941771873,0.653225153509
lognormal,qcut,10000,50,18,0.653631209725,0.694975927888,0.0413447181634,0.674303568807,200,0.02,0.483737727294,0.675159689408,0.675569177742,0.0119984803406,0.653642225471,0.694848939089,0.691617032146,0.694686017922
lognormal,qcut,10000,50,19,0.694975927888,0.730208720514,0.0352327926256,0.712592324201,200,0.02,0.567652987731,0.712346989135,0.712621905865,0.00976031544994,0.695047359088,0.730189946764,0.725489431376,0.729624612594
lognormal,qcut,10000,50,20,0.730208720514,0.768031642985,0.0378229224714,0.74912018175,200,0.02,0.528779869275,0.749528503472,0.749308856787,0.0106370637324,0.730220227006,0.767924921255,0.764088350813,0.767720632071
lognormal,qcut,10000,50,21,0.768031642985,0.811457766634,0.0434261236481,0.78974470481,200,0.02,0.460552274065,0.7887825494,0.787456385341,0.0122748120989,0.768102790806,0.811406903191,0.806675430244,0.811175145994
lognormal,qcut,10000,50,22,0.811457766634,0.85190495956,0.0404471929265,0.831681363097,200,0.02,0.494471891692,0.831285659346,0.831867122695,0.0119377160686,0.811494598782,0.851774924072,0.84771301011,0.851718203325
lognormal,qcut,10000,50,23,0.85190495956,0.898384880403,0.0464799208432,0.875144919982,200,0.02,0.430293331769,0.87568384016,0.875248913156,0.0130396621517,0.852007130301,0.898190416232,0.893727085925,0.897742036986
lognormal,qcut,10000,50,24,0.898384880403,0.944040870145,0.0456559897421,0.921212875274,200,0.02,0.438058623041,0.92146311018,0.921263324128,0.0130167975923,0.898550535068,0.944008130196,0.938462818521,0.943248297587
lognormal,qcut,10000,50,25,0.944040870145,0.993583953035,0.0495430828896,0.96881241159,200,0.02,0.403689048672,0.967979157323,0.966130678014,0.0143896132626,0.944071091637,0.993541360355,0.988705869428,0.992137994638
lognormal,qcut,10000,50,26,0.993583953035,1.04029143203,0.0467074789989,1.01693769253,200,0.02,0.42819694894,1.01738494837,1.01894049491,0.0137385363793,0.993626545715,1.0402611002,1.03472041364,1.04006474858
lognormal,qcut,10000,50,27,1.04029143203,1.09423094128,0.0539395092508,1.06726118666,200,0.02,0.37078572419,1.06756502087,1.06879425057,0.016698051314,1.04032429152,1.09397924487,1.08971649001,1.09357490579
lognormal,qcut,10000,50,28,1.09423094128,1.15829652788,0.0640655865947,1.12626373458,200,0.02,0.312180080806,1.12817387115,1.12892031086,0.0195674036001,1.09452641099,1.15825882733,1.15385074922,1.15791511923
lognormal,qcut,10000,50,29,1.15829652788,1.21496897378,0.0566724458961,1.18663275083,200,0.02,0.352905184941,1.18846494052,1.18806588258,0.0164126252936,1.1583445104,1.21464412663,1.20933642899,1.21422646668
lognormal,qcut,10000,50,30,1.21496897378,1.2728178935,0.0578489197222,1.24389343364,200,0.02,0.345728150085,1.24326786433,1.24151364487,0.0163464424505,1.21541757221,1.27257997997,1.26701135774,1.27183919022
lognormal,qcut,10000,50,31,1.2728178935,1.33737118721,0.0645532937109,1.30509454035,200,0.02,0.309821526529,1.30656544362,1.30610626987,0.0188002892855,1.27317476378,1.33735299227,1.33254342069,1.3370449587
lognormal,qcut,10000,50,32,1.33737118721,1.41229217032,0.0749209831123,1.37483167876,200,0.02,0.266947911909,1.37149132345,1.37052908199,0.0219669632319,1.33740087369,1.41216739443,1.40387086785,1.4108355358
lognormal,qcut,10000,50,33,1.41229217032,1.50458715639,0.0922949860668,1.45843966335,200,0.02,0.216696495144,1.4602066336,1.46404306626,0.0279269144753,1.41251399413,1.50455411505,1.49665139165,1.50360184666
lognormal,qcut,10000,50,34,1.50458715639,1.58785560483,0.0832684484397,1.54622138061,200,0.02,0.240187014106,1.54575618409,1.54756905445,0.0242789362972,1.50465129546,1.58772850088,1.57677087092,1.58564446517
lognormal,qcut,10000,50,35,1.58785560483,1.67849309954,0.0906374947155,1.63317435219,200,0.02,0.220659232283,1.63706587304,1.63823631551,0.0251761082081,1.58812570072,1.67843424842,1.67044114668,1.67819063701
lognormal,qcut,10000,50,36,1.67849309954,1.78197796915,0.103484869606,1.73023553435,200,0.02,0.193264967876,1.72783930455,1.72764099893,0.0307387523236,1.67863041883,1.78171207666,1.77174172457,1.78127502072
lognormal,qcut,10000,50,37,1.78197796915,1.89777723993,0.115799270783,1.83987760454,200,0.02,0.172712659283,1.83993495732,1.83852837685,0.0339824917683,1.78266169269,1.8974829927,1.88675996648,1.89660507032
lognormal,qcut,10000,50,38,1.89777723993,2.01197064902,0.114193409087,1.95487394448,200,0.02,0.175141456585,1.95422082904,1.95502068346,0.0331992748991,1.89861471284,2.01193910473,2.00090046489,2.0112257945
lognormal,qcut,10000,50,39,2.01197064902,2.14497204469,0.133001395672,2.07847134686,200,0.02,0.150374361855,2.07722096869,2.07632532771,0.0376596993285,2.01207053926,2.14488337797,2.13165852069,2.14317343152
lognormal,qcut,10000,50,40,2.14497204469,2.28418308628,0.139211041586,2.21457756548,200,0.02,0.143666765022,2.21117867961,2.21288065893,0.0409479587881,2.14528640851,2.28417079218,2.26490786161,2.28401522362
lognormal,qcut,10000,50,41,2.28418308628,2.46830055419,0.184117467916,2.37624182024,200,0.02,0.108626303775,2.3724238394,2.3752505277,0.0541775732787,2.28423226265,2.46824417271,2.44651362308,2.4664476423
lognormal,qcut,10000,50,42,2.46830055419,2.67062714185,0.202326587652,2.56946384802,200,0.02,0.0988500830864,2.56413435867,2.56745490688,0.0587270369143,2.46855740319,2.67053654401,2.64310818077,2.66876260361
lognormal,qcut,10000,50,43,2.67062714185,2.88124632329,0.210619181441,2.77593673257,200,0.02,0.0949581128516,2.77844431099,2.7764407758,0.0580236311723,2.67110278046,2.8807497504,2.85639238566,2.88051769965
lognormal,qcut,10000,50,44,2.88124632329,3.18973644144,0.308490118157,3.03549138236,200,0.02,0.0648318984073,3.02766482883,3.02185408645,0.091168813102,2.88429669957,3.18957787559,3.16712032209,3.1853800314
lognormal,qcut,10000,50,45,3.18973644144,3.57812054991,0.388384108472,3.38392849568,200,0.02,0.0514954128239,3.36743197026,3.37217484845,0.115338687856,3.19089925766,3.57806826401,3.53773489182,3.57699204584
lognormal,qcut,10000,50,46,3.57812054991,3.98940877325,0.411288223337,3.78376466158,200,0.02,0.0486276991783,3.76601012713,3.7572673337,0.116433381052,3.57859112307,3.98910351612,3.93383244376,3.98571753031
lognormal,qcut,10000,50,47,3.98940877325,4.63197356325,0.642564789999,4.31069116825,200,0.02,0.0311252659829,4.29574742981,4.2866734312,0.182291278456,3.99291923026,4.63196886149,4.53953527347,4.62910476261
lognormal,qcut,10000,50,48,4.63197356325,5.72052905103,1.08855548778,5.17625130714,200,0.02,0.0183729724616,5.14925792836,5.10663613606,0.32077473683,4.63204722411,5.72051481519,5.64010783929,5.71232114769
lognormal,qcut,10000,50,49,5.72052905103,7.79352519026,2.07299613923,6.75702712065,200,0.02,0.0096478713209,6.63328242093,6.61091404129,0.581186872207,5.72087071123,7.7934914235,7.50370079024,7.71009664679
lognormal,qcut,10000,50,50,7.79352519026,25.5979651678,17.8044399775,16.695745179,200,0.02,0.00112331530929,12.23778368,10.8735634337,4.41438916614,7.79517976165,25.5979651678,18.6363685352,25.0205989058
lognormal,log_binning,10000,50,1,0.0264561853211,0.030355737489,0.0038995521679,0.0284059614051,2,0.0002,0.0512879406118,0.0272438723863,0.0272438723863,0.0011139577305,0.0264561853211,0.0280315594515,0.0278740220385,0.0280158057102
lognormal,log_binning,10000,50,2,0.030355737489,0.0348300704473,0.00447433295832,0.0325929039682,1,0.0001,0.0223497001523,0.0312876237143,0.0312876237143,,0.0312876237143,0.0312876237143,0.0312876237143,0.0312876237143
lognormal,log_binning,10000,50,3,0.0348300704473,0.0399639049391,0.00513383449173,0.0373969876932,4,0.0004,0.0779144712679,0.0381409033958,0.038095051674,0.00180424998574,0.0365531031084,0.0398204071271,0.0397487778483,0.0398132441992
lognormal,log_binning,10000,50,4,0.0399639049391,0.045854449258,0.0058905443189,0.0429091770985,2,0.0002,0.0339527196762,0.0431686957007,0.0431686957007,6.69590880481e-05,0.0431213484755,0.0432160429259,0.0432065734809,0.0432150959814
lognormal,log_binning,10000,50,5,0.045854449258,0.0526132398713,0.00675879061329,0.0492338445646,7,0.0007,0.103568824669,0.0487464540112,0.048267790466,0.00192582469984,0.0465093742647,0.0520105395602,0.0510842184266,0.0519179074469
lognormal,log_binning,10000,50,6,0.0526132398713,0.0603682533439,0.00775501347266,0.0564907466076,11,0.0011,0.141843725208,0.0568223184309,0.0561741320528,0.00209781858419,0.054195486114,0.0599178167885,0.0594131485743,0.0598673499671
lognormal,log_binning,10000,50,7,0.0603682533439,0.0692663295534,0.00889807620949,0.0648172914487,8,0.0008,0.0899070744243,0.0653038907849,0.0657152129862,0.00231447796598,0.0613655232,0.0679604480626,0.0677729625533,0.0679416995117
lognormal,log_binning,10000,50,8,0.0692663295534,0.0794759520781,0.0102096225247,0.0743711408158,23,0.0023,0.225277672552,0.0751175082083,0.0746380240555,0.00263695029674,0.0694218645888,0.0791257379922,0.0784488504103,0.0790179778669
lognormal,log_binning,10000,50,9,0.0794759520781,0.0911904384057,0.0117144863275,0.0853331952419,26,0.0026,0.221947418547,0.0854100870693,0.0856642619897,0.00339695850839,0.0799427066506,0.0907346253867,0.089222519197,0.0905251904717
lognormal,log_binning,10000,50,10,0.0911904384057,0.104631600367,0.0134411619612,0.0979110193863,27,0.0027,0.200875490363,0.0983093581627,0.0988809487193,0.00400250689082,0.0921282704406,0.104448197648,0.103271640761,0.104432659474
lognormal,log_binning,10000,50,11,0.104631600367,0.120053944106,0.0154223437389,0.112342772236,51,0.0051,0.330689037046,0.112477799404,0.112629830133,0.00449672982101,0.104719742736,0.119909547124,0.118047349872,0.119863147725
lognormal,log_binning,10000,50,12,0.120053944106,0.13774948911,0.0176955450047,0.128901716608,69,0.0069,0.38992865143,0.129469325673,0.129431316895,0.00521866127896,0.120258892884,0.137574280759,0.135887818275,0.137463888161
lognormal,log_binning,10000,50,13,0.13774948911,0.158053297553,0.0203038084428,0.147901393332,104,0.0104,0.51221917451,0.14925450406,0.150355108557,0.00575578285266,0.137833442117,0.157888803587,0.15636733923,0.157665862327
lognormal,log_binning,10000,50,14,0.158053297553,0.181349818637,0.0232965210833,0.169701558095,110,0.011,0.472173504389,0.169841420974,0.169789874493,0.00656551134498,0.158304842715,0.181203226649,0.179272928719,0.180978518992
lognormal,log_binning,10000,50,15,0.181349818637,0.208080168074,0.0267303494374,0.194714993355,150,0.015,0.561159891873,0.194900721259,0.196512930331,0.0078049712896,0.181587296051,0.207896312349,0.205262577709,0.207650034902
lognormal,log_binning,10000,50,16,0.208080168074,0.238750480542,0.030670312468,0.223415324308,171,0.0171,0.557542412319,0.223298171116,0.222783181662,0.00914004113044,0.208216994323,0.238735218254,0.235709866694,0.23831640894
lognormal,log_binning,10000,50,17,0.238750480542,0.273941493255,0.0351910127135,0.256345986899,216,0.0216,0.613793077678,0.256764928977,0.255632330396,0.00994176345842,0.239000871496,0.273905234565,0.270910583727,0.273513908884
lognormal,log_binning,10000,50,18,0.273941493255,0.314319542129,0.0403780488735,0.294130517692,270,0.027,0.668680155512,0.293798320879,0.293497047148,0.0115533250127,0.273963836642,0.314238638366,0.310299421769,0.313420294112
lognormal,log_binning,10000,50,19,0.314319542129,0.360649178736,0.0463296366066,0.337484360432,303,0.0303,0.654009014949,0.338380055248,0.338975970795,0.0131526293244,0.314357840339,0.360386427684,0.355953325812,0.359599474093
lognormal,log_binning,10000,50,20,0.360649178736,0.413807646962,0.0531584682266,0.387228412849,336,0.0336,0.632072388857,0.387828596822,0.38772401814,0.0147154668144,0.360883086781,0.413517697681,0.407698509946,0.412654549784
lognormal,log_binning,10000,50,21,0.413807646962,0.474801493476,0.0609938465134,0.444304570219,403,0.0403,0.660722389285,0.445809672331,0.445708592562,0.0170822848901,0.414284065904,0.474780539093,0.468864563737,0.474106212088
lognormal,log_binning,10000,50,22,0.474801493476,0.544785626514,0.0699841330386,0.509793559995,427,0.0427,0.610138300584,0.510320693132,0.510754458694,0.0200809725615,0.475567875407,0.544448764569,0.538061182115,0.543901097615
lognormal,log_binning,10000,50,23,0.544785626514,0.625085183881,0.0802995573674,0.584935405198,513,0.0513,0.638857817924,0.586319582653,0.587042072494,0.0222293593131,0.544814172327,0.624756679248,0.615690221272,0.624129789178
lognormal,log_binning,10000,50,24,0.625085183881,0.717220624208,0.0921354403268,0.671152904045,495,0.0495,0.537252547168,0.671271252793,0.672039804334,0.0276184090363,0.625270953589,0.717103051972,0.708982482157,0.715809967538
lognormal,log_binning,10000,50,25,0.717220624208,0.822936516581,0.105715892373,0.770078570395,530,0.053,0.50134373187,0.768316813214,0.767045681715,0.0304557512945,0.717628912252,0.822848764432,0.812418708233,0.821605625083
lognormal,log_binning,10000,50,26,0.822936516581,0.944234573664,0.121298057083,0.883585545122,544,0.0544,0.44848203927,0.882957989026,0.882318585951,0.0356261203355,0.823077879246,0.944194441098,0.931952947542,0.943231521881
lognormal,log_binning,10000,50,27,0.944234573664,1.08341155379,0.139176980129,1.01382306373,551,0.0551,0.395898804161,1.01207733348,1.01222176823,0.0394828128281,0.944630547033,1.08326238326,1.06872438778,1.08271636827
lognormal,log_binning,10000,50,28,1.08341155379,1.24310274971,0.159691195917,1.16325715175,552,0.0552,0.345667146414,1.16634502594,1.16826673624,0.0472882630278,1.08368023056,1.24275327299,1.2298397337,1.24151111389
lognormal,log_binning,10000,50,29,1.24310274971,1.42633188738,0.183229137675,1.33471731855,526,0.0526,0.287072245536,1.32945756433,1.32816773578,0.0511170998099,1.24314034395,1.42622971741,1.40377061544,1.42461676269
lognormal,log_binning,10000,50,30,1.42633188738,1.63656837976,0.210236492377,1.53145013357,462,0.0462,0.219752524776,1.53130419615,1.52947875523,0.0585407615621,1.42642538455,1.63578001261,1.61438384809,1.6329101637
lognormal,log_binning,10000,50,31,1.63656837976,1.87779301951,0.241224639749,1.75718069964,473,0.0473,0.19608278843,1.74835779822,1.74436985512,0.071625733182,1.63676029996,1.87769092477,1.85249226145,1.87645335552
lognormal,log_binning,10000,50,32,1.87779301951,2.15457335467,0.276780335155,2.01618318709,450,0.045,0.16258380486,2.01143138629,2.00738907907,0.079746961018,1.87782950524,2.15452292399,2.12451813055,2.15232947833
lognormal,log_binning,10000,50,33,2.15457335467,2.47215017438,0.317576819716,2.31336176452,392,0.0392,0.123434701673,2.30202739656,2.29308160242,0.0935627004168,2.15544696544,2.47211545544,2.4386875069,2.47010776867
lognormal,log_binning,10000,50,34,2.47215017438,2.8365367424,0.364386568014,2.65434345839,349,0.0349,0.0957774052711,2.65404667234,2.64726999986,0.107398354263,2.4726805111,2.83588924004,2.80326092225,2.83273317344
lognormal,log_binning,10000,50,35,2.8365367424,3.25463265717,0.41809591477,3.04558469978,288,0.0288,0.0688837153931,3.03336426912,3.02751396606,0.125975516846,2.83728766008,3.25101523561,3.21137809012,3.2447773287
lognormal,log_binning,10000,50,36,3.25463265717,3.73435449461,0.479721837443,3.49449357589,242,0.0242,0.0504459003346,3.50089814832,3.49962355789,0.141977303236,3.254963456,3.73321049189,3.69263386378,3.73263054195
lognormal,log_binning,10000,50,37,3.73435449461,4.28478570714,0.550431212528,4.00957010087,212,0.0212,0.0385152577061,3.98758505356,3.98000432733,0.16487803664,3.73925921181,4.28353164224,4.22306515501,4.27846133278
lognormal,log_binning,10000,50,38,4.28478570714,4.9163486173,0.631562910165,4.60056716222,153,0.0153,0.0242256151426,4.5594677762,4.53339195411,0.17519665136,4.28981522016,4.91550618824,4.80754924358,4.90391903993
lognormal,log_binning,10000,50,39,4.9163486173,5.64100176272,0.72465314542,5.27867519001,127,0.0127,0.0175256259912,5.2276893429,5.21200322599,0.215303493488,4.92049949097,5.63886913845,5.54760410035,5.63355081701
lognormal,log_binning,10000,50,40,5.64100176272,6.47246632898,0.831464566262,6.05673404585,107,0.0107,0.0128688586792,5.9990225583,6.00776168602,0.248320743483,5.65125614684,6.47219132812,6.33566165594,6.46570320874
lognormal,log_binning,10000,50,41,6.47246632898,7.42648595799,0.954019629002,6.94947614348,89,0.0089,0.00932894851368,6.91955606694,6.92563334987,0.258826292951,6.47471431967,7.42310463252,7.25611079961,7.41488154441
lognormal,log_binning,10000,50,42,7.42648595799,8.52112485115,1.09463889317,7.97380540457,58,0.0058,0.00529855099814,7.88895610056,7.88187468885,0.288172876627,7.42680897795,8.48028110014,8.33146817967,8.42063246942
lognormal,log_binning,10000,50,43,8.52112485115,9.77710981206,1.25598496091,9.14911733161,47,0.0047,0.00374208302352,9.09216098852,9.08112483321,0.358819277735,8.52613378482,9.73856661949,9.65119118605,9.73792699037
lognormal,log_binning,10000,50,44,9.77710981206,11.218222705,1.44111289291,10.4976662585,30,0.003,0.0020817244886,10.5308300222,10.5160952204,0.45723536774,9.87119611769,11.1917278217,11.0548587505,11.1613152504
lognormal,log_binning,10000,50,45,11.218222705,12.8717507604,1.65352805547,12.0449867327,25,0.0025,0.00151191870723,11.9822923259,12.0445670635,0.49601137265,11.2594149761,12.8491221098,12.5816115146,12.8372270251
lognormal,log_binning,10000,50,46,12.8717507604,14.7690032545,1.89725249401,13.8203770074,19,0.0019,0.00100144814989,13.86897345,13.9667073768,0.568525845127,12.8724979305,14.724189509,14.5021004812,14.7171993388
lognormal,log_binning,10000,50,47,14.7690032545,16.9459043443,2.17690108984,15.8574537994,15,0.0015,0.000689052895879,16.1415366459,16.4241421355,0.629431488348,15.046745218,16.8804147398,16.7803460102,16.8738781505
lognormal,log_binning,10000,50,48,16.9459043443,19.4436732864,2.49776894215,18.1947888154,13,0.0013,0.000520464474541,18.0898875617,18.1024047124,0.82322893289,16.9743533711,19.2771156698,19.1408162839,19.2623558451
lognormal,log_binning,10000,50,49,19.4436732864,22.3096049163,2.86593162982,20.8766391014,7,0.0007,0.000244248673875,21.1474099401,21.2535269008,0.78590451126,19.5479474161,22.0623639856,21.77248255,22.0333758421
lognormal,log_binning,10000,50,50,22.3096049163,25.5979651678,3.2883602515,23.953785042,10,0.001,0.000304102933839,24.0805764333,24.6239542414,1.26500407593,22.3624491075,25.5979651678,25.3400778078,25.5721764318
lognormal,cut,10000,100,1,0.000884676338686,0.282171275146,0.281286598807,0.141527975742,1045,0.1045,0.37150721166,0.189233361286,0.196698706647,0.0617098801638,0.0264561853211,0.282155368278,0.267654841684,0.281249073034
lognormal,cut,10000,100,2,0.282171275146,0.53788636497,0.255715089824,0.410028820058,1633,0.1633,0.638601343832,0.40959804734,0.408512030412,0.0734501248108,0.282271004381,0.537804634005,0.511888474636,0.534818876985
lognormal,cut,10000,100,3,0.53788636497,0.793601454794,0.255715089824,0.665743909882,1450,0.145,0.56703732306,0.660396346237,0.653952853795,0.0737157819366,0.538446004279,0.793510465169,0.764333575813,0.790201930942
lognormal,cut,10000,100,4,0.793601454794,1.04931654462,0.255715089824,0.921458999707,1112,0.1112,0.434858967753,0.919375578775,0.918154512722,0.0742115335978,0.793705017236,1.04927930311,1.0249340395,1.04740068689
lognormal,cut,10000,100,5,1.04931654462,1.30503163444,0.255715089824,1.17717408953,854,0.0854,0.333965430271,1.17669534587,1.17983956541,0.0727354467495,1.04933426909,1.3049383887,1.27578286445,1.30169060213
lognormal,cut,10000,100,6,1.30503163444,1.56074672427,0.255715089824,1.43288917936,635,0.0635,0.248323241478,1.42359250087,1.41624904578,0.0764222882569,1.3050521814,1.56013235781,1.5301941456,1.55844976241
lognormal,cut,10000,100,7,1.56074672427,1.81646181409,0.255715089824,1.68860426918,529,0.0529,0.206870857861,1.68026278567,1.67638166309,0.0725347351488,1.5609471729,1.81512221423,1.78494103886,1.81230796971
lognormal,cut,10000,100,8,1.81646181409,2.07217690392,0.255715089824,1.944319359,436,0.0436,0.170502257141,1.94185138451,1.94218613133,0.073376290122,1.8169962441,2.07151888222,2.04732530808,2.06682610805
lognormal,cut,10000,100,9,2.07217690392,2.32789199374,0.255715089824,2.20003444883,364,0.0364,0.142345921099,2.19599814511,2.19207547079,0.0737231789102,2.07269165415,2.32697941672,2.29963234397,2.32282397384
lognormal,cut,10000,100,10,2.32789199374,2.58360708357,0.255715089824,2.45574953865,256,0.0256,0.100111417037,2.45345847486,2.44920633701,0.0704195735367,2.32948181445,2.58311936134,2.54847708658,2.57910719805
lognormal,cut,10000,100,11,2.58360708357,2.83932217339,0.255715089824,2.71146462848,247,0.0247,0.0965918750315,2.71121012549,2.72193158814,0.076831573845,2.58412864822,2.83898298714,2.81096633957,2.83664438686
lognormal,cut,10000,100,12,2.83932217339,3.09503726321,0.255715089824,2.9671797183,180,0.018,0.070390840104,2.95320183626,2.94710159916,0.0720507548125,2.84064545454,3.0946642356,3.0540009748,3.0933609133
lognormal,cut,10000,100,13,3.09503726321,3.35075235304,0.255715089824,3.22289480813,153,0.0153,0.0598322140884,3.21607389039,3.21197620829,0.0713428030553,3.09650761387,3.34741293237,3.32192472862,3.34398116722
lognormal,cut,10000,100,14,3.35075235304,3.60646744286,0.255715089824,3.47860989795,123,0.0123,0.0481004074044,3.47953639264,3.46750927783,0.0758349306238,3.35076171232,3.60418491949,3.58785298289,3.60343439203
lognormal,cut,10000,100,15,3.60646744286,3.86218253269,0.255715089824,3.73432498778,139,0.0139,0.0543573709692,3.73473229116,3.73316541895,0.0753000346797,3.60785643771,3.8609169477,3.8403345374,3.85792784018
lognormal,cut,10000,100,16,3.86218253269,4.11789762251,0.255715089824,3.9900400776,88,0.0088,0.0344132996064,3.99340533354,3.99101137319,0.0725556688394,3.86330693352,4.11704254956,4.08702162748,4.11578892682
lognormal,cut,10000,100,17,4.11789762251,4.37361271234,0.255715089824,4.24575516742,83,0.0083,0.0324579984924,4.2442621,4.25396241538,0.0702076826609,4.11905244985,4.36156746501,4.33473930784,4.36128535927
lognormal,cut,10000,100,18,4.37361271234,4.62932780216,0.255715089824,4.50147025725,72,0.0072,0.0281563360416,4.49732567546,4.50154622636,0.0708273111892,4.37422760206,4.62915965126,4.60591468015,4.62912028667
lognormal,cut,10000,100,19,4.62932780216,4.88504289199,0.255715089824,4.75718534707,50,0.005,0.01955301114,4.74834250048,4.74352428924,0.0741994706794,4.63196886149,4.87968016103,4.85645983318,4.8796220785
lognormal,cut,10000,100,20,4.88504289199,5.14075798181,0.255715089824,5.0129004369,57,0.0057,0.0222904326996,5.00901188974,4.98646374485,0.0747305234092,4.89018241882,5.13865503493,5.1064100915,5.13680251061
lognormal,cut,10000,100,21,5.14075798181,5.39647307163,0.255715089824,5.26861552672,40,0.004,0.015642408912,5.26200029047,5.25025159251,0.0657328655298,5.1465614779,5.364666218,5.35300074585,5.36156735935
lognormal,cut,10000,100,22,5.39647307163,5.65218816146,0.255715089824,5.52433061655,35,0.0035,0.013687107798,5.51966760743,5.51370058981,0.0772818659707,5.39818172675,5.65125614684,5.62563487214,5.64704456398
lognormal,cut,10000,100,23,5.65218816146,5.90790325128,0.255715089824,5.78004570637,45,0.0045,0.017597710026,5.75595890752,5.7385332331,0.0815521391078,5.65358600014,5.90233680656,5.88724974842,5.8993163092
lognormal,cut,10000,100,24,5.90790325128,6.16361834111,0.255715089824,6.0357607962,28,0.0028,0.0109496862384,6.05012890187,6.06302955522,0.0816437855309,5.91104934101,6.16234485698,6.15208988772,6.16180630041
lognormal,cut,10000,100,25,6.16361834111,6.41933343093,0.255715089824,6.29147588602,29,0.0029,0.0113407464612,6.27674892602,6.26410430796,0.0760203525153,6.16775423766,6.41734258863,6.3775879147,6.41221064954
lognormal,cut,10000,100,26,6.41933343093,6.67504852076,0.255715089824,6.54719097584,26,0.0026,0.0101675657928,6.55899544763,6.55505898588,0.0781116566181,6.42062131981,6.67459124969,6.66102741278,6.67197957428
lognormal,cut,10000,100,27,6.67504852076,6.93076361058,0.255715089824,6.80290606567,24,0.0024,0.00938544534719,6.83058626985,6.85506923248,0.0794268869509,6.67744613576,6.92857023274,6.92224446092,6.92789474968
lognormal,cut,10000,100,28,6.93076361058,7.1864787004,0.255715089824,7.05862115549,27,0.0027,0.0105586260156,7.0558957335,7.07224531894,0.0715262703641,6.93491664767,7.15781138064,7.14813053458,7.15720950941
lognormal,cut,10000,100,29,7.1864787004,7.44219379023,0.255715089824,7.31433624532,18,0.0018,0.0070390840104,7.3064519126,7.29003330347,0.0775525400549,7.19329118534,7.42929376438,7.42421593615,7.42887135069
lognormal,cut,10000,100,30,7.44219379023,7.69790888005,0.255715089824,7.57005133514,18,0.0018,0.0070390840104,7.59232292373,7.60891855039,0.0679650543746,7.48495966049,7.69202272086,7.66921942125,7.68865279844
lognormal,cut,10000,100,31,7.69790888005,7.95362396988,0.255715089824,7.82576642497,13,0.0013,0.0050837828964,7.82654567956,7.8084275166,0.082121252265,7.70562811917,7.9374012981,7.93035462421,7.93667644736
lognormal,cut,10000,100,32,7.95362396988,8.2093390597,0.255715089824,8.08148151479,16,0.0016,0.0062569635648,8.07728567647,8.07903635356,0.0702515441912,7.96842807305,8.20588022355,8.16838964248,8.20158989443
lognormal,cut,10000,100,33,8.2093390597,8.46505414953,0.255715089824,8.33719660461,8,0.0008,0.0031284817824,8.3224490881,8.33913030255,0.0536812319124,8.22507854866,8.37563437958,8.36864865617,8.37493580724
lognormal,cut,10000,100,34,8.46505414953,8.72076923935,0.255715089824,8.59291169444,11,0.0011,0.0043016624508,8.61247442961,8.61859896529,0.0700622624079,8.48028110014,8.70148640586,8.70148632862,8.70148639814
lognormal,cut,10000,100,35,8.72076923935,8.97648432918,0.255715089824,8.84862678426,10,0.001,0.003910602228,8.88232905829,8.93106269714,0.0856192073533,8.74783913961,8.96993114836,8.95839192883,8.96877722641
lognormal,cut,10000,100,36,8.97648432918,9.232199419,0.255715089824,9.10434187409,11,0.0011,0.0043016624508,9.11364820145,9.12244306479,0.0895393465245,8.98238478105,9.2297808977,9.22834541161,9.22963734909
lognormal,cut,10000,100,37,9.232199419,9.48791450882,0.255715089824,9.36005696391,8,0.0008,0.0031284817824,9.35026653804,9.36082961337,0.075195141398,9.23419184765,9.44901016716,9.42813684921,9.44692283537
lognormal,cut,10000,100,38,9.48791450882,9.74362959865,0.255715089824,9.61577205374,8,0.0008,0.0031284817824,9.64988446646,9.67598937432,0.0958299045043,9.4912104535,9.73856661949,9.73759327083,9.73846928462
lognormal,cut,10000,100,39,9.74362959865,9.99934468847,0.255715089824,9.87148714356,6,0.0006,0.0023463613368,9.90854178244,9.90092223746,0.037492049827,9.87119611769,9.96017324028,9.95316376405,9.95947229266
lognormal,cut,10000,100,40,9.99934468847,10.2550597783,0.255715089824,10.1272022334,5,0.0005,0.001955301114,10.1585195719,10.1545657542,0.038230349872,10.1094154852,10.2135503855,10.1967224241,10.2118675894
lognormal,cut,10000,100,41,10.2550597783,10.5107748681,0.255715089824,10.3829173232,4,0.0004,0.0015642408912,10.3705407633,10.355462273,0.0775108820626,10.3011168166,10.4701216907,10.4470148772,10.4678110093
lognormal,cut,10000,100,42,10.5107748681,10.7664899579,0.255715089824,10.638632413,1,0.0001,0.0003910602228,10.5620687501,10.5620687501,,10.5620687501,10.5620687501,10.5620687501,10.5620687501
lognormal,cut,10000,100,43,10.7664899579,11.0222050478,0.255715089824,10.8943475029,9,0.0009,0.0035195420052,10.9111512716,10.898171281,0.0758792218491,10.7965653341,11.0070668213,10.9969001583,11.006050155
lognormal,cut,10000,100,44,11.0222050478,11.2779201376,0.255715089824,11.1500625927,6,0.0006,0.0023463613368,11.1159789735,11.0812992523,0.0897395822597,11.0295941066,11.2594149761,11.2255713989,11.2560306184
lognormal,cut,10000,100,45,11.2779201376,11.5336352274,0.255715089824,11.4057776825,7,0.0007,0.0027374215596,11.4447922018,11.4507778727,0.0440005980174,11.3607465221,11.491923332,11.4825556821,11.490986567
lognormal,cut,10000,100,46,11.5336352274,11.7893503172,0.255715089824,11.6614927723,2,0.0002,0.0007821204456,11.5963892404,11.5963892404,0.040659990697,11.5676382852,11.6251401955,11.6193900045,11.6245651764
lognormal,cut,10000,100,47,11.7893503172,12.0450654071,0.255715089824,11.9172078622,3,0.0003,0.0011731806684,11.9754223292,11.9701929985,0.0666840273577,11.9115069255,12.0445670635,12.0296922505,12.0430795822
lognormal,cut,10000,100,48,12.0450654071,12.3007804969,0.255715089824,12.172922952,5,0.0005,0.001955301114,12.1756542614,12.1893762337,0.0836373010134,12.0605300235,12.2598538006,12.2537829071,12.2592467112
lognormal,cut,10000,100,49,12.3007804969,12.5564955867,0.255715089824,12.4286380418,4,0.0004,0.0015642408912,12.4845128832,12.4983975615,0.0696041380749,12.3876747516,12.5535816582,12.5371794188,12.5519414343
lognormal,cut,10000,100,50,12.5564955867,12.8122106765,0.255715089824,12.6843531316,2,0.0002,0.0007821204456,12.6999286712,12.6999286712,0.140898925466,12.6002980855,12.7995592568,12.7796331397,12.7975666451
lognormal,cut,10000,100,51,12.8122106765,13.0679257664,0.255715089824,12.9400682215,3,0.0003,0.0011731806684,12.8757037708,12.8724979305,0.0283209934959,12.8491221098,12.9054912721,12.8988926037,12.9048314052
lognormal,cut,10000,100,52,13.0679257664,13.3236408562,0.255715089824,13.1957833113,2,0.0002,0.0007821204456,13.1506575068,13.1506575068,0.0406492038943,13.1219141791,13.1794008345,13.173652169,13.178825968
lognormal,cut,10000,100,53,13.3236408562,13.579355946,0.255715089824,13.4514984011,1,0.0001,0.0003910602228,13.4779408142,13.4779408142,,13.4779408142,13.4779408142,13.4779408142,13.4779408142
lognormal,cut,10000,100,54,13.579355946,13.8350710358,0.255715089824,13.7072134909,3,0.0003,0.0011731806684,13.674651418,13.6700778607,0.0351538425897,13.6420082012,13.711868192,13.7035101257,13.7110323854
lognormal,cut,10000,100,55,13.8350710358,14.0907861257,0.255715089824,13.9629285808,5,0.0005,0.001955301114,13.9963507612,14.0361173535,0.0868223242689,13.8572727192,14.0650100128,14.0616645452,14.064675466
lognormal,cut,10000,100,56,14.0907861257,14.3465012155,0.255715089824,14.2186436706,1,0.0001,0.0003910602228,14.2597093873,14.2597093873,,14.2597093873,14.2597093873,14.2597093873,14.2597093873
lognormal,cut,10000,100,57,14.3465012155,14.6022163053,0.255715089824,14.4743587604,3,0.0003,0.0011731806684,14.4260961111,14.4183843263,0.0271684543924,14.4036172129,14.4562867941,14.4487063005,14.4555287447
lognormal,cut,10000,100,58,14.6022163053,14.8579313951,0.255715089824,14.7300738502,2,0.0002,0.0007821204456,14.7047723694,14.7047723694,0.027459982184,14.6853552298,14.724189509,14.7203060811,14.7238011662
lognormal,cut,10000,100,59,14.8579313951,15.113646485,0.255715089824,14.98578894,1,0.0001,0.0003910602228,15.046745218,15.046745218,,15.046745218,15.046745218,15.046745218,15.046745218
lognormal,cut,10000,100,60,15.113646485,15.3693615748,0.255715089824,15.2415040299,1,0.0001,0.0003910602228,15.1869644078,15.1869644078,,15.1869644078,15.1869644078,15.1869644078,15.1869644078
lognormal,cut,10000,100,61,15.3693615748,15.6250766646,0.255715089824,15.4972191197,3,0.0003,0.0011731806684,15.4900373379,15.4566618651,0.0587572408656,15.4555687285,15.5578814201,15.5376375091,15.555857029
lognormal,cut,10000,100,62,15.6250766646,15.8807917544,0.255715089824,15.7529342095,,0,0,,,,,,,
lognormal,cut,10000,100,63,15.8807917544,16.1365068443,0.255715089824,16.0086492993,1,0.0001,0.0003910602228,16.1186733923,16.1186733923,,16.1186733923,16.1186733923,16.1186733923,16.1186733923
lognormal,cut,10000,100,64,16.1365068443,16.3922219341,0.255715089824,16.2643643892,1,0.0001,0.0003910602228,16.2247226174,16.2247226174,,16.2247226174,16.2247226174,16.2247226174,16.2247226174
lognormal,cut,10000,100,65,16.3922219341,16.6479370239,0.255715089824,16.520079479,4,0.0004,0.0015642408912,16.4903867035,16.4772356739,0.0666379801997,16.4241421355,16.5829333305,16.552235641,16.5798635616
lognormal,cut,10000,100,66,16.6479370239,16.9036521137,0.255715089824,16.7757945688,4,0.0004,0.0015642408912,16.7785713063,16.7670013085,0.0926248686191,16.6998678684,16.8804147398,16.8664077629,16.8790140421
lognormal,cut,10000,100,67,16.9036521137,17.1593672036,0.255715089824,17.0315096586,3,0.0003,0.0011731806684,17.0036825509,16.9789380007,0.0468852951917,16.9743533711,17.0577562808,17.0419926247,17.0561799151
lognormal,cut,10000,100,68,17.1593672036,17.4150822934,0.255715089824,17.2872247485,,0,0,,,,,,,
lognormal,cut,10000,100,69,17.4150822934,17.6707973832,0.255715089824,17.5429398383,1,0.0001,0.0003910602228,17.4385035671,17.4385035671,,17.4385035671,17.4385035671,17.4385035671,17.4385035671
lognormal,cut,10000,100,70,17.6707973832,17.926512473,0.255715089824,17.7986549281,2,0.0002,0.0007821204456,17.8248524994,17.8248524994,0.0335403558015,17.8011358864,17.8485691124,17.8438257898,17.8480947802
lognormal,cut,10000,100,71,17.926512473,18.1822275629,0.255715089824,18.0543700179,1,0.0001,0.0003910602228,18.1024047124,18.1024047124,,18.1024047124,18.1024047124,18.1024047124,18.1024047124
lognormal,cut,10000,100,72,18.1822275629,18.4379426527,0.255715089824,18.3100851078,1,0.0001,0.0003910602228,18.376159702,18.376159702,,18.376159702,18.376159702,18.376159702,18.376159702
lognormal,cut,10000,100,73,18.4379426527,18.6936577425,0.255715089824,18.5658001976,2,0.0002,0.0007821204456,18.5359359861,18.5359359861,0.0711268624503,18.4856416994,18.5862302729,18.5761714155,18.5852243872
lognormal,cut,10000,100,74,18.6936577425,18.9493728323,0.255715089824,18.8215152874,,0,0,,,,,,,
lognormal,cut,10000,100,75,18.9493728323,19.2050879222,0.255715089824,19.0772303772,2,0.0002,0.0007821204456,19.1208650133,19.1208650133,0.0470255958558,19.0876128956,19.154117131,19.1474667075,19.1534520887
lognormal,cut,10000,100,76,19.2050879222,19.460803012,0.255715089824,19.3329454671,1,0.0001,0.0003910602228,19.2771156698,19.2771156698,,19.2771156698,19.2771156698,19.2771156698,19.2771156698
lognormal,cut,10000,100,77,19.460803012,19.7165181018,0.255715089824,19.5886605569,1,0.0001,0.0003910602228,19.5479474161,19.5479474161,,19.5479474161,19.5479474161,19.5479474161,19.5479474161
lognormal,cut,10000,100,78,19.7165181018,19.9722331916,0.255715089824,19.8443756467,,0,0,,,,,,,
lognormal,cut,10000,100,79,19.9722331916,20.2279482815,0.255715089824,20.1000907365,,0,0,,,,,,,
lognormal,cut,10000,100,80,20.2279482815,20.4836633713,0.255715089824,20.3558058264,,0,0,,,,,,,
lognormal,cut,10000,100,81,20.4836633713,20.7393784611,0.255715089824,20.6115209162,,0,0,,,,,,,
lognormal,cut,10000,100,82,20.7393784611,20.9950935509,0.255715089824,20.867236006,1,0.0001,0.0003910602228,20.9550844316,20.9550844316,,20.9550844316,20.9550844316,20.9550844316,20.9550844316
lognormal,cut,10000,100,83,20.9950935509,21.2508086407,0.255715089824,21.1229510958,1,0.0001,0.0003910602228,21.2211749288,21.2211749288,,21.2211749288,21.2211749288,21.2211749288,21.2211749288
lognormal,cut,10000,100,84,21.2508086407,21.5065237306,0.255715089824,21.3786661857,2,0.0002,0.0007821204456,21.3330352797,21.3330352797,0.112441827752,21.2535269008,21.4125436586,21.3966419828,21.410953491
lognormal,cut,10000,100,85,21.5065237306,21.7622388204,0.255715089824,21.6343812755,1,0.0001,0.0003910602228,21.5792282595,21.5792282595,,21.5792282595,21.5792282595,21.5792282595,21.5792282595
lognormal,cut,10000,100,86,21.7622388204,22.0179539102,0.255715089824,21.8900963653,,0,0,,,,,,,
lognormal,cut,10000,100,87,22.0179539102,22.273669,0.255715089824,22.1458114551,1,0.0001,0.0003910602228,22.0623639856,22.0623639856,,22.0623639856,22.0623639856,22.0623639856,22.0623639856
lognormal,cut,10000,100,88,22.273669,22.5293840899,0.255715089824,22.401526545,2,0.0002,0.0007821204456,22.4437989232,22.4437989232,0.115046012527,22.3624491075,22.5251487388,22.5088787756,22.5235217424
lognormal,cut,10000,100,89,22.5293840899,22.7850991797,0.255715089824,22.6572416348,,0,0,,,,,,,
lognormal,cut,10000,100,90,22.7850991797,23.0408142695,0.255715089824,22.9129567246,2,0.0002,0.0007821204456,22.8798237494,22.8798237494,0.0675693019654,22.8320450378,22.927602461,22.9180467187,22.9266468868
lognormal,cut,10000,100,91,23.0408142695,23.2965293593,0.255715089824,23.1686718144,,0,0,,,,,,,
lognormal,cut,10000,100,92,23.2965293593,23.5522444492,0.255715089824,23.4243869043,,0,0,,,,,,,
lognormal,cut,10000,100,93,23.5522444492,23.807959539,0.255715089824,23.6801019941,,0,0,,,,,,,
lognormal,cut,10000,100,94,23.807959539,24.0636746288,0.255715089824,23.9358170839,,0,0,,,,,,,
lognormal,cut,10000,100,95,24.0636746288,24.3193897186,0.255715089824,24.1915321737,,0,0,,,,,,,
lognormal,cut,10000,100,96,24.3193897186,24.5751048085,0.255715089824,24.4472472636,1,0.0001,0.0003910602228,24.4805301095,24.4805301095,,24.4805301095,24.4805301095,24.4805301095,24.4805301095
lognormal,cut,10000,100,97,24.5751048085,24.8308198983,0.255715089824,24.7029623534,1,0.0001,0.0003910602228,24.7673783732,24.7673783732,,24.7673783732,24.7673783732,24.7673783732,24.7673783732
lognormal,cut,10000,100,98,24.8308198983,25.0865349881,0.255715089824,24.9586774432,2,0.0002,0.0007821204456,25.0006108404,25.0006108404,0.0241129657476,24.9835603988,25.017661282,25.0142511937,25.0173202732
lognormal,cut,10000,100,99,25.0865349881,25.3422500779,0.255715089824,25.214392533,1,0.0001,0.0003910602228,25.3114236567,25.3114236567,,25.3114236567,25.3114236567,25.3114236567,25.3114236567
lognormal,cut,10000,100,100,25.3422500779,25.5979651678,0.255715089824,25.4701076229,1,0.0001,0.0003910602228,25.5979651678,25.5979651678,,25.5979651678,25.5979651678,25.5979651678,25.5979651678
lognormal,qcut,10000,100,1,0.0264561853211,0.0998882319334,0.0734320466123,0.0631722086273,100,0.01,0.136180325367,0.0729215082304,0.0767909817539,0.0182627013144,0.0264561853211,0.0996572140347,0.0936719617111,0.0995135183009
lognormal,qcut,10000,100,2,0.0998882319334,0.131402431364,0.0315141994301,0.115645331649,100,0.01,0.317317278586,0.116251691185,0.116974333655,0.00867887246258,0.0998905654476,0.13125750361,0.127736544378,0.130998714742
lognormal,qcut,10000,100,3,0.131402431364,0.152857153246,0.0214547218821,0.142129792305,100,0.01,0.466097862044,0.142503247674,0.142542188862,0.00660961237731,0.131405389073,0.15273902397,0.151378388859,0.152048079415
lognormal,qcut,10000,100,4,0.152857153246,0.172392307041,0.0195351537956,0.162624730143,100,0.01,0.511897684791,0.161815636421,0.16227872814,0.00573840640098,0.152860806728,0.172280195029,0.16960029808,0.172190787128
lognormal,qcut,10000,100,5,0.172392307041,0.191732071338,0.0193397642964,0.182062189189,100,0.01,0.517069383408,0.181683781425,0.182634014657,0.00547094310295,0.172396978375,0.191243605726,0.188755393509,0.191175764647
lognormal,qcut,10000,100,6,0.191732071338,0.208717961559,0.0169858902218,0.200225016449,100,0.01,0.588723927296,0.200506441431,0.200101938151,0.00452198560764,0.191757780054,0.208659725808,0.206871751406,0.208585586754
lognormal,qcut,10000,100,7,0.208717961559,0.227589807077,0.0188718455171,0.218153884318,100,0.01,0.529889882308,0.217545367558,0.216923274407,0.00527968407651,0.208721678735,0.227471729526,0.225350285005,0.227222586202
lognormal,qcut,10000,100,8,0.227589807077,0.245610133549,0.0180203264726,0.236599970313,100,0.01,0.554928902935,0.236288442867,0.236129927739,0.00522074848875,0.227598694634,0.245463495262,0.243861074239,0.245459398284
lognormal,qcut,10000,100,9,0.245610133549,0.260041917171,0.0144317836214,0.25282602536,100,0.01,0.692915045177,0.252745297981,0.252657043643,0.00384303366649,0.245622884705,0.259595001106,0.257780433951,0.259402815825
lognormal,qcut,10000,100,10,0.260041917171,0.277908891533,0.0178669743623,0.268975404352,100,0.01,0.559691853652,0.26915197367,0.269422416654,0.00496476467039,0.260086117661,0.277812064062,0.275954032609,0.277477199508
lognormal,qcut,10000,100,11,0.277908891533,0.290544417979,0.0126355264465,0.284226654756,100,0.01,0.791419339933,0.283687614471,0.282769721956,0.00376352853969,0.277919650141,0.290474270687,0.289189441975,0.290317713052
lognormal,qcut,10000,100,12,0.290544417979,0.305960040493,0.0154156225139,0.298252229236,100,0.01,0.648692583836,0.298521375321,0.298476364224,0.00450380247359,0.29055308787,0.305879393941,0.304269819693,0.305790539285
lognormal,qcut,10000,100,13,0.305960040493,0.322716707583,0.0167566670901,0.314338374038,100,0.01,0.59677738695,0.314235290297,0.313869945614,0.00479227127757,0.30597103775,0.322625907576,0.320816777983,0.32241992735
lognormal,qcut,10000,100,14,0.322716707583,0.33804869515,0.0153319875668,0.330382701367,100,0.01,0.652231157665,0.330749345361,0.331457909063,0.00441866300486,0.322730275401,0.337994109467,0.336760101113,0.337690620249
lognormal,qcut,10000,100,15,0.33804869515,0.35290575515,0.0148570599994,0.34547722515,100,0.01,0.673080676824,0.345613909617,0.345684575482,0.00431985284509,0.338057581192,0.352795298908,0.351476494569,0.352456950383
lognormal,qcut,10000,100,16,0.35290575515,0.370043467679,0.0171377125298,0.361474611415,100,0.01,0.583508445634,0.360396479521,0.359483863543,0.00503207668817,0.352925247428,0.369989434613,0.367614308096,0.369852677159
lognormal,qcut,10000,100,17,0.370043467679,0.384559951708,0.014516484029,0.377301709694,100,0.01,0.688872042297,0.377248448926,0.377554117529,0.00432657007368,0.370053759692,0.384291904797,0.382818629661,0.384149107564
lognormal,qcut,10000,100,18,0.384559951708,0.400272016984,0.0157120652756,0.392415984346,100,0.01,0.636453567661,0.391655429452,0.390794877553,0.00448450868093,0.384614852883,0.400089436072,0.398088277737,0.39988051057
lognormal,qcut,10000,100,19,0.400272016984,0.416417161602,0.0161451446178,0.408344589293,100,0.01,0.619381258992,0.407204162804,0.406445932414,0.0044026436068,0.400312095721,0.416291582639,0.413219452095,0.415887967514
lognormal,qcut,10000,100,20,0.416417161602,0.432938439738,0.0165212781365,0.42467780067,100,0.01,0.60528004658,0.425017198607,0.425264831367,0.00489836819938,0.416446618396,0.43282976275,0.431679526358,0.432819960258
lognormal,qcut,10000,100,21,0.432938439738,0.446386695642,0.0134482559036,0.43966256769,100,0.01,0.743590847148,0.439774624188,0.43928612884,0.00405548236726,0.432965608986,0.446350596967,0.445515653465,0.446259380035
lognormal,qcut,10000,100,22,0.446386695642,0.46149090901,0.0151042133678,0.453938802326,100,0.01,0.662066918449,0.454394077836,0.454572438602,0.00474219566754,0.446396291492,0.461431932071,0.460686373863,0.461327065064
lognormal,qcut,10000,100,23,0.46149090901,0.475986605753,0.0144956967436,0.468738757382,100,0.01,0.689859906487,0.468611857518,0.468620967248,0.0042137926173,0.461507543531,0.475979713917,0.474114261575,0.475846470052
lognormal,qcut,10000,100,24,0.475986605753,0.493263205821,0.0172766000675,0.484624905787,100,0.01,0.578817589163,0.484439658452,0.484627026506,0.00535470828196,0.475988664354,0.4931210189,0.491473419506,0.493073267475
lognormal,qcut,10000,100,25,0.493263205821,0.508994398133,0.0157311923126,0.501128801977,100,0.01,0.635679724796,0.501331385907,0.501550053312,0.00447316477916,0.493308106954,0.508979736584,0.507147544909,0.508948431613
lognormal,qcut,10000,100,26,0.508994398133,0.52541209814,0.0164177000065,0.517203248137,100,0.01,0.609098716389,0.517374993257,0.517358178377,0.00457532330416,0.508999285316,0.525125493466,0.523385982324,0.524694401162
lognormal,qcut,10000,100,27,0.52541209814,0.542015244775,0.0166031466352,0.533713671458,100,0.01,0.60229546963,0.533309188304,0.532460346273,0.00467889975996,0.525512797079,0.541774528379,0.539530917,0.541539180475
lognormal,qcut,10000,100,28,0.542015244775,0.559318593081,0.0173033483061,0.550666918928,100,0.01,0.577922828754,0.550493558452,0.550656109068,0.00503129966795,0.542104276867,0.558745417078,0.556993142452,0.558710497739
lognormal,qcut,10000,100,29,0.559318593081,0.574785718179,0.0154671250973,0.56705215563,100,0.01,0.646532560971,0.567788222029,0.568046388369,0.00431980365799,0.55954149486,0.574733618179,0.572968966454,0.574625924804
lognormal,qcut,10000,100,30,0.574785718179,0.590316027412,0.0155303092339,0.582550872795,100,0.01,0.643902181818,0.582798826055,0.582607996124,0.00437390690839,0.57480699846,0.590162251949,0.588863815964,0.590063249794
lognormal,qcut,10000,100,31,0.590316027412,0.604696900473,0.0143808730608,0.597506463943,100,0.01,0.69536807381,0.598193102754,0.598992755473,0.00399774276414,0.590381931182,0.604509676397,0.603374215253,0.604314129699
lognormal,qcut,10000,100,32,0.604696900473,0.61855308875,0.0138561882765,0.611624994611,100,0.01,0.721699200418,0.611246919876,0.611077076043,0.00387788695069,0.604781015638,0.618478001275,0.616412994914,0.617865564188
lognormal,qcut,10000,100,33,0.61855308875,0.637483503391,0.0189304146414,0.62801829607,100,0.01,0.528250447199,0.627183291282,0.626871966557,0.00517882777867,0.618588424032,0.637037178173,0.635634679036,0.636961963727
lognormal,qcut,10000,100,34,0.637483503391,0.653631209725,0.0161477063339,0.645557356558,100,0.01,0.619282998664,0.645520612097,0.645996114243,0.0049504392781,0.637703335215,0.653609826218,0.652343899068,0.653509535281
lognormal,qcut,10000,100,35,0.653631209725,0.675585185433,0.0219539757083,0.664608197579,100,0.01,0.45549836316,0.664762657889,0.664649717576,0.00620247282377,0.653642225471,0.67551581877,0.673292530999,0.675330946342
lognormal,qcut,10000,100,36,0.675585185433,0.694975927888,0.0193907424551,0.685280556661,100,0.01,0.515710010752,0.685556720927,0.685488677616,0.00570352844899,0.675622536714,0.694848939089,0.69285511324,0.694839615459
lognormal,qcut,10000,100,37,0.694975927888,0.712622750486,0.0176468225977,0.703799339187,100,0.01,0.566674252241,0.703977904816,0.704449396148,0.00490244302226,0.695047359088,0.712618657323,0.710320097136,0.71259132302
lognormal,qcut,10000,100,38,0.712622750486,0.730208720514,0.0175859700279,0.7214157355,100,0.01,0.568635109929,0.720716073454,0.720983204445,0.0050948701671,0.712625154408,0.730189946764,0.727610303714,0.729648811649
lognormal,qcut,10000,100,39,0.730208720514,0.749367203555,0.0191584830407,0.739787962034,100,0.01,0.521961993481,0.74033643325,0.739927525507,0.00537732793182,0.730220227006,0.749043644208,0.747968997204,0.749038942894
lognormal,qcut,10000,100,40,0.749367203555,0.768031642985,0.0186644394307,0.75869942327,100,0.01,0.535778212742,0.758720573694,0.75876268349,0.00527505750775,0.749574069367,0.767924921255,0.765950112476,0.767796127562
lognormal,qcut,10000,100,41,0.768031642985,0.787467965292,0.0194363223069,0.777749804139,100,0.01,0.514500626307,0.778408509689,0.778402364848,0.00556965770604,0.768102790806,0.787392052276,0.786018744218,0.786940419134
lognormal,qcut,10000,100,42,0.787467965292,0.811457766634,0.0239898013412,0.799462865963,100,0.01,0.416843801987,0.79915658911,0.797994997681,0.00737748677983,0.787520718405,0.811406903191,0.809100734543,0.811369611032
lognormal,qcut,10000,100,43,0.811457766634,0.831870564949,0.0204127983158,0.821664165791,100,0.01,0.489888737707,0.820908083514,0.821235094924,0.00581941434715,0.811494598782,0.831842535165,0.828319444096,0.830773651596
lognormal,qcut,10000,100,44,0.831870564949,0.85190495956,0.0200343946107,0.841887762255,100,0.01,0.49914161093,0.841663235177,0.841636834972,0.00591846549055,0.831891710225,0.851774924072,0.850074910133,0.851773045936
lognormal,qcut,10000,100,45,0.85190495956,0.875259476509,0.0233545169487,0.863582218034,100,0.01,0.428182694679,0.864480570922,0.865286729152,0.00653346758233,0.852007130301,0.875143279632,0.873042254472,0.875026103802
lognormal,qcut,10000,100,46,0.875259476509,0.898384880403,0.0231254038946,0.886822178456,100,0.01,0.432424879825,0.886887109398,0.886666543033,0.00674794620936,0.875354546681,0.898190416232,0.896081461322,0.897874605092
lognormal,qcut,10000,100,47,0.898384880403,0.921275642413,0.0228907620097,0.909830261408,100,0.01,0.43685745349,0.910263988449,0.910724422414,0.00701328740506,0.898550535068,0.921058019382,0.919586351226,0.920654376026
lognormal,qcut,10000,100,48,0.921275642413,0.944040870145,0.0227652277324,0.932658256279,100,0.01,0.4392664162,0.932662231912,0.932578950859,0.00616643534374,0.921468628874,0.944008130196,0.941011569452,0.943823366735
lognormal,qcut,10000,100,49,0.944040870145,0.96613308695,0.0220922168046,0.955086978548,100,0.01,0.452648101748,0.955514022206,0.955647908637,0.00651581756847,0.944071091637,0.966010231227,0.963734702233,0.965800922756
lognormal,qcut,10000,100,50,0.96613308695,0.993583953035,0.0274508660851,0.979858519993,100,0.01,0.364287231194,0.980444292439,0.980525292328,0.00773688680446,0.966251124801,0.993541360355,0.990360733769,0.993312918567
lognormal,qcut,10000,100,51,0.993583953035,1.01893641585,0.0253524628172,1.00626018444,100,0.01,0.394438996799,1.00537613213,1.00429585374,0.00705213242891,0.993626545715,1.01873654185,1.01567829249,1.01852791298
lognormal,qcut,10000,100,52,1.01893641585,1.04029143203,0.0213550161817,1.02961392394,100,0.01,0.468274053969,1.02939376461,1.02938499424,0.00619128654305,1.01914444798,1.0402611002,1.03820025083,1.04022181208
lognormal,qcut,10000,100,53,1.04029143203,1.06879008229,0.0284986502518,1.05454075716,100,0.01,0.350893811169,1.05271806959,1.05186865612,0.00786077334947,1.04032429152,1.06872477924,1.06409013023,1.06872439169
lognormal,qcut,10000,100,54,1.06879008229,1.09423094128,0.025440858999,1.08151051179,100,0.01,0.39306848878,1.08241197216,1.08307101066,0.0073046146432,1.06886372189,1.09397924487,1.09216718792,1.09385495936
lognormal,qcut,10000,100,55,1.09423094128,1.1288722545,0.0346413132135,1.11155159789,100,0.01,0.288672659098,1.11120125355,1.10856520549,0.0108760040134,1.09452641099,1.12843974727,1.12582270512,1.12812796286
lognormal,qcut,10000,100,56,1.1288722545,1.15829652788,0.0294242733812,1.14358439119,100,0.01,0.339855461185,1.14514648876,1.14629857635,0.00832991742652,1.12940087445,1.15825882733,1.15631523864,1.15795644433
lognormal,qcut,10000,100,57,1.15829652788,1.18805986519,0.0297633373078,1.17317819653,100,0.01,0.335983827908,1.17420941924,1.17465410187,0.0089955562805,1.1583445104,1.18802290118,1.18585735811,1.18796572648
lognormal,qcut,10000,100,58,1.18805986519,1.21496897378,0.0269091085882,1.20151441948,100,0.01,0.371621377468,1.20272046179,1.20418253127,0.00707136704029,1.18810886399,1.21464412663,1.21155433497,1.21457576693
lognormal,qcut,10000,100,59,1.21496897378,1.241490866,0.0265218922254,1.22822991989,100,0.01,0.377047003849,1.22942234932,1.22976308182,0.00759527765515,1.21541757221,1.24138709558,1.23967665294,1.24137878306
lognormal,qcut,10000,100,60,1.241490866,1.2728178935,0.0313270274968,1.25715437975,100,0.01,0.319213177855,1.25711337935,1.2562602608,0.00959968262554,1.24164019417,1.27257997997,1.27001996773,1.27241083676
lognormal,qcut,10000,100,61,1.2728178935,1.30610329359,0.0332854000946,1.28946059355,100,0.01,0.300432020392,1.29036776889,1.29012448768,0.00964308197198,1.27317476378,1.30609274134,1.30313826598,1.30592930894
lognormal,qcut,10000,100,62,1.30610329359,1.33737118721,0.0312678936163,1.3217372404,100,0.01,0.319816874226,1.32276311834,1.32313762239,0.00935164724947,1.30611979839,1.33735299227,1.33513838349,1.33725422331
lognormal,qcut,10000,100,63,1.33737118721,1.370519971,0.0331487837879,1.3539455791,100,0.01,0.301670192909,1.35251471964,1.35171307993,0.00901018736947,1.33740087369,1.37049403971,1.36491685227,1.3699925467
lognormal,qcut,10000,100,64,1.370519971,1.41229217032,0.0417721993244,1.39140607066,100,0.01,0.2393936676,1.39046792726,1.39110126942,0.0126999103906,1.37056412426,1.41216739443,1.40810997218,1.41176370554
lognormal,qcut,10000,100,65,1.41229217032,1.46398205957,0.0516898892474,1.43813711494,100,0.01,0.193461432121,1.43559161406,1.4357754785,0.0144566310432,1.41251399413,1.46383971063,1.45546272739,1.46334841344
lognormal,qcut,10000,100,66,1.46398205957,1.50458715639,0.0406050968194,1.48428460798,100,0.01,0.246274502053,1.48482165314,1.48495050734,0.0116047432629,1.46424642188,1.50455411505,1.500210487,1.50381755189
lognormal,qcut,10000,100,67,1.50458715639,1.54746869548,0.0428815390938,1.52602792593,100,0.01,0.233200584945,1.52458954445,1.52291849065,0.0128032803234,1.50465129546,1.54727388102,1.54313565971,1.54706814149
lognormal,qcut,10000,100,68,1.54746869548,1.58785560483,0.0403869093459,1.56766215015,100,0.01,0.24760498295,1.56692282374,1.56597256932,0.010763800782,1.54786422788,1.58772850088,1.58247158776,1.58584439994
lognormal,qcut,10000,100,69,1.58785560483,1.6382272659,0.0503716610686,1.61304143536,100,0.01,0.198524324746,1.61519264784,1.61548116455,0.0136718105209,1.58812570072,1.63821250073,1.63305148762,1.63739802617
lognormal,qcut,10000,100,70,1.6382272659,1.67849309954,0.0402658336469,1.65836018272,100,0.01,0.248349508611,1.65893909825,1.65868606597,0.0109825069374,1.63826013029,1.67843424842,1.67354972125,1.67839376534
lognormal,qcut,10000,100,71,1.67849309954,1.72757462888,0.049081529336,1.70303386421,100,0.01,0.203742632621,1.7014819702,1.69945280108,0.0144690863873,1.67863041883,1.727482975,1.72300701642,1.72748177997
lognormal,qcut,10000,100,72,1.72757462888,1.78197796915,0.0544033402699,1.75477629901,100,0.01,0.183812242969,1.7541966389,1.75289404224,0.0169256847261,1.72779902287,1.78171207666,1.77651790002,1.78132966599
lognormal,qcut,10000,100,73,1.78197796915,1.83851524363,0.0565372744791,1.81024660639,100,0.01,0.176874461886,1.81071067073,1.81028827141,0.0176661014435,1.78266169269,1.83849982637,1.83464395247,1.83832798895
lognormal,qcut,10000,100,74,1.83851524363,1.89777723993,0.0592619963041,1.86814624178,100,0.01,0.168742206197,1.8691592439,1.87040856994,0.0168470035807,1.83855692734,1.8974829927,1.89176336327,1.89720894207
lognormal,qcut,10000,100,75,1.89777723993,1.95490643134,0.0571291914092,1.92634183564,100,0.01,0.17504186132,1.92568433565,1.92658460783,0.0172549169413,1.89861471284,1.95479217922,1.95005625547,1.95409745579
lognormal,qcut,10000,100,76,1.95490643134,2.01197064902,0.0570642176782,1.98343854018,100,0.01,0.17524116525,1.98275732242,1.98108947848,0.0165127450889,1.95524918771,2.01193910473,2.00550987507,2.01146909358
lognormal,qcut,10000,100,77,2.01197064902,2.07632154115,0.0643508921277,2.04414609508,100,0.01,0.155398001012,2.04523987126,2.04732530808,0.0187563456256,2.01207053926,2.07631831556,2.06725081989,2.07582726025
lognormal,qcut,10000,100,78,2.07632154115,2.14497204469,0.0686505035444,2.11064679292,100,0.01,0.145665355441,2.10920206612,2.11002935392,0.0208035470808,2.07633233987,2.14488337797,2.13863505963,2.14407097035
lognormal,qcut,10000,100,79,2.14497204469,2.21288024058,0.0679081958847,2.17892614263,100,0.01,0.147257630242,2.17546437569,2.17205498502,0.0192184846753,2.14528640851,2.21287993763,2.20500706845,2.21066587928
lognormal,qcut,10000,100,80,2.21288024058,2.28418308628,0.071302845701,2.24853166343,100,0.01,0.140246856934,2.24689298353,2.24668828736,0.020597725783,2.21288138022,2.28417079218,2.27729376778,2.28414785178
lognormal,qcut,10000,100,81,2.28418308628,2.37504206071,0.0908589744303,2.32961257349,100,0.01,0.110060674388,2.32545892761,2.32097306661,0.0268944704248,2.28423226265,2.37491429061,2.36498312657,2.37263187539
lognormal,qcut,10000,100,82,2.37504206071,2.46830055419,0.0932584934853,2.42167130745,100,0.01,0.107228839179,2.41938875119,2.41945950911,0.026847521281,2.37558676479,2.46824417271,2.4528969916,2.46646978124
lognormal,qcut,10000,100,83,2.46830055419,2.56745370946,0.09915315527,2.51787713183,100,0.01,0.10085407744,2.51294495136,2.50899670248,0.0286145619201,2.46855740319,2.56745309261,2.54928652375,2.56659707747
lognormal,qcut,10000,100,84,2.56745370946,2.67062714185,0.103173432382,2.61904042565,100,0.01,0.0969241767878,2.61532376597,2.61094758904,0.0286378469843,2.56745672116,2.67053654401,2.65617314789,2.66890892812
lognormal,qcut,10000,100,85,2.67062714185,2.77639840279,0.105771260942,2.72351277232,100,0.01,0.0945436398406,2.72866566923,2.73362024797,0.0297799209781,2.67110278046,2.77638024293,2.76676566929,2.77525260204
lognormal,qcut,10000,100,86,2.77639840279,2.88124632329,0.104847920499,2.82882236304,100,0.01,0.0953762359081,2.82822295275,2.82870637953,0.0295763781762,2.77650130867,2.8807497504,2.87052299505,2.88069410805
lognormal,qcut,10000,100,87,2.88124632329,3.02057417574,0.139327852456,2.95091024951,100,0.01,0.0717731582288,2.94828649619,2.94450461407,0.0372146172888,2.88429669957,3.02012447739,2.99819300546,3.01630086203
lognormal,qcut,10000,100,88,3.02057417574,3.18973644144,0.169162265701,3.10515530859,100,0.01,0.0591148383984,3.10704316147,3.10891678586,0.050925471301,3.02358369551,3.18957787559,3.1748383493,3.18831886542
lognormal,qcut,10000,100,89,3.18973644144,3.37202059666,0.182284155222,3.28087851905,100,0.01,0.0548594033739,3.26766422368,3.26300111005,0.0527707335387,3.19089925766,3.37197708975,3.34224585695,3.37139940576
lognormal,qcut,10000,100,90,3.37202059666,3.57812054991,0.20609995325,3.47507057329,100,0.01,0.0485201468623,3.46719971684,3.45491411078,0.0620270906513,3.37237260716,3.57806826401,3.56096944852,3.57759046019
lognormal,qcut,10000,100,91,3.57812054991,3.75677779048,0.178657240568,3.6674491702,100,0.01,0.0559731022834,3.667364986,3.6667726929,0.0529524142976,3.57859112307,3.75667032978,3.740771893,3.75571903247
lognormal,qcut,10000,100,92,3.75677779048,3.98940877325,0.232630982769,3.87309328187,100,0.01,0.0429865355034,3.86465526825,3.85208429756,0.0691963301944,3.75786433762,3.98910351612,3.97568053191,3.98754496386
lognormal,qcut,10000,100,93,3.98940877325,4.2839714927,0.294562719447,4.13669013298,100,0.01,0.0339486273714,4.13950325266,4.14195401533,0.0865898100736,3.99291923026,4.28353164224,4.2618351221,4.28244588207
lognormal,qcut,10000,100,94,4.2839714927,4.63197356325,0.348002070553,4.45797252797,100,0.01,0.0287354612118,4.45199160697,4.45467641621,0.0999020543258,4.28981522016,4.63196886149,4.59162732496,4.62918774336
lognormal,qcut,10000,100,95,4.63197356325,5.1056189355,0.473645372253,4.86879624938,100,0.01,0.0211128421934,4.87540683342,4.89269345612,0.141045015819,4.63204722411,5.10550591322,5.06790838831,5.10219129762
lognormal,qcut,10000,100,96,5.1056189355,5.72052905103,0.61491011553,5.41307399327,100,0.01,0.0162625394305,5.4231090233,5.41446684576,0.188240914132,5.10776635891,5.72051481519,5.67241650034,5.71450044131
lognormal,qcut,10000,100,97,5.72052905103,6.60532141159,0.884792360555,6.16292523131,100,0.01,0.0113020867334,6.13260630446,6.14267056808,0.25347433894,5.72087071123,6.60496443523,6.50195395623,6.57621094842
lognormal,qcut,10000,100,98,6.60532141159,7.79352519026,1.18820377867,7.19942330093,100,0.01,0.00841606480259,7.13395853741,7.09412903927,0.329092237439,6.61686364735,7.7934914235,7.63432577804,7.72991487893
lognormal,qcut,10000,100,99,7.79352519026,10.8734158636,3.07989067336,9.33347052694,100,0.01,0.0032468684965,8.97223468074,8.93847451009,0.823960255622,7.79517976165,10.873412852,10.156257227,10.8310279213
lognormal,qcut,10000,100,100,10.8734158636,25.5979651678,14.7245493041,18.2356905157,100,0.01,0.000679137934442,15.5033326793,14.3316633001,4.11686027905,10.8737140154,25.5979651678,22.0923724978,25.3142890718
lognormal,log_binning,10000,100,1,0.0264561853211,0.0283389663991,0.00188278107797,0.0273975758601,2,0.0002,0.10622583918,0.0272438723863,0.0272438723863,0.0011139577305,0.0264561853211,0.0280315594515,0.0278740220385,0.0280158057102
lognormal,log_binning,10000,100,2,0.0283389663991,0.030355737489,0.00201677108993,0.0293473519441,,0,0,,,,,,,
lognormal,log_binning,10000,100,3,0.030355737489,0.0325160341251,0.00216029663606,0.0314358858071,1,0.0001,0.0462899392291,0.0312876237143,0.0312876237143,,0.0312876237143,0.0312876237143,0.0312876237143,0.0312876237143
lognormal,log_binning,10000,100,4,0.0325160341251,0.0348300704473,0.00231403632226,0.0336730522862,,0,0,,,,,,,
lognormal,log_binning,10000,100,5,0.0348300704473,0.0373087874954,0.00247871704808,0.0360694289714,2,0.0002,0.0806869021838,0.0365807817958,0.0365807817958,3.91435752026e-05,0.0365531031084,0.0366084604833,0.0366029247458,0.0366079069095
lognormal,log_binning,10000,100,6,0.0373087874954,0.0399639049391,0.00265511744365,0.0386363462173,2,0.0002,0.0753262348069,0.0397010249958,0.0397010249958,0.000168831829069,0.0395816428646,0.0398204071271,0.0397965307008,0.0398180194844
lognormal,log_binning,10000,100,7,0.0399639049391,0.0428079764901,0.00284407155105,0.0413859407146,,0,0,,,,,,,
lognormal,log_binning,10000,100,8,0.0428079764901,0.045854449258,0.00304647276785,0.0443312128741,2,0.0002,0.0656496923626,0.0431686957007,0.0431686957007,6.69590880481e-05,0.0431213484755,0.0432160429259,0.0432065734809,0.0432150959814
lognormal,log_binning,10000,100,9,0.045854449258,0.0491177273291,0.00326327807111,0.0474860882935,5,0.0005,0.153220163622,0.0477495935028,0.0474882575338,0.00095795998177,0.0465093742647,0.049051298627,0.0487378953626,0.0490199583006
lognormal,log_binning,10000,100,10,0.0491177273291,0.0526132398713,0.00349551254218,0.0508654836002,2,0.0002,0.0572162158158,0.0512386052822,0.0512386052822,0.00109167992525,0.0504666710042,0.0520105395602,0.0518561527046,0.0519951008747
lognormal,log_binning,10000,100,11,0.0526132398713,0.0563575140846,0.00374427421331,0.0544853769779,6,0.0006,0.160244673819,0.0551646520035,0.0551772139675,0.000693567926331,0.054195486114,0.0561741320528,0.0558748940847,0.056144208256
lognormal,log_binning,10000,100,12,0.0563575140846,0.0603682533439,0.00401073925935,0.0583628837143,5,0.0005,0.124665296762,0.0588115181438,0.0592909540686,0.00115450426403,0.0569683281759,0.0599178167885,0.0597159495028,0.0598976300599
lognormal,log_binning,10000,100,13,0.0603682533439,0.0646644209027,0.0042961675588,0.0625163371233,2,0.0002,0.0465531190911,0.0619655455204,0.0619655455204,0.000848559703301,0.0613655232,0.0625655678409,0.0624455633768,0.0625535673945
lognormal,log_binning,10000,100,14,0.0646644209027,0.0692663295534,0.0046019086507,0.0669653752281,6,0.0006,0.130380684525,0.0664166725397,0.0662254024394,0.00118817562698,0.0651613859028,0.0679604480626,0.0678265298417,0.0679470562405
lognormal,log_binning,10000,100,15,0.0692663295534,0.0741957376688,0.00492940811537,0.0717310336111,11,0.0011,0.223150523198,0.0729553815096,0.0736421069913,0.00169802246228,0.0694218645888,0.0741003625749,0.0740981451823,0.0741001408356
lognormal,log_binning,10000,100,16,0.0741957376688,0.0794759520781,0.00528021440935,0.0768358448735,12,0.0012,0.227263498595,0.077099457682,0.0769013442398,0.0015250679028,0.0746380240555,0.0791257379922,0.0786184952593,0.0790718579295
lognormal,log_binning,10000,100,17,0.0794759520781,0.0851319382647,0.00565598618661,0.0823039451714,13,0.0013,0.229844974353,0.0824516356228,0.0826139331025,0.00189009107502,0.0799427066506,0.0851220989534,0.084980500531,0.0851086369793
lognormal,log_binning,10000,100,18,0.0851319382647,0.0911904384057,0.00605850014091,0.0881611883352,13,0.0013,0.214574559671,0.0883685385159,0.0882467512393,0.00122646298454,0.0862064250259,0.0907346253867,0.0897681493432,0.0906340966275
lognormal,log_binning,10000,100,19,0.0911904384057,0.0976800978119,0.00648965940623,0.0944352681088,12,0.0012,0.184909549929,0.0944764052668,0.0939043701994,0.00196597711445,0.0921282704406,0.0974973141963,0.0971803351992,0.0974630562803
lognormal,log_binning,10000,100,20,0.0976800978119,0.104631600367,0.00695150255497,0.101155849089,15,0.0015,0.215780687432,0.101375720479,0.101083699174,0.00201190861474,0.0986405970984,0.104448197648,0.104211736408,0.104439830939
lognormal,log_binning,10000,100,21,0.104631600367,0.112077813603,0.00744621323662,0.108354706985,24,0.0024,0.322311478833,0.108343917958,0.108185332705,0.00191403737831,0.104719742736,0.111421111145,0.110930883122,0.111335581799
lognormal,log_binning,10000,100,22,0.112077813603,0.120053944106,0.00797613050225,0.116065878855,27,0.0027,0.338510007984,0.116152360689,0.116388430169,0.00241841746124,0.112100880232,0.119909547124,0.11933121281,0.119885419436
lognormal,log_binning,10000,100,23,0.120053944106,0.12859770397,0.00854375986389,0.124325824038,32,0.0032,0.374542362026,0.124557487402,0.124440509312,0.00248155977222,0.120258892884,0.128355891223,0.127961178101,0.128320377548
lognormal,log_binning,10000,100,24,0.12859770397,0.13774948911,0.00915178514082,0.13317359654,37,0.0037,0.40429270826,0.133717402016,0.134365198443,0.0024793257253,0.128916201858,0.137574280759,0.13655875331,0.137515837619
lognormal,log_binning,10000,100,25,0.13774948911,0.14755257026,0.00980308114906,0.142651029685,40,0.004,0.408034977899,0.143022212605,0.142824107002,0.00296279227004,0.137833442117,0.147246022343,0.146884519753,0.147195986592
lognormal,log_binning,10000,100,26,0.14755257026,0.158053297553,0.0105007272938,0.152802933906,64,0.0064,0.609481593127,0.15314968622,0.15331971273,0.00294189405267,0.147557765749,0.157888803587,0.156781639118,0.157754651192
lognormal,log_binning,10000,100,27,0.158053297553,0.169301319682,0.0112480221291,0.163677308618,53,0.0053,0.47119395207,0.163924970359,0.163707556776,0.00308085323013,0.158304842715,0.169293202974,0.167998261499,0.169285652523
lognormal,log_binning,10000,100,28,0.169301319682,0.181349818637,0.0120484989542,0.17532556916,57,0.0057,0.473087977321,0.175342682072,0.175213880746,0.00333998469345,0.169402559356,0.181203226649,0.179946782401,0.18108201765
lognormal,log_binning,10000,100,29,0.181349818637,0.194255761155,0.0129059425189,0.187802789896,61,0.0061,0.472650485704,0.186615507751,0.186224415051,0.00334423759751,0.181587296051,0.194010633331,0.191243605726,0.193842585051
lognormal,log_binning,10000,100,30,0.194255761155,0.208080168074,0.0138244069185,0.201167964615,89,0.0089,0.643788920021,0.200579350743,0.20011160479,0.00391440345054,0.194265254635,0.207896312349,0.205886354665,0.207751854922
lognormal,log_binning,10000,100,31,0.208080168074,0.222888402836,0.0148082347623,0.215484285455,86,0.0086,0.580757945699,0.215252728077,0.215295646906,0.00417723727864,0.208216994323,0.222783181662,0.221084235855,0.222741597792
lognormal,log_binning,10000,100,32,0.222888402836,0.238750480542,0.0158620777057,0.230819441689,85,0.0085,0.535869269948,0.231438266427,0.231624984106,0.0042535185005,0.223340908548,0.238735218254,0.236840527874,0.238419804071
lognormal,log_binning,10000,100,33,0.238750480542,0.255741398986,0.0169909184436,0.247245939764,110,0.011,0.64740467306,0.248463605988,0.249099194596,0.00487463919268,0.239000871496,0.25566392563,0.254795689189,0.255656844033
lognormal,log_binning,10000,100,34,0.255741398986,0.273941493255,0.0182000942698,0.264841446121,106,0.0106,0.582414565708,0.265379509437,0.266045310821,0.00553220936903,0.255797941791,0.273905234565,0.272569669656,0.273689332939
lognormal,log_binning,10000,100,35,0.273941493255,0.293436815567,0.0194953223117,0.283689154411,135,0.0135,0.69247380393,0.283711166533,0.28264725142,0.00518917021065,0.273963836642,0.293296977125,0.290832405112,0.29300373119
lognormal,log_binning,10000,100,36,0.293436815567,0.314319542129,0.0208827265618,0.303878178848,135,0.0135,0.646467306845,0.303885475225,0.303531711609,0.00600060263965,0.293697117171,0.314238638366,0.312379396034,0.313950388218
lognormal,log_binning,10000,100,37,0.314319542129,0.336688408962,0.022368866833,0.325503975545,136,0.0136,0.607987883407,0.325858350199,0.326173447404,0.00646844889328,0.314357840339,0.336384700685,0.334034444538,0.336074104422
lognormal,log_binning,10000,100,38,0.336688408962,0.360649178736,0.0239607697736,0.348668793849,167,0.0167,0.696972599705,0.348577371934,0.349050708061,0.00690100727668,0.336693610329,0.360386427684,0.357667735139,0.359828710968
lognormal,log_binning,10000,100,39,0.360649178736,0.386315140826,0.0256659620904,0.373482159781,157,0.0157,0.611705103619,0.374434519712,0.375149646202,0.0072717394387,0.360883086781,0.386195811711,0.38379908583,0.386121387879
lognormal,log_binning,10000,100,40,0.386315140826,0.413807646962,0.0274925061362,0.400061393894,179,0.0179,0.651086514679,0.399576474511,0.400346281763,0.0080109823839,0.386476311445,0.413517697681,0.409976811098,0.412820671579
lognormal,log_binning,10000,100,41,0.413807646962,0.443256684991,0.0294490380289,0.428532165977,182,0.0182,0.618016791658,0.429711519134,0.430361324888,0.00818342936615,0.414284065904,0.443221916599,0.43982103549,0.4430211967
lognormal,log_binning,10000,100,42,0.443256684991,0.474801493476,0.0315448084845,0.459029089233,221,0.0221,0.700590717197,0.459066974964,0.460281939799,0.0093362929508,0.443277979518,0.474780539093,0.471186245918,0.474321817456
lognormal,log_binning,10000,100,43,0.474801493476,0.508591220031,0.0337897265557,0.491696356753,201,0.0201,0.594855361343,0.491978952486,0.492656324556,0.00985065426716,0.475567875407,0.508048064641,0.50486301141,0.507858339719
lognormal,log_binning,10000,100,44,0.508591220031,0.544785626514,0.0361944064828,0.526688423273,226,0.0226,0.624405873618,0.526633480168,0.527278754589,0.0104594436831,0.508623128881,0.544448764569,0.541526108552,0.544230322393
lognormal,log_binning,10000,100,45,0.544785626514,0.583555844393,0.0387702178792,0.564170735454,236,0.0236,0.608714660143,0.565493626163,0.567071306602,0.0110176725942,0.544814172327,0.583450021369,0.580198481485,0.583310089803
lognormal,log_binning,10000,100,46,0.583555844393,0.625085183881,0.0415293394882,0.604320514137,277,0.0277,0.666998327962,0.604062996847,0.603979517105,0.0112465626923,0.583781862871,0.624756679248,0.619418432963,0.624469894766
lognormal,log_binning,10000,100,47,0.625085183881,0.669570000647,0.0444848167658,0.647327592264,240,0.024,0.539509921472,0.646313850021,0.646304248439,0.0129945809748,0.625270953589,0.669160795836,0.664584558272,0.668812915412
lognormal,log_binning,10000,100,48,0.669570000647,0.717220624208,0.047650623561,0.693395312428,255,0.0255,0.535145148045,0.694760573049,0.695175618299,0.013496750184,0.669673309654,0.717103051972,0.712787378822,0.716304891082
lognormal,log_binning,10000,100,49,0.717220624208,0.768262352394,0.0510417281857,0.742741488301,272,0.0272,0.532897316898,0.742756182109,0.743769999143,0.0148796273521,0.717628912252,0.768102790806,0.762803839953,0.767741616387
lognormal,log_binning,10000,100,50,0.768262352394,0.822936516581,0.0546741641869,0.795599434487,258,0.0258,0.471886500392,0.795264455309,0.793897818154,0.0159780729729,0.768398032774,0.822848764432,0.81668576513,0.821970696275
lognormal,log_binning,10000,100,51,0.822936516581,0.881501622736,0.0585651061551,0.852219069658,269,0.0269,0.459317873151,0.851732913737,0.850715598873,0.0172760940744,0.823077879246,0.881492777832,0.87544796757,0.880902916248
lognormal,log_binning,10000,100,52,0.881501622736,0.944234573664,0.0627329509279,0.9128680982,275,0.0275,0.438366115307,0.913501789944,0.914878380717,0.0181606813632,0.881660187811,0.944194441098,0.937003419311,0.944024500171
lognormal,log_binning,10000,100,53,0.944234573664,1.01143197824,0.0671974045722,0.97783327595,271,0.0271,0.403289385543,0.977535929094,0.978383402224,0.0194394173399,0.944630547033,1.01059561963,1.00356032536,1.00933465316
lognormal,log_binning,10000,100,54,1.01143197824,1.08341155379,0.0719795755573,1.04742176601,280,0.028,0.388999237398,1.04550847844,1.04387642465,0.0206600997397,1.01154041079,1.08326238326,1.07709649404,1.0831052594
lognormal,log_binning,10000,100,55,1.08341155379,1.16051362835,0.0771020745576,1.12196259107,253,0.0253,0.328136436603,1.12193943506,1.12405672652,0.0238986847211,1.08368023056,1.16025710439,1.15399849475,1.15998539404
lognormal,log_binning,10000,100,56,1.16051362835,1.24310274971,0.0825891213592,1.20180818903,299,0.0299,0.362033152889,1.20391898744,1.20506898393,0.0236868083208,1.1607161602,1.24275327299,1.23620501163,1.24247985398
lognormal,log_binning,10000,100,57,1.24310274971,1.33156940908,0.0884666593736,1.2873360794,268,0.0268,0.302938985034,1.28684903571,1.28843211657,0.0255840882897,1.24314034395,1.33109794185,1.32169107493,1.32907785519
lognormal,log_binning,10000,100,58,1.33156940908,1.42633188738,0.0947624783013,1.37895064823,258,0.0258,0.272259658701,1.37371758631,1.37105372125,0.0282484670732,1.33162735545,1.42622971741,1.41455462671,1.42541748913
lognormal,log_binning,10000,100,59,1.42633188738,1.52783823291,0.101506345525,1.47708506015,229,0.0229,0.225601659498,1.48066920036,1.48450790701,0.0293372992214,1.42642538455,1.52735446715,1.51820890638,1.52595909188
lognormal,log_binning,10000,100,60,1.52783823291,1.63656837976,0.108730146853,1.58220330634,233,0.0233,0.214291994212,1.58106992162,1.57628307546,0.030754468076,1.52901828362,1.63578001261,1.62562850055,1.63406969288
lognormal,log_binning,10000,100,61,1.63656837976,1.75303641704,0.116468037278,1.6948023984,256,0.0256,0.219802793953,1.69077289754,1.68795294893,0.0333912529413,1.63676029996,1.75182712304,1.73788875498,1.75142238657
lognormal,log_binning,10000,100,62,1.75303641704,1.87779301951,0.124756602471,1.81541471828,217,0.0217,0.173938689979,1.81629205894,1.8169962441,0.0364378571061,1.75396096143,1.87769092477,1.86776766806,1.87687665172
lognormal,log_binning,10000,100,63,1.87779301951,2.01142805127,0.133635031754,1.94461053539,231,0.0231,0.172858865649,1.94424198809,1.94425788569,0.0382404216661,1.87782950524,2.01122338489,1.99719123211,2.00971316133
lognormal,log_binning,10000,100,64,2.01142805127,2.15457335467,0.143145303401,2.08300070297,219,0.0219,0.15299139741,2.08230239535,2.08065976856,0.0415476603478,2.01146434599,2.15452292399,2.1410417532,2.15341817877
lognormal,log_binning,10000,100,65,2.15457335467,2.30790573778,0.153332383109,2.23123954622,214,0.0214,0.139566082298,2.22821743565,2.22962381984,0.0449561233523,2.15544696544,2.30767474471,2.29023475154,2.30704329693
lognormal,log_binning,10000,100,66,2.30790573778,2.47215017438,0.164244436607,2.39002795608,178,0.0178,0.108375055909,2.39076521473,2.38985787981,0.0489912583955,2.30919700026,2.47211545544,2.45597717127,2.47046815711
lognormal,log_binning,10000,100,67,2.47215017438,2.64808323177,0.175933057383,2.56011670307,175,0.0175,0.0994696520388,2.56010311921,2.56206111535,0.0509993046744,2.4726805111,2.64726999986,2.62924590544,2.64402242344
lognormal,log_binning,10000,100,68,2.64808323177,2.8365367424,0.188453510631,2.74230998708,174,0.0174,0.092330463581,2.74853013094,2.74539743716,0.0517692065522,2.64889818777,2.83588924004,2.81571946156,2.83398756565
lognormal,log_binning,10000,100,69,2.8365367424,3.03840173694,0.201864994546,2.93746923967,152,0.0152,0.0752978496058,2.92872864706,2.92766567984,0.0576150618452,2.83728766008,3.03649926631,3.00632259473,3.0353766844
lognormal,log_binning,10000,100,70,3.03840173694,3.25463265717,0.216230920224,3.14651719705,136,0.0136,0.0628957227113,3.15030996437,3.15604926636,0.0626118087503,3.03945408835,3.25101523561,3.22424675948,3.24891756262
lognormal,log_binning,10000,100,71,3.25463265717,3.48625186864,0.231619211473,3.3704422629,117,0.0117,0.0505139445281,3.37190088198,3.38124699556,0.0659144029255,3.254963456,3.48592450297,3.45579296854,3.48443086611
lognormal,log_binning,10000,100,72,3.48625186864,3.73435449461,0.24810262597,3.61030318162,125,0.0125,0.0503823768537,3.62163958961,3.6234080894,0.0686716146199,3.49293499856,3.73321049189,3.71465935695,3.73311036179
lognormal,log_binning,10000,100,73,3.73435449461,4.00011359387,0.265759099263,3.86723404424,115,0.0115,0.0432722718879,3.85571750599,3.84653361186,0.0775906414853,3.73925921181,3.99927059946,3.97731442514,3.99695954407
lognormal,log_binning,10000,100,74,4.00011359387,4.28478570714,0.284672113265,4.1424496505,97,0.0097,0.0340742895002,4.14392286769,4.14944334377,0.0841070325099,4.00444616587,4.28353164224,4.26184363699,4.2824787839
lognormal,log_binning,10000,100,75,4.28478570714,4.5897167981,0.304931090958,4.43725125262,89,0.0089,0.0291869221077,4.43163379472,4.43216934526,0.0859824005297,4.28981522016,4.56737002409,4.53954204952,4.56521254478
lognormal,log_binning,10000,100,76,4.5897167981,4.9163486173,0.326631819207,4.7530327077,64,0.0064,0.0195939269345,4.73723690668,4.73619930736,0.0924079053945,4.59159930142,4.91550618824,4.86626837693,4.91415396279
lognormal,log_binning,10000,100,77,4.9163486173,5.26622551894,0.34987690164,5.09128706812,74,0.0074,0.021150295905,5.07120234704,5.06993210382,0.107061912611,4.92049949097,5.25146412657,5.22739596063,5.24969382685
lognormal,log_binning,10000,100,78,5.26622551894,5.64100176272,0.37477624378,5.45361364083,53,0.0053,0.0141417714916,5.44618062013,5.45818588112,0.112813483549,5.26658458358,5.63886913845,5.59148189328,5.63630086382
lognormal,log_binning,10000,100,79,5.64100176272,6.04244933541,0.401447572685,5.84172554906,57,0.0057,0.0141986161777,5.79421990542,5.77506281482,0.113081054946,5.65125614684,6.02318559547,5.93851775068,6.01698203571
lognormal,log_binning,10000,100,80,6.04244933541,6.47246632898,0.430016993577,6.25745783219,50,0.005,0.0116274474606,6.23249758258,6.21439093675,0.119852251635,6.04497744657,6.47219132812,6.40084707015,6.46993225001
lognormal,log_binning,10000,100,81,6.47246632898,6.93308591507,0.460619586086,6.70277612203,46,0.0046,0.00998654885497,6.71024507541,6.69145413875,0.146477041102,6.47471431967,6.92857023274,6.90135717656,6.92724863545
lognormal,log_binning,10000,100,82,6.93308591507,7.42648595799,0.493400042916,7.17978593653,43,0.0043,0.00871503775027,7.14347015091,7.10783396627,0.134384877937,6.93491664767,7.42310463252,7.33431660926,7.41917997683
lognormal,log_binning,10000,100,83,7.42648595799,7.95499931196,0.528513353978,7.69074263497,33,0.0033,0.00624392926908,7.67463664254,7.66009458737,0.148220506964,7.42680897795,7.9374012981,7.88415607868,7.9354683628
lognormal,log_binning,10000,100,84,7.95499931196,8.52112485115,0.56612553919,8.23806208156,25,0.0025,0.00441598166296,8.17185778514,8.12670852245,0.146322976066,7.96842807305,8.48028110014,8.35954052989,8.4551658872
lognormal,log_binning,10000,100,85,8.52112485115,9.1275392846,0.606414433451,8.82433206788,26,0.0026,0.00428749689417,8.82210380103,8.80845627381,0.184014233533,8.52613378482,9.12244306479,9.04342172496,9.11925691434
lognormal,log_binning,10000,100,86,9.1275392846,9.77710981206,0.649570527455,9.45232454833,21,0.0021,0.00323290529856,9.42651750636,9.37607159475,0.203978522757,9.14453134884,9.73856661949,9.71348180472,9.73828851987
lognormal,log_binning,10000,100,87,9.77710981206,10.4729076804,0.695797868361,10.1250087462,15,0.0015,0.00215579849868,10.1150674405,10.1435857526,0.199521269198,9.87119611769,10.4701216907,10.3629896142,10.4593385111
lognormal,log_binning,10000,100,88,10.4729076804,11.218222705,0.745315024547,10.8455651927,15,0.0015,0.0020125717993,10.946592604,10.994055207,0.151134570267,10.5620687501,11.1917278217,11.0824107791,11.1770458907
lognormal,log_binning,10000,100,89,11.218222705,12.016578824,0.798356119033,11.6174007645,12,0.0012,0.00150308862347,11.5372865661,11.4727630667,0.209935862935,11.2594149761,11.9701929985,11.8828702525,11.9637375305
lognormal,log_binning,10000,100,90,12.016578824,12.8717507604,0.855171936437,12.4441647922,13,0.0013,0.00152016213888,12.3930668735,12.3876747516,0.266133588001,12.0445670635,12.8491221098,12.7597070226,12.8431745674
lognormal,log_binning,10000,100,91,12.8717507604,13.7877818692,0.916031108717,13.3297663148,8,0.0008,0.00087333278574,13.3226499105,13.3286708244,0.345537945034,12.8724979305,13.711868192,13.6826149601,13.7089428688
lognormal,log_binning,10000,100,92,13.7877818692,14.7690032545,0.981221385296,14.2783925618,11,0.0011,0.00112105179981,14.2662996605,14.2597093873,0.292900936672,13.8572727192,14.724189509,14.6853552298,14.7203060811
lognormal,log_binning,10000,100,93,14.7690032545,15.820054248,1.05105099358,15.2945287512,5,0.0005,0.000475714311728,15.3407643279,15.4555687285,0.214390865974,15.046745218,15.5578814201,15.5173935981,15.5538326379
lognormal,log_binning,10000,100,94,15.820054248,16.9459043443,1.12585009627,16.3829792962,10,0.001,0.000888217715053,16.5419228049,16.5317705146,0.247980715241,16.1186733923,16.8804147398,16.838393809,16.8762126467
lognormal,log_binning,10000,100,95,16.9459043443,18.1518766967,1.20597235245,17.5488905205,7,0.0007,0.000580444484136,17.457380133,17.4385035671,0.467177842342,16.9743533711,18.1024047124,17.9501033524,18.0871745764
lognormal,log_binning,10000,100,96,18.1518766967,19.4436732864,1.2917965897,18.7977749916,6,0.0006,0.00046446941011,18.8278128951,18.8369215842,0.38865855846,18.376159702,19.2771156698,19.2156164004,19.2709657428
lognormal,log_binning,10000,100,97,19.4436732864,20.8274018817,1.38372859525,20.1355375841,1,0.0001,7.22685072373e-05,19.5479474161,19.5479474161,,19.5479474161,19.5479474161,19.5479474161,19.5479474161
lognormal,log_binning,10000,100,98,20.8274018817,22.3096049163,1.48220303457,21.568503399,6,0.0006,0.00040480284145,21.4139870275,21.3330352797,0.379793359115,20.9550844316,22.0623639856,21.8207961226,22.0382071993
lognormal,log_binning,10000,100,99,22.3096049163,23.8972904228,1.58768550657,23.1034476695,4,0.0004,0.000251939063716,22.6618113363,22.6785968883,0.26326086219,22.3624491075,22.927602461,22.8989352341,22.9247357383
lognormal,log_binning,10000,100,100,23.8972904228,25.5979651678,1.70067474493,24.7476277953,6,0.0006,0.000352801146596,25.0264198313,25.0006108404,0.393675744908,24.4805301095,25.5979651678,25.4546944122,25.5836380922
pareto,cut,10000,25,1,0.567582644541,18.3004671154,17.7328844708,9.43402487995,9876,0.9876,0.0556931390167,2.31277107077,1.55954452834,2.11030940694,1.00009202188,18.2661359332,4.27883170443,12.514609086
pareto,cut,10000,25,2,18.3004671154,35.6008422088,17.3003750935,26.9506546621,76,0.0076,0.000439296833677,24.9001138955,24.5703830925,4.63223433789,18.3438323579,35.3295860752,32.0420297923,34.7190420067
pareto,cut,10000,25,3,35.6008422088,52.9012173023,17.3003750935,44.2510297556,25,0.0025,0.000144505537394,43.7358390803,42.7966081806,5.49115349637,35.8968201895,52.5172782648,51.0334124629,52.3296894707
pareto,cut,10000,25,4,52.9012173023,70.2015923958,17.3003750935,61.5514048491,6,0.0006,3.46813289745e-05,59.8817414237,58.4689034157,4.26016316238,55.8733958833,67.2072593652,64.8404920282,66.9705826315
pareto,cut,10000,25,5,70.2015923958,87.5019674893,17.3003750935,78.8517799426,3,0.0003,1.73406644873e-05,77.8048660324,77.7377000145,1.96810496034,75.8712038408,79.805694242,79.3920953965,79.7643343575
pareto,cut,10000,25,6,87.5019674893,104.802342583,17.3003750935,96.152155036,3,0.0003,1.73406644873e-05,92.7946071568,88.0078485136,8.58878011897,87.66586243,102.710110527,99.7696581242,102.416065287
pareto,cut,10000,25,7,104.802342583,122.102717676,17.3003750935,113.45253013,4,0.0004,2.3120885983e-05,114.688244991,114.484570354,2.05435744362,112.569760514,117.214078744,116.672655205,117.15993639
pareto,cut,10000,25,8,122.102717676,139.40309277,17.3003750935,130.752905223,1,0.0001,5.78022149576e-06,130.576933047,130.576933047,,130.576933047,130.576933047,130.576933047,130.576933047
pareto,cut,10000,25,9,139.40309277,156.703467863,17.3003750935,148.053280316,,0,0,,,,,,,
pareto,cut,10000,25,10,156.703467863,174.003842957,17.3003750935,165.35365541,1,0.0001,5.78022149576e-06,172.772926772,172.772926772,,172.772926772,172.772926772,172.772926772,172.772926772
pareto,cut,10000,25,11,174.003842957,191.30421805,17.3003750935,182.654030503,,0,0,,,,,,,
pareto,cut,10000,25,12,191.30421805,208.604593144,17.3003750935,199.954405597,,0,0,,,,,,,
pareto,cut,10000,25,13,208.604593144,225.904968237,17.3003750935,217.25478069,,0,0,,,,,,,
pareto,cut,10000,25,14,225.904968237,243.205343331,17.3003750935,234.555155784,1,0.0001,5.78022149576e-06,240.540423061,240.540423061,,240.540423061,240.540423061,240.540423061,240.540423061
pareto,cut,10000,25,15,243.205343331,260.505718424,17.3003750935,251.855530877,,0,0,,,,,,,
pareto,cut,10000,25,16,260.505718424,277.806093518,17.3003750935,269.155905971,,0,0,,,,,,,
pareto,cut,10000,25,17,277.806093518,295.106468611,17.3003750935,286.456281064,1,0.0001,5.78022149576e-06,289.176670727,289.176670727,,289.176670727,289.176670727,289.176670727,289.176670727
pareto,cut,10000,25,18,295.106468611,312.406843705,17.3003750935,303.756656158,,0,0,,,,,,,
pareto,cut,10000,25,19,312.406843705,329.707218798,17.3003750935,321.057031251,1,0.0001,5.78022149576e-06,318.683242647,318.683242647,,318.683242647,318.683242647,318.683242647,318.683242647
pareto,cut,10000,25,20,329.707218798,347.007593892,17.3003750935,338.357406345,,0,0,,,,,,,
pareto,cut,10000,25,21,347.007593892,364.307968985,17.3003750935,355.657781438,,0,0,,,,,,,
pareto,cut,10000,25,22,364.307968985,381.608344079,17.3003750935,372.958156532,,0,0,,,,,,,
pareto,cut,10000,25,23,381.608344079,398.908719172,17.3003750935,390.258531625,,0,0,,,,,,,
pareto,cut,10000,25,24,398.908719172,416.209094265,17.3003750935,407.558906719,,0,0,,,,,,,
pareto,cut,10000,25,25,416.209094265,433.509469359,17.3003750935,424.859281812,2,0.0002,1.15604429915e-05,433.340966529,433.340966529,0.238298987278,433.172463699,433.509469359,433.475768793,433.506099302
pareto,qcut,10000,25,1,1.00009202188,1.02975663121,0.0296646093318,1.01492432654,400,0.04,1.34840811664,1.01515005048,1.01471022222,0.00858465109586,1.00009202188,1.02957480816,1.02725424484,1.02936224155
pareto,qcut,10000,25,2,1.02975663121,1.05795638132,0.0281997501068,1.04385650626,400,0.04,1.41845228587,1.04380833096,1.04367612944,0.00777986821507,1.02976420717,1.05794750345,1.05495342586,1.05761142348
pareto,qcut,10000,25,3,1.05795638132,1.09156157459,0.0336051932752,1.07475897795,400,0.04,1.19029221681,1.07374753759,1.07379081952,0.00978794504201,1.0579571533,1.09154397657,1.08748484124,1.0910280866
pareto,qcut,10000,25,4,1.09156157459,1.1242375516,0.0326759770091,1.1078995631,400,0.04,1.22414090293,1.10724352444,1.10657792842,0.00951133108892,1.09156397432,1.12398288605,1.12061805829,1.12378301183
pareto,qcut,10000,25,5,1.1242375516,1.16175718815,0.0375196365458,1.14299736987,400,0.04,1.06610840836,1.14320515416,1.14340991919,0.0112265384122,1.12428605932,1.16169182641,1.15860143437,1.16128440872
pareto,qcut,10000,25,6,1.16175718815,1.19867327004,0.036916081889,1.18021522909,400,0.04,1.08353860847,1.17967700769,1.17902460672,0.0105817613443,1.16177352858,1.19861059981,1.19465561378,1.1982866673
pareto,qcut,10000,25,7,1.19867327004,1.24247063786,0.0437973678204,1.22057195395,400,0.04,0.913296894097,1.22118612225,1.22160394611,0.0124873444886,1.19869306063,1.24246817107,1.23783379124,1.2414953484
pareto,qcut,10000,25,8,1.24247063786,1.28914358928,0.0466729514236,1.26580711357,400,0.04,0.857027438376,1.26488237666,1.26360249571,0.0137300486058,1.24247159716,1.28914055652,1.28401899656,1.28895438332
pareto,qcut,10000,25,9,1.28914358928,1.34232615721,0.0531825679328,1.31573487325,400,0.04,0.752126148751,1.31445596124,1.31319058517,0.0154539660651,1.28914501646,1.34222424353,1.33609833852,1.34172093829
pareto,qcut,10000,25,10,1.34232615721,1.39872788656,0.0564017293448,1.37052702188,400,0.04,0.709198112623,1.37058195392,1.37030138596,0.0168007787173,1.34238348366,1.39870141726,1.39417283894,1.39810193124
pareto,qcut,10000,25,11,1.39872788656,1.46294942336,0.0642215368031,1.43083865496,400,0.04,0.622844017618,1.42876036031,1.42680638016,0.0193314489963,1.39874553276,1.46293152667,1.45624053329,1.46274187717
pareto,qcut,10000,25,12,1.46294942336,1.53423623986,0.0712868164968,1.49859283161,400,0.04,0.561113568619,1.49874418488,1.49971439824,0.0209419968252,1.46296348505,1.53422899629,1.52618107366,1.53410294111
pareto,qcut,10000,25,13,1.53423623986,1.61448222612,0.0802459862633,1.57435923299,400,0.04,0.498467298648,1.57247158887,1.57159838811,0.0234855920206,1.53424292623,1.61433546034,1.60571888968,1.61362112166
pareto,qcut,10000,25,14,1.61448222612,1.71065679437,0.0961745682506,1.66256951025,400,0.04,0.415910367237,1.66203920804,1.65907600371,0.0283635457883,1.61464122238,1.7105578823,1.70222480735,1.71003758166
pareto,qcut,10000,25,15,1.71065679437,1.81874824775,0.108091453375,1.76470252106,400,0.04,0.370057009606,1.76498382082,1.76489810184,0.0316194835111,1.71078268247,1.81872552368,1.80983611835,1.81782434825
pareto,qcut,10000,25,16,1.81874824775,1.96246514049,0.143716892746,1.89060669412,400,0.04,0.27832497096,1.88901157688,1.8889992713,0.0428413265606,1.81878233384,1.9624359156,1.94712410291,1.96054943997
pareto,qcut,10000,25,17,1.96246514049,2.11963287852,0.157167738023,2.0410490095,400,0.04,0.254505158012,2.03698770243,2.03685147981,0.0474765261177,1.96251709585,2.11950798105,2.10264248552,2.11810139873
pareto,qcut,10000,25,18,2.11963287852,2.34093060143,0.221297722919,2.23028173997,400,0.04,0.180751972828,2.22319342771,2.22108356728,0.0658882770456,2.11989828563,2.34071116282,2.31906428352,2.33787393068
pareto,qcut,10000,25,19,2.34093060143,2.56546064993,0.224530048495,2.45319562568,400,0.04,0.178149874675,2.45017041536,2.44798086635,0.0648536583731,2.34149487216,2.56520221956,2.53976995041,2.56230262185
pareto,qcut,10000,25,20,2.56546064993,2.91035939979,0.344898749863,2.73791002486,400,0.04,0.115976065486,2.72586736796,2.71929108203,0.103609219858,2.56627901276,2.91035115162,2.87703356122,2.90713002561
pareto,qcut,10000,25,21,2.91035939979,3.39158392617,0.481224526382,3.15097166298,400,0.04,0.0831212829087,3.14850449266,3.14379884052,0.137076063114,2.91039239248,3.391447689,3.33896672044,3.38798095096
pareto,qcut,10000,25,22,3.39158392617,4.09798026484,0.706396338665,3.74478209551,400,0.04,0.0566254350576,3.72778684176,3.71484368561,0.201214847359,3.39229917133,4.09771767171,4.01344528276,4.09103838614
pareto,qcut,10000,25,23,4.09798026484,5.28432707058,1.18634680574,4.69115366771,400,0.04,0.0337169534291,4.62584244128,4.56796243211,0.351623227452,4.09990594776,5.28406964517,5.14048204465,5.27164883747
pareto,qcut,10000,25,24,5.28432707058,8.27466501914,2.99033794856,6.77949604486,400,0.04,0.0133764145351,6.46279916353,6.25874048343,0.862887661276,5.2872874628,8.27465529966,7.85217929107,8.2264708649
pareto,qcut,10000,25,25,8.27466501914,433.509469359,425.23480434,220.892067189,400,0.04,9.40656775781e-05,23.9864136515,13.1824295156,41.6335780005,8.27489828684,433.509469359,39.7370054533,241.026785538
pareto,log_binning,10000,25,1,1.00009202188,1.27502384773,0.274931825851,1.1375579348,3073,0.3073,1.11773163783,1.12489354927,1.11926054359,0.0781048706567,1.00009202188,1.27381302908,1.23855343193,1.26906154919
pareto,log_binning,10000,25,2,1.27502384773,1.62553622738,0.350512379652,1.45028003755,2171,0.2171,0.619378979469,1.43160204024,1.42091534308,0.100418775336,1.27512608066,1.62509646632,1.57660030842,1.61893499942
pareto,log_binning,10000,25,3,1.62553622738,2.0724067485,0.446870521115,1.84897148794,1440,0.144,0.322240991956,1.82416530202,1.81087840172,0.128069510107,1.62557734369,2.07143846236,2.00931662676,2.06442323887
pareto,log_binning,10000,25,4,2.0724067485,2.64212489323,0.569718144735,2.35726582086,1027,0.1027,0.180264576351,2.33804597144,2.33898130737,0.165830525982,2.07318649175,2.64176403036,2.56994166819,2.63085123391
pareto,log_binning,10000,25,5,2.64212489323,3.36846227532,0.726337382091,3.00529358428,670,0.067,0.0922436345037,2.98037449564,2.96890834706,0.211329069568,2.64281190783,3.36185002044,3.2903516653,3.35550906761
pareto,log_binning,10000,25,6,3.36846227532,4.2944745456,0.926012270275,3.83146841046,514,0.0514,0.0555068238834,3.80210126975,3.78978607334,0.26870555087,3.36998203682,4.29161875068,4.18653542221,4.28106326842
pareto,log_binning,10000,25,7,4.2944745456,5.47505363438,1.18057908879,4.88476408999,338,0.0338,0.0286300175237,4.82026386249,4.77516187065,0.336907817563,4.29712386849,5.4644333775,5.28244236985,5.45460512625
pareto,log_binning,10000,25,8,5.47505363438,6.98018162201,1.50512798763,6.2276176282,255,0.0255,0.0169420808128,6.07672243466,6.0244004507,0.421221958313,5.48179409952,6.96244570374,6.68926401571,6.95352628406
pareto,log_binning,10000,25,9,6.98018162201,8.89907911957,1.91889749756,7.93963037079,150,0.015,0.00781698867141,7.88370949841,7.90067350039,0.514064300236,6.98199654426,8.85308528402,8.58394869151,8.83727609942
pareto,log_binning,10000,25,10,8.89907911957,11.3454940666,2.44641494703,10.1222865931,102,0.0102,0.00416936628529,9.98646661146,9.90240969094,0.741255090832,8.93865314672,11.3222370008,11.1330378198,11.3207765233
pareto,log_binning,10000,25,11,11.3454940666,14.4644444538,3.11895038724,12.9049692602,86,0.0086,0.00275733786443,12.7382475921,12.5890779082,0.873344319242,11.3684457632,14.4228155579,13.9971297646,14.4061498846
pareto,log_binning,10000,25,12,14.4644444538,18.4408146644,3.97637021055,16.4526295591,52,0.0052,0.00130772531848,16.5046763295,16.5420388203,1.12254886671,14.6858582581,18.3590788571,18.0124731535,18.3513031425
pareto,log_binning,10000,25,13,18.4408146644,23.5103150053,5.06950034091,20.9755648348,28,0.0028,0.000552322677129,20.4502305751,20.4759164016,1.33860024497,18.5568903629,23.3763370856,22.2010263474,23.3095414472
pareto,log_binning,10000,25,14,23.5103150053,29.9734540858,6.46313908054,26.7418845456,33,0.0033,0.000510587805535,26.0916870953,25.9926819514,1.79397407736,23.5314972744,29.8254465082,28.8883018725,29.6753953422
pareto,log_binning,10000,25,15,29.9734540858,38.2133522938,8.23989820796,34.0934031898,19,0.0019,0.000230585372786,33.8486745592,33.6870421355,2.45804381354,30.3293380347,37.9868002245,37.1129705615,37.9209141401
pareto,log_binning,10000,25,16,38.2133522938,48.7184523128,10.505100019,43.4659023033,13,0.0013,0.000123749416726,43.5953283221,42.7966081806,3.10658643193,38.4325408153,48.2286558709,48.0524758031,48.219619088
pareto,log_binning,10000,25,17,48.7184523128,62.1114729088,13.3930205961,55.4149626108,10,0.001,7.4665755408e-05,53.5214971279,52.126468277,3.5593858384,48.818364067,59.099957006,57.9640605435,58.9863673597
pareto,log_binning,10000,25,18,62.1114729088,79.1863223022,17.0748493934,70.6488976055,4,0.0004,2.34262681201e-05,70.8224719779,71.539231603,7.21298402681,62.4737246912,77.7377000145,77.1777511624,77.6817051293
pareto,log_binning,10000,25,19,79.1863223022,100.955159266,21.7688369637,90.0707407841,3,0.0003,1.37811680293e-05,85.1598017285,87.66586243,4.63994491917,79.805694242,88.0078485136,87.9394512968,88.0010087919
pareto,log_binning,10000,25,20,100.955159266,128.708391627,27.7532323615,114.831775447,5,0.0005,1.80159194968e-05,112.292618099,113.559807093,5.64450435643,102.710110527,117.214078744,116.492180692,117.141888939
pareto,log_binning,10000,25,21,128.708391627,164.09116875,35.3827771228,146.399780189,1,0.0001,2.82623378184e-06,130.576933047,130.576933047,,130.576933047,130.576933047,130.576933047,130.576933047
pareto,log_binning,10000,25,22,164.09116875,209.200902298,45.1097335481,186.646035524,1,0.0001,2.21681646364e-06,172.772926772,172.772926772,,172.772926772,172.772926772,172.772926772,172.772926772
pareto,log_binning,10000,25,23,209.200902298,266.711596095,57.5106937964,237.956249197,1,0.0001,1.73880705307e-06,240.540423061,240.540423061,,240.540423061,240.540423061,240.540423061,240.540423061
pareto,log_binning,10000,25,24,266.711596095,340.032355071,73.3207589759,303.371975583,2,0.0002,2.72774044886e-06,303.929956687,303.929956687,20.864297094,289.176670727,318.683242647,315.732585455,318.388176927
pareto,log_binning,10000,25,25,340.032355071,433.509469359,93.4771142883,386.770912215,2,0.0002,2.13956112705e-06,433.340966529,433.340966529,0.238298987278,433.172463699,433.509469359,433.475768793,433.506099302
pareto,cut,10000,50,1,0.567582644541,9.65027956862,9.08269692408,5.10893110658,9678,0.9678,0.106554254545,2.09500282344,1.54069461895,1.43583818242,1.00009202188,9.64892685536,3.90786330366,8.05748374541
pareto,cut,10000,50,2,9.65027956862,18.3004671154,8.65018754674,13.975373342,198,0.0198,0.00228896771232,12.9570190384,12.5152446671,2.39988730096,9.65270197386,18.2661359332,16.6770698326,18.0439656081
pareto,cut,10000,50,3,18.3004671154,26.9506546621,8.65018754674,22.6255608887,51,0.0051,0.000589582592567,22.2283887822,21.6284071808,2.617939809,18.3438323579,26.7734132152,25.6169498718,26.553420324
pareto,cut,10000,50,4,26.9506546621,35.6008422088,8.65018754674,31.2757484355,25,0.0025,0.000289011074788,30.3504331267,30.3293380347,2.5815516791,26.9537671308,35.3295860752,33.6952129725,35.1342119733
pareto,cut,10000,50,5,35.6008422088,44.2510297556,8.65018754674,39.9259359822,15,0.0015,0.000173406644873,39.8656727823,39.5308728883,2.94086150063,35.8968201895,43.8735622717,43.2317236296,43.824315637
pareto,cut,10000,50,6,44.2510297556,52.9012173023,8.65018754674,48.576123529,10,0.001,0.000115604429915,49.5410885274,49.6679295111,2.13184982616,45.7743916351,52.5172782648,51.8138202868,52.446932467
pareto,cut,10000,50,7,52.9012173023,61.5514048491,8.65018754674,57.2263110757,4,0.0004,4.62417719661e-05,57.4023661215,57.3180557984,1.38734193365,55.8733958833,59.099957006,58.7213248518,59.0620937905
pareto,cut,10000,50,8,61.5514048491,70.2015923958,8.65018754674,65.8764986224,2,0.0002,2.3120885983e-05,64.8404920282,64.8404920282,3.34711446697,62.4737246912,67.2072593652,66.7339058978,67.1599240185
pareto,cut,10000,50,9,70.2015923958,78.8517799426,8.65018754674,74.5266861692,2,0.0002,2.3120885983e-05,76.8044519276,76.8044519276,1.31981210153,75.8712038408,77.7377000145,77.5510503972,77.7190350528
pareto,cut,10000,50,10,78.8517799426,87.5019674893,8.65018754674,83.1768737159,1,0.0001,1.15604429915e-05,79.805694242,79.805694242,,79.805694242,79.805694242,79.805694242,79.805694242
pareto,cut,10000,50,11,87.5019674893,96.152155036,8.65018754674,91.8270612627,2,0.0002,2.3120885983e-05,87.8368554718,87.8368554718,0.24182067877,87.66586243,88.0078485136,87.9736499052,88.0044286527
pareto,cut,10000,50,12,96.152155036,104.802342583,8.65018754674,100.477248809,1,0.0001,1.15604429915e-05,102.710110527,102.710110527,,102.710110527,102.710110527,102.710110527,102.710110527
pareto,cut,10000,50,13,104.802342583,113.45253013,8.65018754674,109.127436356,1,0.0001,1.15604429915e-05,112.569760514,112.569760514,,112.569760514,112.569760514,112.569760514,112.569760514
pareto,cut,10000,50,14,113.45253013,122.102717676,8.65018754674,117.777623903,3,0.0003,3.46813289745e-05,115.394406484,115.409333614,1.82718155613,113.559807093,117.214078744,116.853129718,117.177983842
pareto,cut,10000,50,15,122.102717676,130.752905223,8.65018754674,126.42781145,1,0.0001,1.15604429915e-05,130.576933047,130.576933047,,130.576933047,130.576933047,130.576933047,130.576933047
pareto,cut,10000,50,16,130.752905223,139.40309277,8.65018754674,135.077998996,,0,0,,,,,,,
pareto,cut,10000,50,17,139.40309277,148.053280316,8.65018754674,143.728186543,,0,0,,,,,,,
pareto,cut,10000,50,18,148.053280316,156.703467863,8.65018754674,152.37837409,,0,0,,,,,,,
pareto,cut,10000,50,19,156.703467863,165.35365541,8.65018754674,161.028561637,,0,0,,,,,,,
pareto,cut,10000,50,20,165.35365541,174.003842957,8.65018754674,169.678749183,1,0.0001,1.15604429915e-05,172.772926772,172.772926772,,172.772926772,172.772926772,172.772926772,172.772926772
pareto,cut,10000,50,21,174.003842957,182.654030503,8.65018754674,178.32893673,,0,0,,,,,,,
pareto,cut,10000,50,22,182.654030503,191.30421805,8.65018754674,186.979124277,,0,0,,,,,,,
pareto,cut,10000,50,23,191.30421805,199.954405597,8.65018754674,195.629311824,,0,0,,,,,,,
pareto,cut,10000,50,24,199.954405597,208.604593144,8.65018754674,204.27949937,,0,0,,,,,,,
pareto,cut,10000,50,25,208.604593144,217.25478069,8.65018754674,212.929686917,,0,0,,,,,,,
pareto,cut,10000,50,26,217.25478069,225.904968237,8.65018754674,221.579874464,,0,0,,,,,,,
pareto,cut,10000,50,27,225.904968237,234.555155784,8.65018754674,230.230062011,,0,0,,,,,,,
pareto,cut,10000,50,28,234.555155784,243.205343331,8.65018754674,238.880249557,1,0.0001,1.15604429915e-05,240.540423061,240.540423061,,240.540423061,240.540423061,240.540423061,240.540423061
pareto,cut,10000,50,29,243.205343331,251.855530877,8.65018754674,247.530437104,,0,0,,,,,,,
pareto,cut,10000,50,30,251.855530877,260.505718424,8.65018754674,256.180624651,,0,0,,,,,,,
pareto,cut,10000,50,31,260.505718424,269.155905971,8.65018754674,264.830812198,,0,0,,,,,,,
pareto,cut,10000,50,32,269.155905971,277.806093518,8.65018754674,273.480999744,,0,0,,,,,,,
pareto,cut,10000,50,33,277.806093518,286.456281064,8.65018754674,282.131187291,,0,0,,,,,,,
pareto,cut,10000,50,34,286.456281064,295.106468611,8.65018754674,290.781374838,1,0.0001,1.15604429915e-05,289.176670727,289.176670727,,289.176670727,289.176670727,289.176670727,289.176670727
pareto,cut,10000,50,35,295.106468611,303.756656158,8.65018754674,299.431562384,,0,0,,,,,,,
pareto,cut,10000,50,36,303.756656158,312.406843705,8.65018754674,308.081749931,,0,0,,,,,,,
pareto,cut,10000,50,37,312.406843705,321.057031251,8.65018754674,316.731937478,1,0.0001,1.15604429915e-05,318.683242647,318.683242647,,318.683242647,318.683242647,318.683242647,318.683242647
pareto,cut,10000,50,38,321.057031251,329.707218798,8.65018754674,325.382125025,,0,0,,,,,,,
pareto,cut,10000,50,39,329.707218798,338.357406345,8.65018754674,334.032312571,,0,0,,,,,,,
pareto,cut,10000,50,40,338.357406345,347.007593892,8.65018754674,342.682500118,,0,0,,,,,,,
pareto,cut,10000,50,41,347.007593892,355.657781438,8.65018754674,351.332687665,,0,0,,,,,,,
pareto,cut,10000,50,42,355.657781438,364.307968985,8.65018754674,359.982875212,,0,0,,,,,,,
pareto,cut,10000,50,43,364.307968985,372.958156532,8.65018754674,368.633062758,,0,0,,,,,,,
pareto,cut,10000,50,44,372.958156532,381.608344079,8.65018754674,377.283250305,,0,0,,,,,,,
pareto,cut,10000,50,45,381.608344079,390.258531625,8.65018754674,385.933437852,,0,0,,,,,,,
pareto,cut,10000,50,46,390.258531625,398.908719172,8.65018754674,394.583625399,,0,0,,,,,,,
pareto,cut,10000,50,47,398.908719172,407.558906719,8.65018754674,403.233812945,,0,0,,,,,,,
pareto,cut,10000,50,48,407.558906719,416.209094265,8.65018754674,411.884000492,,0,0,,,,,,,
pareto,cut,10000,50,49,416.209094265,424.859281812,8.65018754674,420.534188039,,0,0,,,,,,,
pareto,cut,10000,50,50,424.859281812,433.509469359,8.65018754674,429.184375586,2,0.0002,2.3120885983e-05,433.340966529,433.340966529,0.238298987278,433.172463699,433.509469359,433.475768793,433.506099302
pareto,qcut,10000,50,1,1.00009202188,1.01477611403,0.0146840921481,1.00743406795,200,0.02,1.36201814851,1.0076600215,1.00743196427,0.00414663250611,1.00009202188,1.01464158492,1.01300848297,1.01442545514
pareto,qcut,10000,50,2,1.01477611403,1.02975663121,0.0149805171838,1.02226637262,200,0.02,1.33506739151,1.02264007947,1.02226459756,0.00421940135288,1.01477885952,1.02957480816,1.02847926635,1.02944516852
pareto,qcut,10000,50,3,1.02975663121,1.04372667931,0.0139700481042,1.03674165526,200,0.02,1.43163429723,1.03719313886,1.03783332911,0.00388547503077,1.02976420717,1.04361868639,1.04229473251,1.04341121746
pareto,qcut,10000,50,4,1.04372667931,1.05795638132,0.0142297020026,1.05084153031,200,0.02,1.40551081087,1.05042352306,1.04986018876,0.00427768575911,1.04373357248,1.05794750345,1.0567146136,1.05780125684
pareto,qcut,10000,50,5,1.05795638132,1.0738231611,0.0158667797807,1.06588977121,200,0.02,1.26049521556,1.065242192,1.06487671625,0.00453744844384,1.0579571533,1.07375039255,1.07193658234,1.07355015831
pareto,qcut,10000,50,6,1.0738231611,1.09156157459,0.0177384134945,1.08269236784,200,0.02,1.12749654901,1.08225288318,1.08213330242,0.00510802046217,1.07383124649,1.09154397657,1.08930918266,1.0911042332
pareto,qcut,10000,50,7,1.09156157459,1.10664022408,0.0150786494867,1.09910089933,200,0.02,1.3263787329,1.09899968304,1.09891298579,0.00438895515529,1.09156397432,1.10649140667,1.10484221505,1.10644161128
pareto,qcut,10000,50,8,1.10664022408,1.1242375516,0.0175973275224,1.11543888784,200,0.02,1.13653621407,1.11548736585,1.11534873511,0.00505149921532,1.10666445017,1.12398288605,1.12219385877,1.12380680992
pareto,qcut,10000,50,9,1.1242375516,1.14342847953,0.0191909279301,1.13383301557,200,0.02,1.04215909063,1.13341531472,1.13373769259,0.00559756164096,1.12428605932,1.14338091866,1.14134653909,1.1430036358
pareto,qcut,10000,50,10,1.14342847953,1.16175718815,0.0183287086157,1.15259283384,200,0.02,1.09118435016,1.15299499359,1.15383354297,0.00535964902149,1.14343891972,1.16169182641,1.16015330543,1.16148020276
pareto,qcut,10000,50,11,1.16175718815,1.1790403235,0.0172831353549,1.17039875582,200,0.02,1.1571974407,1.17054694918,1.17027073599,0.00501670713683,1.16177352858,1.17899654103,1.17740294207,1.17887160795
pareto,qcut,10000,50,12,1.1790403235,1.19867327004,0.0196329465341,1.18885679677,200,0.02,1.01869579104,1.18880706619,1.18870440201,0.0056381710167,1.1790526724,1.19861059981,1.19655300802,1.19852666108
pareto,qcut,10000,50,13,1.19867327004,1.22162009617,0.0229468261362,1.2101466831,200,0.02,0.871580229934,1.21047447324,1.2104220297,0.00679673155066,1.19869306063,1.22157030016,1.21970082172,1.22107843102
pareto,qcut,10000,50,14,1.22162009617,1.24247063786,0.0208505416843,1.23204536701,200,0.02,0.959207693635,1.23189777126,1.23176874587,0.00598527883895,1.22163759207,1.24246817107,1.24027981512,1.24230809046
pareto,qcut,10000,50,15,1.24247063786,1.26361123915,0.021140601296,1.2530409385,200,0.02,0.946046884855,1.25287097728,1.25254474041,0.00590480277329,1.24247159716,1.26358063712,1.26153635011,1.26345339863
pareto,qcut,10000,50,16,1.26361123915,1.28914358928,0.0255323501276,1.27637741422,200,0.02,0.783319980339,1.27689377605,1.27768222611,0.00728777494979,1.26362435431,1.28914055652,1.28609570983,1.28905912709
pareto,qcut,10000,50,17,1.28914358928,1.31322475644,0.0240811671635,1.30118417286,200,0.02,0.830524528327,1.30096314864,1.30060858967,0.00672805055893,1.28914501646,1.31308379993,1.31115156635,1.31289915039
pareto,qcut,10000,50,18,1.31322475644,1.34232615721,0.0291014007693,1.32777545683,200,0.02,0.687252141522,1.32794877383,1.32733214502,0.00822446983742,1.3132973704,1.34222424353,1.33959304529,1.34205027906
pareto,qcut,10000,50,19,1.34232615721,1.37031463072,0.0279884735083,1.35632039397,200,0.02,0.714579878538,1.35601360781,1.35563129635,0.00835988304749,1.34238348366,1.37024619948,1.36743290907,1.37005238652
pareto,qcut,10000,50,20,1.37031463072,1.39872788656,0.0284132558365,1.38452125864,200,0.02,0.703896804895,1.38515030004,1.38490791032,0.00833406624161,1.37035657245,1.39870141726,1.39618143663,1.39820584931
pareto,qcut,10000,50,21,1.39872788656,1.42680688693,0.0280790003779,1.41276738675,200,0.02,0.712276068623,1.41209115888,1.41129012305,0.00863456937417,1.39874553276,1.42680321285,1.42511269497,1.42671552917
pareto,qcut,10000,50,22,1.42680688693,1.46294942336,0.0361425364252,1.44487815515,200,0.02,0.553364594137,1.44542956175,1.44617149513,0.0107802981215,1.42680954748,1.46293152667,1.45926232294,1.46290827675
pareto,qcut,10000,50,23,1.46294942336,1.49971522405,0.0367658006882,1.4813323237,200,0.02,0.54398380086,1.48042188975,1.48039123152,0.0107213974314,1.46296348505,1.4997040756,1.49625835757,1.49948036439
pareto,qcut,10000,50,24,1.49971522405,1.53423623986,0.0345210158087,1.51697573195,200,0.02,0.579357227228,1.51706648,1.5176636629,0.00946588731679,1.49972472088,1.53422899629,1.5293867299,1.53411421734
pareto,qcut,10000,50,25,1.53423623986,1.57159838811,0.0373621482512,1.55291731398,200,0.02,0.535301125233,1.55234402074,1.55127254894,0.0113182533137,1.53424292623,1.57158723657,1.56874113261,1.57143580615
pareto,qcut,10000,50,26,1.57159838811,1.61448222612,0.0428838380121,1.59304030711,200,0.02,0.466376167039,1.59259915701,1.59200282132,0.0127869224205,1.57160953964,1.61433546034,1.61002583911,1.61418452417
pareto,qcut,10000,50,27,1.61448222612,1.65904913361,0.0445669074886,1.63676567986,200,0.02,0.448763468839,1.63743701396,1.6378900803,0.0131073158951,1.61464122238,1.65874012743,1.65451972108,1.65836147671
pareto,qcut,10000,50,28,1.65904913361,1.71065679437,0.0516076607621,1.68485296399,200,0.02,0.387539363433,1.68664140212,1.68736428127,0.0149867739831,1.65941187999,1.7105578823,1.70757896681,1.7102606601
pareto,qcut,10000,50,29,1.71065679437,1.76484919457,0.0541924002028,1.73775299447,200,0.02,0.369055438127,1.73777161265,1.73612730884,0.0160675607668,1.71078268247,1.76459243145,1.75873042025,1.76437871134
pareto,qcut,10000,50,30,1.76484919457,1.81874824775,0.0538990531725,1.79179872116,200,0.02,0.371064032164,1.79219602898,1.79132382643,0.0160620747315,1.76520377222,1.81872552368,1.81514438721,1.81789803324
pareto,qcut,10000,50,31,1.81874824775,1.88893766174,0.0701894139943,1.85384295474,200,0.02,0.284943253717,1.85158263527,1.85131763483,0.0198226382667,1.81878233384,1.88874256481,1.88037314198,1.8874196432
pareto,qcut,10000,50,32,1.88893766174,1.96246514049,0.0735274787516,1.92570140112,200,0.02,0.27200715079,1.92644051849,1.927602921,0.0217051503503,1.88925597778,1.9624359156,1.95579490891,1.9614951747
pareto,qcut,10000,50,33,1.96246514049,2.03679546391,0.0743303234149,1.9996303022,200,0.02,0.269069191161,1.99569497117,1.99227847856,0.0220946595416,1.96251709585,2.03667643011,2.02774573691,2.03663474168
pareto,qcut,10000,50,34,2.03679546391,2.11963287852,0.0828374146083,2.07821417121,200,0.02,0.241436796339,2.07828043369,2.07872800165,0.0245739278758,2.03702652951,2.11950798105,2.11290059761,2.11925723348
pareto,qcut,10000,50,35,2.11963287852,2.22099896758,0.101366089065,2.17031592305,200,0.02,0.197304642849,2.16595215351,2.16520706126,0.0284061157689,2.11989828563,2.22087206802,2.20602379135,2.21992612006
pareto,qcut,10000,50,36,2.22099896758,2.34093060143,0.119931633854,2.28096478451,200,0.02,0.166761673774,2.28043470192,2.27652185163,0.0362129930083,2.22129506655,2.34071116282,2.33149865647,2.33899513625
pareto,qcut,10000,50,37,2.34093060143,2.4479527089,0.107022107466,2.39444165517,200,0.02,0.186877276795,2.39456619939,2.39593830236,0.0317602902704,2.34149487216,2.44792220499,2.43900944908,2.44674291921
pareto,qcut,10000,50,38,2.4479527089,2.56546064993,0.117507941029,2.50670667941,200,0.02,0.170201263207,2.50577463132,2.50650175163,0.0347804875036,2.44803952772,2.56520221956,2.55340258544,2.56400965254
pareto,qcut,10000,50,39,2.56546064993,2.71905648684,0.153595836915,2.64225856839,200,0.02,0.13021186252,2.63595979893,2.63057143268,0.0453433843746,2.56627901276,2.71887216206,2.70295231369,2.71747593538
pareto,qcut,10000,50,40,2.71905648684,2.91035939979,0.191302912949,2.81470794332,200,0.02,0.104546238694,2.81577493699,2.81680283022,0.0567422294107,2.719710002,2.91035115162,2.893350103,2.90801840019
pareto,qcut,10000,50,41,2.91035939979,3.14299179345,0.232632393661,3.02667559662,200,0.02,0.0859725495889,3.02997809695,3.03226068961,0.0646761944959,2.91039239248,3.14253782948,3.11640803926,3.13937021752
pareto,qcut,10000,50,42,3.14299179345,3.39158392617,0.248592132721,3.26728785981,200,0.02,0.0804530689732,3.26703088836,3.26650571147,0.0724769024478,3.14505985157,3.391447689,3.36099583993,3.38939817506
pareto,qcut,10000,50,43,3.39158392617,3.71427542247,0.322691496295,3.55292967432,200,0.02,0.061978701731,3.55472257736,3.55785502864,0.0955631858259,3.39229917133,3.71405443125,3.6889867947,3.70890643951
pareto,qcut,10000,50,44,3.71427542247,4.09798026484,0.38370484237,3.90612784365,200,0.02,0.0521233974438,3.90085110615,3.89758707223,0.108823089239,3.71563293997,4.09771767171,4.05997580861,4.09362006793
pareto,qcut,10000,50,45,4.09798026484,4.56750153925,0.469521274409,4.33274090204,200,0.02,0.0425965788774,4.32190442695,4.30513929145,0.137334297254,4.09990594776,4.56738631603,4.51316926866,4.56433973786
pareto,qcut,10000,50,46,4.56750153925,5.28432707058,0.716825531335,4.92591430492,200,0.02,0.0279007919302,4.92978045561,4.93351774763,0.20821460452,4.56853854819,5.28406964517,5.20916494867,5.27685091771
pareto,qcut,10000,50,47,5.28432707058,6.254553667,0.970226596417,5.76944036879,200,0.02,0.0206137412372,5.7439047653,5.72969621334,0.260973399543,5.2872874628,6.25398273749,6.09181376292,6.24660347701
pareto,qcut,10000,50,48,6.254553667,8.27466501914,2.02011135214,7.26460934307,200,0.02,0.00990044433876,7.18169356175,7.11309606815,0.621266711424,6.26349822938,8.27465529966,8.05016277869,8.23505863253
pareto,qcut,10000,50,49,8.27466501914,13.1807098608,4.90604484165,10.72768744,200,0.02,0.00407660358711,10.398526427,10.1068751285,1.47474504652,8.27489828684,13.1806382085,12.5415275679,13.1511861468
pareto,qcut,10000,50,50,13.1807098608,433.509469359,420.328759498,223.34508961,200,0.02,4.75818024536e-05,37.574300876,21.3369897088,55.6967516452,13.1842208227,433.509469359,57.9640605435,319.828134857
pareto,log_binning,10000,50,1,1.00009202188,1.12922149192,0.129129470044,1.0646567569,1665,0.1665,1.28940357258,1.06259837234,1.06031289249,0.0370589956306,1.00009202188,1.12919064194,1.11528197482,1.12821715835
pareto,log_binning,10000,50,2,1.12922149192,1.27502384773,0.145802355807,1.20212266982,1408,0.1408,0.96569084375,1.19855936573,1.19514293051,0.0408942231372,1.12923760902,1.27381302908,1.25599209152,1.27215024572
pareto,log_binning,10000,50,3,1.27502384773,1.4396518521,0.164628004372,1.35733784991,1196,0.1196,0.726486362125,1.35290703732,1.35126065313,0.0478154799515,1.27512608066,1.43957168007,1.41905665652,1.43764344755
pareto,log_binning,10000,50,4,1.4396518521,1.62553622738,0.18588437528,1.53259403974,975,0.0975,0.524519609856,1.52813457716,1.52539975619,0.0522363972221,1.4397106928,1.62509646632,1.60345583206,1.62159916667
pareto,log_binning,10000,50,5,1.62553622738,1.83542154492,0.209885317537,1.73047888615,813,0.0813,0.387354394076,1.72662244681,1.72424449424,0.0612956586651,1.62557734369,1.83514878638,1.8142141284,1.83365337977
pareto,log_binning,10000,50,6,1.83542154492,2.0724067485,0.236985203578,1.95391414671,627,0.0627,0.264573479919,1.95064431524,1.95195114136,0.0667109374951,1.83573426284,2.07143846236,2.04520004958,2.0689797471
pareto,log_binning,10000,50,7,2.0724067485,2.33999091005,0.267584161551,2.20619882927,514,0.0514,0.192089097135,2.19409910351,2.18464445301,0.0784819459526,2.07318649175,2.33898130737,2.31026538135,2.33665386831
pareto,log_binning,10000,50,8,2.33999091005,2.64212489323,0.302133983185,2.49105790164,513,0.0513,0.169792220853,2.48227343755,2.47752018018,0.0853912796515,2.34036419552,2.64176403036,2.6019489204,2.63564471922
pareto,log_binning,10000,50,9,2.64212489323,2.9832696877,0.341144794467,2.81269729046,347,0.0347,0.101716340284,2.80357137583,2.79906525536,0.0984298266783,2.64281190783,2.98223292467,2.94422980099,2.97908296006
pareto,log_binning,10000,50,10,2.9832696877,3.36846227532,0.385192587624,3.17586598151,323,0.0323,0.0838541577324,3.17031468936,3.1627605235,0.111808593689,2.98328921018,3.36185002044,3.32704763809,3.35683291033
pareto,log_binning,10000,50,11,3.36846227532,3.80339000093,0.434927725608,3.58592613813,264,0.0264,0.0606997403145,3.57743669266,3.57754608916,0.1264255693,3.36998203682,3.80052900123,3.7487717425,3.79805803761
pareto,log_binning,10000,50,12,3.80339000093,4.2944745456,0.491084544667,4.04893227326,250,0.025,0.0509077312074,4.03934706315,4.03961554443,0.147805330837,3.80544531235,4.29161875068,4.25559369296,4.28732706355
pareto,log_binning,10000,50,13,4.2944745456,4.84896674237,0.554492196775,4.57172064398,187,0.0187,0.0337245503341,4.55630505368,4.53358632517,0.160430057905,4.29712386849,4.84372367523,4.77282416452,4.83019562684
pareto,log_binning,10000,50,14,4.84896674237,5.47505363438,0.62608689201,5.16201018838,151,0.0151,0.0241180580407,5.14715324823,5.13324272331,0.169315165111,4.85761758532,5.4644333775,5.40295631513,5.45839608072
pareto,log_binning,10000,50,15,5.47505363438,6.18197935602,0.706925721636,5.8285164952,154,0.0154,0.021784466923,5.77942785037,5.75798275419,0.199738815389,5.48179409952,6.16473355907,6.06587267745,6.13775669858
pareto,log_binning,10000,50,16,6.18197935602,6.98018162201,0.798202265992,6.58108048901,101,0.0101,0.0126534343867,6.53002308792,6.48799336815,0.214427001362,6.19397429374,6.96244570374,6.84700597292,6.96152910912
pareto,log_binning,10000,50,17,6.98018162201,7.88144583964,0.901264217632,7.43081373083,73,0.0073,0.00809973352673,7.44271655807,7.4696067294,0.279123698983,6.98199654426,7.8654862247,7.79146939955,7.85484067779
pareto,log_binning,10000,50,18,7.88144583964,8.89907911957,1.01763327992,8.3902624796,77,0.0077,0.00756657643957,8.30179371458,8.27465529966,0.283532756167,7.88711635915,8.85308528402,8.66259741731,8.85124244639
pareto,log_binning,10000,50,19,8.89907911957,10.0481067545,1.1490276349,9.47359293702,58,0.0058,0.00504774630636,9.43279908282,9.40413498223,0.332184644412,8.93865314672,10.0103837486,9.92445431619,10.0025473526
pareto,log_binning,10000,50,20,10.0481067545,11.3454940666,1.29738731213,10.6968004105,44,0.0044,0.00339143134734,10.716301081,10.6579034276,0.431031097762,10.0572041009,11.3222370008,11.2456424495,11.3216530487
pareto,log_binning,10000,50,21,11.3454940666,12.8103968997,1.46490283309,12.0779454831,47,0.0047,0.00320840392538,12.0497208412,12.066283574,0.411209607802,11.3684457632,12.7496267389,12.572992713,12.7329383065
pareto,log_binning,10000,50,22,12.8103968997,14.4644444538,1.65404755414,13.6374206768,39,0.0039,0.00235785240287,13.5680105996,13.5158575627,0.456553893977,12.8152083092,14.4228155579,14.149994675,14.4153650216
pareto,log_binning,10000,50,23,14.4644444538,16.3320586393,1.86761418543,15.3982515466,20,0.002,0.00107088499091,15.324363313,15.2284398141,0.539686279977,14.6858582581,16.2974123081,16.0983836598,16.2647405355
pareto,log_binning,10000,50,24,16.3320586393,18.4408146644,2.10875602512,17.3864366518,32,0.0032,0.00151748232696,17.2423719649,17.1911087129,0.658809727716,16.3330625259,18.3590788571,18.2394664802,18.3543524424
pareto,log_binning,10000,50,25,18.4408146644,20.821848182,2.38103351761,19.6313314232,19,0.0019,0.000797972807165,19.7418415976,19.7956972184,0.791946246372,18.5568903629,20.7608745731,20.6669438675,20.7441550892
pareto,log_binning,10000,50,26,20.821848182,23.5103150053,2.6884668233,22.1660815937,9,0.0009,0.000334763290437,21.9457184164,21.6284071808,0.963581102091,20.925309922,23.3763370856,23.1784240829,23.3565457853
pareto,log_binning,10000,50,27,23.5103150053,26.5459101813,3.03559517602,25.0281125933,20,0.002,0.000658849380114,24.8782523679,24.8244784514,0.877035827608,23.5314972744,26.3334274327,26.0413274887,26.3288486496
pareto,log_binning,10000,50,28,26.5459101813,29.9734540858,3.42754390451,28.2596821336,13,0.0013,0.000379280334903,27.9585097527,27.5541787537,1.06530531913,26.7734132152,29.8254465082,29.3027175497,29.7691773209
pareto,log_binning,10000,50,29,29.9734540858,33.8435541934,3.8701001076,31.9085041396,11,0.0011,0.000284230373741,32.0207728368,32.0764317544,1.09156592224,30.3293380347,33.7006601972,33.6870421355,33.699298391
pareto,log_binning,10000,50,30,33.8435541934,38.2133522938,4.36979810036,36.0284532436,8,0.0008,0.000183074819849,36.3620394276,36.280396798,1.1680858525,34.5155273172,37.9868002245,37.730576563,37.9611778584
pareto,log_binning,10000,50,31,38.2133522938,43.1473681867,4.93401589288,40.6803602402,7,0.0007,0.000141872262919,41.3626466912,42.1229628602,1.7034258577,38.4325408153,42.7966081806,42.7313526446,42.790082627
pareto,log_binning,10000,50,32,43.1473681867,48.7184523128,5.5710841261,45.9329102497,6,0.0006,0.000107698966022,46.200123558,46.7116866314,2.13526452757,43.5218005956,48.2286558709,48.1910026089,48.2248905447
pareto,log_binning,10000,50,33,48.7184523128,55.008861386,6.29040907324,51.8636568494,6,0.0006,9.53833038542e-05,50.9342511322,51.0083556085,1.2522992743,48.818364067,52.5172782648,52.126468277,52.4781972661
pareto,log_binning,10000,50,34,55.008861386,62.1114729088,7.10261152283,58.5601671474,4,0.0004,5.63173135282e-05,57.4023661215,57.3180557984,1.38734193365,55.8733958833,59.099957006,58.7213248518,59.0620937905
pareto,log_binning,10000,50,35,62.1114729088,70.1311565029,8.019683594,66.1213147059,2,0.0002,2.49386397425e-05,64.8404920282,64.8404920282,3.34711446697,62.4737246912,67.2072593652,66.7339058978,67.1599240185
pareto,log_binning,10000,50,36,70.1311565029,79.1863223022,9.05516579939,74.6587394025,2,0.0002,2.20868402005e-05,76.8044519276,76.8044519276,1.31981210153,75.8712038408,77.7377000145,77.5510503972,77.7190350528
pareto,log_binning,10000,50,37,79.1863223022,89.4106692722,10.22434697,84.2984957872,3,0.0003,2.934172724e-05,85.1598017285,87.66586243,4.63994491917,79.805694242,88.0078485136,87.9394512968,88.0010087919
pareto,log_binning,10000,50,38,89.4106692722,100.955159266,11.5444899937,95.1829142691,,0,0,,,,,,,
pareto,log_binning,10000,50,39,100.955159266,113.990245967,13.035086701,107.472702616,3,0.0003,2.30148066431e-05,109.613226045,112.569760514,5.99873327855,102.710110527,113.559807093,113.361797777,113.540006162
pareto,log_binning,10000,50,40,113.990245967,128.708391627,14.7181456604,121.349318797,2,0.0002,1.35886683427e-05,116.311706179,116.311706179,1.27614751977,115.409333614,117.214078744,117.033604231,117.196031293
pareto,log_binning,10000,50,41,128.708391627,145.326908761,16.6185171339,137.017650194,1,0.0001,6.01738405386e-06,130.576933047,130.576933047,,130.576933047,130.576933047,130.576933047,130.576933047
pareto,log_binning,10000,50,42,145.326908761,164.09116875,18.764259989,154.709038756,,0,0,,,,,,,
pareto,log_binning,10000,50,43,164.09116875,185.278224737,21.1870559869,174.684696744,1,0.0001,4.719862923e-06,172.772926772,172.772926772,,172.772926772,172.772926772,172.772926772,172.772926772
pareto,log_binning,10000,50,44,185.278224737,209.200902298,23.9226775612,197.239563518,,0,0,,,,,,,
pareto,log_binning,10000,50,45,209.200902298,236.212418294,27.011515996,222.706660296,,0,0,,,,,,,
pareto,log_binning,10000,50,46,236.212418294,266.711596095,30.4991778004,251.462007195,1,0.0001,3.27877691177e-06,240.540423061,240.540423061,,240.540423061,240.540423061,240.540423061,240.540423061
pareto,log_binning,10000,50,47,266.711596095,301.148754181,34.4371580862,283.930175138,1,0.0001,2.90384008313e-06,289.176670727,289.176670727,,289.176670727,289.176670727,289.176670727,289.176670727
pareto,log_binning,10000,50,48,301.148754181,340.032355071,38.8836008897,320.590554626,1,0.0001,2.57177827444e-06,318.683242647,318.683242647,,318.683242647,318.683242647,318.683242647,318.683242647
pareto,log_binning,10000,50,49,340.032355071,383.936512736,43.9041576649,361.984433903,,0,0,,,,,,,
pareto,log_binning,10000,50,50,383.936512736,433.509469359,49.5729566234,408.722991047,2,0.0002,4.03445776937e-06,433.340966529,433.340966529,0.238298987278,433.172463699,433.509469359,433.475768793,433.506099302
pareto,cut,10000,100,1,0.567582644541,5.32518579525,4.75760315071,2.94638421989,9206,0.9206,0.193500796691,1.84957290571,1.50067279403,0.926059558704,1.00009202188,5.32448720204,3.25450525357,4.9776457689
pareto,cut,10000,100,2,5.32518579525,9.65027956862,4.32509377337,7.48773268193,472,0.0472,0.010913058184,6.88192617663,6.53088005217,1.20692007914,5.33418022807,9.64892685536,8.67202257342,9.53307630208
pareto,cut,10000,100,3,9.65027956862,13.975373342,4.32509377337,11.8128264553,137,0.0137,0.00316756137967,11.594772973,11.6168387333,1.22592589604,9.65270197386,13.9427248171,13.2089017136,13.8776612466
pareto,cut,10000,100,4,13.975373342,18.3004671154,4.32509377337,16.1379202287,61,0.0061,0.00141037404496,16.0164897099,16.2974123081,1.32290674924,13.9881188574,18.2661359332,17.7553482016,18.2636170801
pareto,cut,10000,100,5,18.3004671154,22.6255608887,4.32509377337,20.463014002,27,0.0027,0.000624263921542,19.9940745922,20.2938625921,1.06544820011,18.3438323579,21.8740074631,21.306870336,21.8101513897
pareto,cut,10000,100,6,22.6255608887,26.9506546621,4.32509377337,24.7881077754,24,0.0024,0.000554901263593,24.7419922459,24.6236055388,1.07825526115,22.9640704107,26.7734132152,26.2199948792,26.6722164852
pareto,cut,10000,100,7,26.9506546621,31.2757484355,4.32509377337,29.1132015488,15,0.0015,0.000346813289745,28.571147688,28.7617797026,1.41608347624,26.9537671308,30.7831036063,30.5922712796,30.7809275168
pareto,cut,10000,100,8,31.2757484355,35.6008422088,4.32509377337,33.4382953222,10,0.001,0.00023120885983,33.0193612846,32.4073202371,1.2088607472,31.8712860962,35.3295860752,34.596933193,35.256320787
pareto,cut,10000,100,9,35.6008422088,39.9259359822,4.32509377337,37.7633890955,8,0.0008,0.000184967087864,37.3768269665,37.3033940093,1.26296343788,35.8968201895,39.5308728883,38.7620404372,39.4539896432
pareto,cut,10000,100,10,39.9259359822,44.2510297556,4.32509377337,42.0884828689,7,0.0007,0.000161846201881,42.7100680003,42.6878489538,0.788128114779,41.592198539,43.8735622717,43.662505266,43.8524565711
pareto,cut,10000,100,11,44.2510297556,48.576123529,4.32509377337,46.4135766423,4,0.0004,9.24835439321e-05,47.4513446202,47.9011654874,1.14720749615,45.7743916351,48.2286558709,48.2060639137,48.2263966752
pareto,cut,10000,100,12,48.576123529,52.9012173023,4.32509377337,50.7386704156,6,0.0006,0.000138725315898,50.9342511322,51.0083556085,1.2522992743,48.818364067,52.5172782648,52.126468277,52.4781972661
pareto,cut,10000,100,13,52.9012173023,57.2263110757,4.32509377337,55.063764189,2,0.0002,4.62417719661e-05,56.3358288273,56.3358288273,0.653978941125,55.8733958833,56.7982617713,56.7057751825,56.7890131124
pareto,cut,10000,100,14,57.2263110757,61.5514048491,4.32509377337,59.3888579624,2,0.0002,4.62417719661e-05,58.4689034157,58.4689034157,0.892444545945,57.8378498254,59.099957006,58.9737462879,59.0873359341
pareto,cut,10000,100,15,61.5514048491,65.8764986224,4.32509377337,63.7139517358,1,0.0001,2.3120885983e-05,62.4737246912,62.4737246912,,62.4737246912,62.4737246912,62.4737246912,62.4737246912
pareto,cut,10000,100,16,65.8764986224,70.2015923958,4.32509377337,68.0390455091,1,0.0001,2.3120885983e-05,67.2072593652,67.2072593652,,67.2072593652,67.2072593652,67.2072593652,67.2072593652
pareto,cut,10000,100,17,70.2015923958,74.5266861692,4.32509377337,72.3641392825,,0,0,,,,,,,
pareto,cut,10000,100,18,74.5266861692,78.8517799426,4.32509377337,76.6892330559,2,0.0002,4.62417719661e-05,76.8044519276,76.8044519276,1.31981210153,75.8712038408,77.7377000145,77.5510503972,77.7190350528
pareto,cut,10000,100,19,78.8517799426,83.1768737159,4.32509377337,81.0143268292,1,0.0001,2.3120885983e-05,79.805694242,79.805694242,,79.805694242,79.805694242,79.805694242,79.805694242
pareto,cut,10000,100,20,83.1768737159,87.5019674893,4.32509377337,85.3394206026,,0,0,,,,,,,
pareto,cut,10000,100,21,87.5019674893,91.8270612627,4.32509377337,89.664514376,2,0.0002,4.62417719661e-05,87.8368554718,87.8368554718,0.24182067877,87.66586243,88.0078485136,87.9736499052,88.0044286527
pareto,cut,10000,100,22,91.8270612627,96.152155036,4.32509377337,93.9896081494,,0,0,,,,,,,
pareto,cut,10000,100,23,96.152155036,100.477248809,4.32509377337,98.3147019227,,0,0,,,,,,,
pareto,cut,10000,100,24,100.477248809,104.802342583,4.32509377337,102.639795696,1,0.0001,2.3120885983e-05,102.710110527,102.710110527,,102.710110527,102.710110527,102.710110527,102.710110527
pareto,cut,10000,100,25,104.802342583,109.127436356,4.32509377337,106.964889469,,0,0,,,,,,,
pareto,cut,10000,100,26,109.127436356,113.45253013,4.32509377337,111.289983243,1,0.0001,2.3120885983e-05,112.569760514,112.569760514,,112.569760514,112.569760514,112.569760514,112.569760514
pareto,cut,10000,100,27,113.45253013,117.777623903,4.32509377337,115.615077016,3,0.0003,6.93626579491e-05,115.394406484,115.409333614,1.82718155613,113.559807093,117.214078744,116.853129718,117.177983842
pareto,cut,10000,100,28,117.777623903,122.102717676,4.32509377337,119.94017079,,0,0,,,,,,,
pareto,cut,10000,100,29,122.102717676,126.42781145,4.32509377337,124.265264563,,0,0,,,,,,,
pareto,cut,10000,100,30,126.42781145,130.752905223,4.32509377337,128.590358336,1,0.0001,2.3120885983e-05,130.576933047,130.576933047,,130.576933047,130.576933047,130.576933047,130.576933047
pareto,cut,10000,100,31,130.752905223,135.077998996,4.32509377337,132.91545211,,0,0,,,,,,,
pareto,cut,10000,100,32,135.077998996,139.40309277,4.32509377337,137.240545883,,0,0,,,,,,,
pareto,cut,10000,100,33,139.40309277,143.728186543,4.32509377337,141.565639656,,0,0,,,,,,,
pareto,cut,10000,100,34,143.728186543,148.053280316,4.32509377337,145.89073343,,0,0,,,,,,,
pareto,cut,10000,100,35,148.053280316,152.37837409,4.32509377337,150.215827203,,0,0,,,,,,,
pareto,cut,10000,100,36,152.37837409,156.703467863,4.32509377337,154.540920977,,0,0,,,,,,,
pareto,cut,10000,100,37,156.703467863,161.028561637,4.32509377337,158.86601475,,0,0,,,,,,,
pareto,cut,10000,100,38,161.028561637,165.35365541,4.32509377337,163.191108523,,0,0,,,,,,,
pareto,cut,10000,100,39,165.35365541,169.678749183,4.32509377337,167.516202297,,0,0,,,,,,,
pareto,cut,10000,100,40,169.678749183,174.003842957,4.32509377337,171.84129607,1,0.0001,2.3120885983e-05,172.772926772,172.772926772,,172.772926772,172.772926772,172.772926772,172.772926772
pareto,cut,10000,100,41,174.003842957,178.32893673,4.32509377337,176.166389843,,0,0,,,,,,,
pareto,cut,10000,100,42,178.32893673,182.654030503,4.32509377337,180.491483617,,0,0,,,,,,,
pareto,cut,10000,100,43,182.654030503,186.979124277,4.32509377337,184.81657739,,0,0,,,,,,,
pareto,cut,10000,100,44,186.979124277,191.30421805,4.32509377337,189.141671164,,0,0,,,,,,,
pareto,cut,10000,100,45,191.30421805,195.629311824,4.32509377337,193.466764937,,0,0,,,,,,,
pareto,cut,10000,100,46,195.629311824,199.954405597,4.32509377337,197.79185871,,0,0,,,,,,,
pareto,cut,10000,100,47,199.954405597,204.27949937,4.32509377337,202.116952484,,0,0,,,,,,,
pareto,cut,10000,100,48,204.27949937,208.604593144,4.32509377337,206.442046257,,0,0,,,,,,,
pareto,cut,10000,100,49,208.604593144,212.929686917,4.32509377337,210.76714003,,0,0,,,,,,,
pareto,cut,10000,100,50,212.929686917,217.25478069,4.32509377337,215.092233804,,0,0,,,,,,,
pareto,cut,10000,100,51,217.25478069,221.579874464,4.32509377337,219.417327577,,0,0,,,,,,,
pareto,cut,10000,100,52,221.579874464,225.904968237,4.32509377337,223.74242135,,0,0,,,,,,,
pareto,cut,10000,100,53,225.904968237,230.230062011,4.32509377337,228.067515124,,0,0,,,,,,,
pareto,cut,10000,100,54,230.230062011,234.555155784,4.32509377337,232.392608897,,0,0,,,,,,,
pareto,cut,10000,100,55,234.555155784,238.880249557,4.32509377337,236.717702671,,0,0,,,,,,,
pareto,cut,10000,100,56,238.880249557,243.205343331,4.32509377337,241.042796444,1,0.0001,2.3120885983e-05,240.540423061,240.540423061,,240.540423061,240.540423061,240.540423061,240.540423061
pareto,cut,10000,100,57,243.205343331,247.530437104,4.32509377337,245.367890217,,0,0,,,,,,,
pareto,cut,10000,100,58,247.530437104,251.855530877,4.32509377337,249.692983991,,0,0,,,,,,,
pareto,cut,10000,100,59,251.855530877,256.180624651,4.32509377337,254.018077764,,0,0,,,,,,,
pareto,cut,10000,100,60,256.180624651,260.505718424,4.32509377337,258.343171537,,0,0,,,,,,,
pareto,cut,10000,100,61,260.505718424,264.830812198,4.32509377337,262.668265311,,0,0,,,,,,,
pareto,cut,10000,100,62,264.830812198,269.155905971,4.32509377337,266.993359084,,0,0,,,,,,,
pareto,cut,10000,100,63,269.155905971,273.480999744,4.32509377337,271.318452858,,0,0,,,,,,,
pareto,cut,10000,100,64,273.480999744,277.806093518,4.32509377337,275.643546631,,0,0,,,,,,,
pareto,cut,10000,100,65,277.806093518,282.131187291,4.32509377337,279.968640404,,0,0,,,,,,,
pareto,cut,10000,100,66,282.131187291,286.456281064,4.32509377337,284.293734178,,0,0,,,,,,,
pareto,cut,10000,100,67,286.456281064,290.781374838,4.32509377337,288.618827951,1,0.0001,2.3120885983e-05,289.176670727,289.176670727,,289.176670727,289.176670727,289.176670727,289.176670727
pareto,cut,10000,100,68,290.781374838,295.106468611,4.32509377337,292.943921724,,0,0,,,,,,,
pareto,cut,10000,100,69,295.106468611,299.431562384,4.32509377337,297.269015498,,0,0,,,,,,,
pareto,cut,10000,100,70,299.431562384,303.756656158,4.32509377337,301.594109271,,0,0,,,,,,,
pareto,cut,10000,100,71,303.756656158,308.081749931,4.32509377337,305.919203045,,0,0,,,,,,,
pareto,cut,10000,100,72,308.081749931,312.406843705,4.32509377337,310.244296818,,0,0,,,,,,,
pareto,cut,10000,100,73,312.406843705,316.731937478,4.32509377337,314.569390591,,0,0,,,,,,,
pareto,cut,10000,100,74,316.731937478,321.057031251,4.32509377337,318.894484365,1,0.0001,2.3120885983e-05,318.683242647,318.683242647,,318.683242647,318.683242647,318.683242647,318.683242647
pareto,cut,10000,100,75,321.057031251,325.382125025,4.32509377337,323.219578138,,0,0,,,,,,,
pareto,cut,10000,100,76,325.382125025,329.707218798,4.32509377337,327.544671911,,0,0,,,,,,,
pareto,cut,10000,100,77,329.707218798,334.032312571,4.32509377337,331.869765685,,0,0,,,,,,,
pareto,cut,10000,100,78,334.032312571,338.357406345,4.32509377337,336.194859458,,0,0,,,,,,,
pareto,cut,10000,100,79,338.357406345,342.682500118,4.32509377337,340.519953231,,0,0,,,,,,,
pareto,cut,10000,100,80,342.682500118,347.007593892,4.32509377337,344.845047005,,0,0,,,,,,,
pareto,cut,10000,100,81,347.007593892,351.332687665,4.32509377337,349.170140778,,0,0,,,,,,,
pareto,cut,10000,100,82,351.332687665,355.657781438,4.32509377337,353.495234552,,0,0,,,,,,,
pareto,cut,10000,100,83,355.657781438,359.982875212,4.32509377337,357.820328325,,0,0,,,,,,,
pareto,cut,10000,100,84,359.982875212,364.307968985,4.32509377337,362.145422098,,0,0,,,,,,,
pareto,cut,10000,100,85,364.307968985,368.633062758,4.32509377337,366.470515872,,0,0,,,,,,,
pareto,cut,10000,100,86,368.633062758,372.958156532,4.32509377337,370.795609645,,0,0,,,,,,,
pareto,cut,10000,100,87,372.958156532,377.283250305,4.32509377337,375.120703418,,0,0,,,,,,,
pareto,cut,10000,100,88,377.283250305,381.608344079,4.32509377337,379.445797192,,0,0,,,,,,,
pareto,cut,10000,100,89,381.608344079,385.933437852,4.32509377337,383.770890965,,0,0,,,,,,,
pareto,cut,10000,100,90,385.933437852,390.258531625,4.32509377337,388.095984739,,0,0,,,,,,,
pareto,cut,10000,100,91,390.258531625,394.583625399,4.32509377337,392.421078512,,0,0,,,,,,,
pareto,cut,10000,100,92,394.583625399,398.908719172,4.32509377337,396.746172285,,0,0,,,,,,,
pareto,cut,10000,100,93,398.908719172,403.233812945,4.32509377337,401.071266059,,0,0,,,,,,,
pareto,cut,10000,100,94,403.233812945,407.558906719,4.32509377337,405.396359832,,0,0,,,,,,,
pareto,cut,10000,100,95,407.558906719,411.884000492,4.32509377337,409.721453605,,0,0,,,,,,,
pareto,cut,10000,100,96,411.884000492,416.209094265,4.32509377337,414.046547379,,0,0,,,,,,,
pareto,cut,10000,100,97,416.209094265,420.534188039,4.32509377337,418.371641152,,0,0,,,,,,,
pareto,cut,10000,100,98,420.534188039,424.859281812,4.32509377337,422.696734926,,0,0,,,,,,,
pareto,cut,10000,100,99,424.859281812,429.184375586,4.32509377337,427.021828699,,0,0,,,,,,,
pareto,cut,10000,100,100,429.184375586,433.509469359,4.32509377337,431.346922472,2,0.0002,4.62417719661e-05,433.340966529,433.340966529,0.238298987278,433.172463699,433.509469359,433.475768793,433.506099302
pareto,qcut,10000,100,1,1.00009202188,1.00744128392,0.00734926204616,1.0037666529,100,0.01,1.3606808326,1.00421116519,1.00446116782,0.00245058978164,1.00009202188,1.00742245443,1.00716021277,1.00735394451
pareto,qcut,10000,100,2,1.00744128392,1.01477611403,0.00733483010191,1.01110869897,100,0.01,1.3633580957,1.01110887781,1.0113306958,0.00212788619548,1.00744147412,1.01464158492,1.01391639589,1.0145858377
pareto,qcut,10000,100,3,1.01477611403,1.02232648565,0.00755037162915,1.01855129984,100,0.01,1.32443811923,1.01902741615,1.01906743472,0.00218306977185,1.01477885952,1.02219875916,1.02161285907,1.02218576285
pareto,qcut,10000,100,4,1.02232648565,1.02975663121,0.00743014555461,1.02604155843,100,0.01,1.34586865446,1.02625274278,1.02630969805,0.00215740536886,1.02233043596,1.02957480816,1.02895767678,1.02946819851
pareto,qcut,10000,100,5,1.02975663121,1.0378731331,0.00811650188598,1.03381488215,100,0.01,1.23205786686,1.03392491946,1.03439134894,0.00241420907811,1.02976420717,1.03778910245,1.03696702182,1.03774145664
pareto,qcut,10000,100,6,1.0378731331,1.04372667931,0.00585354621825,1.0407999062,100,0.01,1.70836611298,1.04046135827,1.04034387547,0.00171453255753,1.03787755576,1.04361868639,1.04298939999,1.04355474374
pareto,qcut,10000,100,7,1.04372667931,1.04993647762,0.00620979830922,1.04683157847,100,0.01,1.61035825997,1.04671147632,1.04691706972,0.00186008123692,1.04373357248,1.04977148078,1.04918124455,1.04966314376
pareto,qcut,10000,100,8,1.04993647762,1.05795638132,0.00801990369334,1.05394642947,100,0.01,1.24689776615,1.0541355698,1.05419074952,0.00234204430306,1.04994889674,1.05794750345,1.0571791617,1.05783465532
pareto,qcut,10000,100,9,1.05795638132,1.0649356997,0.00697931838218,1.06144604051,100,0.01,1.4328046741,1.06137051648,1.06142115115,0.00203972624508,1.0579571533,1.06480478521,1.06435512988,1.06480350294
pareto,qcut,10000,100,10,1.0649356997,1.0738231611,0.00888746139855,1.0693794304,100,0.01,1.12518069576,1.06911386753,1.06903268412,0.00263472753935,1.06494864728,1.07375039255,1.0729984146,1.07371618163
pareto,qcut,10000,100,11,1.0738231611,1.08215363907,0.00833047797225,1.07798840008,100,0.01,1.20041131293,1.07789233391,1.07771961315,0.00251009969946,1.07383124649,1.0821072298,1.08158375261,1.08203698546
pareto,qcut,10000,100,12,1.08215363907,1.09156157459,0.00940793552221,1.08685760683,100,0.01,1.06293245488,1.08661343244,1.08690627487,0.0027809694284,1.08215937505,1.09154397657,1.0906301092,1.09122692078
pareto,qcut,10000,100,13,1.09156157459,1.09896406883,0.00740249423582,1.09526282171,100,0.01,1.35089601983,1.09519328011,1.09504790944,0.00212102224584,1.09156397432,1.09884395465,1.09805401173,1.09874777267
pareto,qcut,10000,100,14,1.09896406883,1.10664022408,0.00767615525085,1.10280214645,100,0.01,1.30273550667,1.10280608597,1.1026208836,0.00222521611824,1.09898201692,1.10649140667,1.10588567598,1.10646882794
pareto,qcut,10000,100,15,1.10664022408,1.11536972098,0.00872949689963,1.11100497253,100,0.01,1.14554138858,1.11114093581,1.11108767348,0.00257589842022,1.10666445017,1.11531875529,1.11481720446,1.1152845999
pareto,qcut,10000,100,16,1.11536972098,1.1242375516,0.00886783062276,1.11980363629,100,0.01,1.12767151577,1.11983379588,1.12011521574,0.00254818294327,1.11537871492,1.12398288605,1.1230198649,1.12384653287
pareto,qcut,10000,100,17,1.1242375516,1.13374517645,0.00950762484973,1.12899136403,100,0.01,1.0517873978,1.12853427619,1.12826902357,0.00271232107905,1.12428605932,1.1337263534,1.13238423799,1.13359181728
pareto,qcut,10000,100,18,1.13374517645,1.14342847953,0.00968330308041,1.13858682799,100,0.01,1.03270546393,1.13829635326,1.13847458025,0.00273766703383,1.13374903177,1.14338091866,1.14206636615,1.14315931311
pareto,qcut,10000,100,19,1.14342847953,1.15391551993,0.010487040398,1.14867199973,100,0.01,0.953557879101,1.14842296854,1.14830368464,0.00315158188336,1.14343891972,1.15370132208,1.15302937219,1.1536504448
pareto,qcut,10000,100,20,1.15391551993,1.16175718815,0.00784166821766,1.15783635404,100,0.01,1.27523885511,1.15756701865,1.15750815852,0.00236225516755,1.15396576387,1.16169182641,1.16089875796,1.16161644726
pareto,qcut,10000,100,21,1.16175718815,1.17036860547,0.00861141732374,1.16606289681,100,0.01,1.16124902836,1.16620081727,1.16620542141,0.00245036817865,1.16177352858,1.17010199551,1.16962054738,1.17009600052
pareto,qcut,10000,100,22,1.17036860547,1.1790403235,0.00867171803117,1.17470446449,100,0.01,1.15317402665,1.1748930811,1.17481895762,0.00253481636209,1.17043947647,1.17899654103,1.1785017043,1.17890228866
pareto,qcut,10000,100,23,1.1790403235,1.18878327166,0.00974294816199,1.18391179758,100,0.01,1.02638337326,1.18387382083,1.18355175647,0.00268190522834,1.1790526724,1.18855834708,1.18782241408,1.18852242654
pareto,qcut,10000,100,24,1.18878327166,1.19867327004,0.00988999837208,1.19372827085,100,0.01,1.01112251224,1.19374031155,1.19381232501,0.00274608004508,1.18885045693,1.19861059981,1.19750646889,1.19857198019
pareto,qcut,10000,100,25,1.19867327004,1.2104669319,0.0117936618619,1.20457010097,100,0.01,0.847913066961,1.20449805025,1.20482348377,0.00337024072705,1.19869306063,1.21033222529,1.20871015374,1.2102018883
pareto,qcut,10000,100,26,1.2104669319,1.22162009617,0.0111531642743,1.21604351403,100,0.01,0.896606537309,1.21645089623,1.21662706053,0.00305653186925,1.2105118341,1.22157030016,1.22070368072,1.22108455621
pareto,qcut,10000,100,27,1.22162009617,1.23178246719,0.0101623710193,1.22670128168,100,0.01,0.984022329137,1.22676852905,1.22663176808,0.00301433220746,1.22163759207,1.23173891691,1.23090980778,1.23172657876
pareto,qcut,10000,100,28,1.23178246719,1.24247063786,0.0106881706649,1.23712655252,100,0.01,0.935613802726,1.23702701346,1.23715403252,0.00312618496536,1.23179857483,1.24246817107,1.24125099632,1.24236039851
pareto,qcut,10000,100,29,1.24247063786,1.25256359533,0.0100929574766,1.24751711659,100,0.01,0.990789867412,1.24794688946,1.24790580341,0.00307282663521,1.24247159716,1.25249984775,1.25195607831,1.25244584084
pareto,qcut,10000,100,30,1.25256359533,1.26361123915,0.0110476438194,1.25808741724,100,0.01,0.905170384154,1.25779506509,1.25733379834,0.00341470409796,1.25258963308,1.26358063712,1.26219599106,1.2634976716
pareto,qcut,10000,100,31,1.26361123915,1.27772180208,0.0141105629285,1.27066652062,100,0.01,0.708688948178,1.27077573125,1.27074756231,0.00436420446094,1.26362435431,1.27757807883,1.27649942327,1.27749023884
pareto,qcut,10000,100,32,1.27772180208,1.28914358928,0.0114217871991,1.28343269568,100,0.01,0.875519726085,1.28301182085,1.28332441481,0.00347798975747,1.2777863734,1.28914055652,1.28777930754,1.28913173181
pareto,qcut,10000,100,33,1.28914358928,1.30061204626,0.0114684569767,1.29487781777,100,0.01,0.871956883157,1.29527753679,1.29560734845,0.00322609629264,1.28914501646,1.30059842326,1.29901836378,1.3005465362
pareto,qcut,10000,100,34,1.30061204626,1.31322475644,0.0126127101868,1.30691840135,100,0.01,0.792851009173,1.3066487605,1.30631723823,0.0039086381039,1.30061875609,1.31308379993,1.31216884745,1.31299936745
pareto,qcut,10000,100,35,1.31322475644,1.32734424815,0.0141194917106,1.3202845023,100,0.01,0.708240792582,1.32090240976,1.32110937335,0.00409753005686,1.3132973704,1.32729180124,1.32592046075,1.32725151936
pareto,qcut,10000,100,36,1.32734424815,1.34232615721,0.0149819090587,1.33483520268,100,0.01,0.667471679399,1.3349951379,1.33487497354,0.00434416372278,1.3273724888,1.34222424353,1.34085997711,1.34216797911
pareto,qcut,10000,100,37,1.34232615721,1.3556336901,0.0133075328908,1.34897992366,100,0.01,0.751454088604,1.34870522553,1.34858878095,0.00369818483471,1.34238348366,1.3556220896,1.35388275316,1.3555137564
pareto,qcut,10000,100,38,1.3556336901,1.37031463072,0.0146809406175,1.36297416041,100,0.01,0.681155265221,1.36332199009,1.3637744854,0.00434749484045,1.3556405031,1.37024619948,1.36865838058,1.37019423221
pareto,qcut,10000,100,39,1.37031463072,1.38497185482,0.0146572240977,1.37764324277,100,0.01,0.68225742701,1.37779317735,1.37826882275,0.00391264011302,1.37035657245,1.38461725348,1.38265106544,1.38458104664
pareto,qcut,10000,100,40,1.38497185482,1.39872788656,0.0137560317388,1.39184987069,100,0.01,0.726953833043,1.39250742272,1.39301169771,0.00386757828546,1.38519856715,1.39870141726,1.39707351443,1.39860870204
pareto,qcut,10000,100,41,1.39872788656,1.41130528648,0.0125773999185,1.40501658652,100,0.01,0.795076889087,1.40458877109,1.40449690089,0.00355564498183,1.39874553276,1.41120588179,1.40934617547,1.41114028975
pareto,qcut,10000,100,42,1.41130528648,1.42680688693,0.0155016004594,1.41905608671,100,0.01,0.645094680785,1.41959354666,1.4194733948,0.00484905371344,1.41137436431,1.42680321285,1.42578031627,1.42676376776
pareto,qcut,10000,100,43,1.42680688693,1.44617208293,0.0193651959953,1.43648948493,100,0.01,0.516390332555,1.43617669163,1.43659631943,0.00587464479628,1.42680954748,1.4461672966,1.44446226668,1.4460202904
pareto,qcut,10000,100,44,1.44617208293,1.46294942336,0.0167773404299,1.45456075314,100,0.01,0.596042027148,1.45468243187,1.45513892619,0.00511187555245,1.44617569367,1.46293152667,1.46202125157,1.46291572408
pareto,qcut,10000,100,45,1.46294942336,1.48039254607,0.0174431227142,1.47167098472,100,0.01,0.573291844807,1.47121243678,1.47121818949,0.0048686944448,1.46296348505,1.48037808595,1.47830633831,1.47970259532
pareto,qcut,10000,100,46,1.48039254607,1.49971522405,0.019322677974,1.49005388506,100,0.01,0.51752660855,1.48963134273,1.48894033957,0.00600101424288,1.48040437708,1.4997040756,1.49794684178,1.499491818
pareto,qcut,10000,100,47,1.49971522405,1.51766578498,0.0179505609291,1.50869050451,100,0.01,0.557085655401,1.50903109932,1.50956681735,0.00522191870523,1.49972472088,1.51762829487,1.51621285619,1.5173180819
pareto,qcut,10000,100,48,1.51766578498,1.53423623986,0.0165704548796,1.52595101242,100,0.01,0.603483734917,1.52510186069,1.52417753858,0.00473324573743,1.51769903092,1.53422899629,1.53174027629,1.53414837679
pareto,qcut,10000,100,49,1.53423623986,1.5512788641,0.0170426242435,1.54275755198,100,0.01,0.586764095547,1.54238148679,1.54224284926,0.00457319852902,1.53424292623,1.55095679089,1.54888533346,1.55084445655
pareto,qcut,10000,100,50,1.5512788641,1.57159838811,0.0203195240077,1.5614386261,100,0.01,0.492137512484,1.56230655468,1.5622960186,0.00600635345717,1.55158830699,1.57158723657,1.57028522977,1.57150066809
pareto,qcut,10000,100,51,1.57159838811,1.59200146396,0.0204030758512,1.58179992603,100,0.01,0.49012217927,1.58139538669,1.58082061918,0.00608193899155,1.57160953964,1.59193495335,1.58934737908,1.59174437084
pareto,qcut,10000,100,52,1.59200146396,1.61448222612,0.0224807621609,1.60324184504,100,0.01,0.444824776332,1.60380292733,1.60393437197,0.00617151287673,1.59207068929,1.61433546034,1.6120596174,1.61421554512
pareto,qcut,10000,100,53,1.61448222612,1.63788855414,0.0234063280237,1.62618539013,100,0.01,0.427234890919,1.62618842556,1.6264775548,0.0071871383272,1.61464122238,1.63786464438,1.6357558917,1.6377855054
pareto,qcut,10000,100,54,1.63788855414,1.65904913361,0.0211605794649,1.64846884388,100,0.01,0.472576850581,1.64868560236,1.65000904193,0.00616978241179,1.63791551621,1.65874012743,1.65626799449,1.65864951112
pareto,qcut,10000,100,55,1.65904913361,1.68736025156,0.0283111179483,1.67320469258,100,0.01,0.353218125058,1.67380174453,1.67421986499,0.00816456167674,1.65941187999,1.68732398418,1.68410134212,1.68704823221
pareto,qcut,10000,100,56,1.68736025156,1.71065679437,0.0232965428137,1.69900852296,100,0.01,0.429248239962,1.69948105971,1.70011534993,0.00719523368928,1.68740457835,1.7105578823,1.70894929871,1.71040888855
pareto,qcut,10000,100,57,1.71065679437,1.73600225462,0.0253454602532,1.7233295245,100,0.01,0.394547974276,1.72352810191,1.72420754182,0.00718577108806,1.71078268247,1.73523406445,1.73256799754,1.73479346567
pareto,qcut,10000,100,58,1.73600225462,1.76484919457,0.0288469399496,1.7504257246,100,0.01,0.346657219708,1.7520151234,1.75257294286,0.00757969131166,1.73702055322,1.76459243145,1.76157954778,1.76453948467
pareto,qcut,10000,100,59,1.76484919457,1.79130602259,0.0264568280212,1.77807760858,100,0.01,0.377974260255,1.77835334158,1.78002931261,0.00770257033376,1.76520377222,1.79122491625,1.78897696536,1.79108353034
pareto,qcut,10000,100,60,1.79130602259,1.81874824775,0.0274422251513,1.80502713517,100,0.01,0.364401936974,1.80603871638,1.80693356216,0.00849386612982,1.7914227366,1.81872552368,1.81686143494,1.81805517071
pareto,qcut,10000,100,61,1.81874824775,1.85130525666,0.032557008915,1.8350267522,100,0.01,0.307153523413,1.83462651841,1.83389493158,0.00935484264782,1.81878233384,1.85126137041,1.84749471376,1.85116792054
pareto,qcut,10000,100,62,1.85130525666,1.88893766174,0.0376324050794,1.8701214592,100,0.01,0.265728432156,1.86853875213,1.86672674884,0.0110227889612,1.85137389925,1.88874256481,1.88318362088,1.88816337528
pareto,qcut,10000,100,63,1.88893766174,1.92758733073,0.038649668994,1.90826249624,100,0.01,0.258734428012,1.90751878312,1.90789137867,0.0114164506457,1.88925597778,1.92754295844,1.92352941648,1.92658375212
pareto,qcut,10000,100,64,1.92758733073,1.96246514049,0.0348778097577,1.94502623561,100,0.01,0.286715251602,1.94536225385,1.94530703225,0.00966195484149,1.92766288355,1.9624359156,1.95855694333,1.96165203622
pareto,qcut,10000,100,65,1.96246514049,1.99223145257,0.0297663120791,1.97734829653,100,0.01,0.335950250519,1.97678140882,1.97651349277,0.00872056474223,1.96251709585,1.99212172527,1.98941175468,1.9915752043
pareto,qcut,10000,100,66,1.99223145257,2.03679546391,0.0445640113358,2.01451345824,100,0.01,0.224396316675,2.01460853351,2.01667965563,0.0135114157672,1.99243523184,2.03667643011,2.03379595252,2.03665757607
pareto,qcut,10000,100,67,2.03679546391,2.07867890084,0.0418834369292,2.05773718237,100,0.01,0.238757865476,2.05705673874,2.05577295688,0.0123859264747,2.03702652951,2.0785835875,2.07582628918,2.07855383911
pareto,qcut,10000,100,68,2.07867890084,2.11963287852,0.0409539776792,2.09915588968,100,0.01,0.244176526108,2.09950412864,2.09951330213,0.0122659735367,2.0788724158,2.11950798105,2.11606270092,2.11946523124
pareto,qcut,10000,100,69,2.11963287852,2.16519080838,0.04555792986,2.14241184345,100,0.01,0.219500754989,2.1415655916,2.14182944855,0.0133648103114,2.11989828563,2.16516429052,2.1616071791,2.16506373097
pareto,qcut,10000,100,70,2.16519080838,2.22099896758,0.055808159205,2.19309488798,100,0.01,0.17918526865,2.19033871542,2.1883002497,0.0155539132469,2.16524983199,2.22087206802,2.21407500199,2.22032722844
pareto,qcut,10000,100,71,2.22099896758,2.27651850014,0.0555195325614,2.24875873386,100,0.01,0.18011679023,2.2483175227,2.24624814894,0.015651806753,2.22129506655,2.2765138719,2.26857145435,2.27572817946
pareto,qcut,10000,100,72,2.27651850014,2.34093060143,0.0644121012926,2.30872455079,100,0.01,0.155250330285,2.31255188113,2.31213291764,0.0175260916897,2.27652983136,2.34071116282,2.33560299744,2.34036766519
pareto,qcut,10000,100,73,2.34093060143,2.39579244173,0.0548618402973,2.36836152158,100,0.01,0.182276058291,2.36743467961,2.36555171256,0.0168234092215,2.34149487216,2.39562121403,2.39112830506,2.39552081699
pareto,qcut,10000,100,74,2.39579244173,2.4479527089,0.0521602671683,2.42187257532,100,0.01,0.19171680942,2.42169771917,2.41922252109,0.0160463142196,2.39625539069,2.44792220499,2.4449737845,2.44750960676
pareto,qcut,10000,100,75,2.4479527089,2.50628303067,0.0583303217719,2.47711786979,100,0.01,0.171437422189,2.47582184237,2.47647114809,0.0177778735951,2.44803952772,2.50606430971,2.50050161538,2.50560430196
pareto,qcut,10000,100,76,2.50628303067,2.56546064993,0.0591776192572,2.5358718403,100,0.01,0.168982803389,2.53572742027,2.5356923052,0.0174088217901,2.50693919355,2.56520221956,2.56018315134,2.56466859983
pareto,qcut,10000,100,77,2.56546064993,2.6302566563,0.0647960063701,2.59785865311,100,0.01,0.154330499057,2.59658712398,2.5920173387,0.018843379955,2.56627901276,2.62998851346,2.6228860122,2.62962716399
pareto,qcut,10000,100,78,2.6302566563,2.71905648684,0.0887998305445,2.67465657157,100,0.01,0.11261282751,2.67533247388,2.67324521052,0.025416678769,2.63115435191,2.71887216206,2.70971023855,2.71878293152
pareto,qcut,10000,100,79,2.71905648684,2.8163494567,0.0972929698567,2.76770297177,100,0.01,0.102782349174,2.76600635057,2.76324103092,0.0271217585286,2.719710002,2.81602115174,2.80538571668,2.81494342512
pareto,qcut,10000,100,80,2.8163494567,2.91035939979,0.0940099430919,2.86335442825,100,0.01,0.10637172698,2.86554352341,2.86574372343,0.027063451717,2.8175845087,2.91035115162,2.90232364465,2.90967408018
pareto,qcut,10000,100,81,2.91035939979,3.03190047972,0.121541079926,2.97112993976,100,0.01,0.0822767084682,2.97469244562,2.9756054409,0.0335179687076,2.91039239248,3.03167970591,3.01968825078,3.03163004633
pareto,qcut,10000,100,82,3.03190047972,3.14299179345,0.111091313735,3.08744613659,100,0.01,0.0900160387327,3.08526374829,3.08819168473,0.0333176326068,3.03284167331,3.14253782948,3.13058033707,3.13945349863
pareto,qcut,10000,100,83,3.14299179345,3.26638947244,0.123397678991,3.20469063295,100,0.01,0.0810388013919,3.20420173948,3.20128722764,0.0375905694332,3.14505985157,3.26632959174,3.2565181501,3.26524189253
pareto,qcut,10000,100,84,3.26638947244,3.39158392617,0.12519445373,3.32898669931,100,0.01,0.0798757429111,3.32986003724,3.32876935558,0.0342207548658,3.26668183119,3.391447689,3.38021550362,3.38946488417
pareto,qcut,10000,100,85,3.39158392617,3.55761088274,0.166026956565,3.47459740446,100,0.01,0.060231182977,3.47284325307,3.46879990188,0.0499615935798,3.39229917133,3.55750624878,3.54786533311,3.55695620476
pareto,qcut,10000,100,86,3.55761088274,3.71427542247,0.15666453973,3.6359431526,100,0.01,0.0638306538114,3.63660190165,3.63960391265,0.0481336001424,3.55820380849,3.71405443125,3.69896133617,3.71113791789
pareto,qcut,10000,100,87,3.71427542247,3.89694081146,0.182665388992,3.80560811696,100,0.01,0.0547449084645,3.80807741532,3.81149229728,0.0496944386851,3.71563293997,3.89671374687,3.8734421458,3.88420953222
pareto,qcut,10000,100,88,3.89694081146,4.09798026484,0.201039453378,3.99746053815,100,0.01,0.0497414802516,3.99362479698,3.99914256549,0.062826903216,3.8984603976,4.09771767171,4.07930560129,4.09634186011
pareto,qcut,10000,100,89,4.09798026484,4.30440966831,0.206429403473,4.20119496658,100,0.01,0.0484427113181,4.204267662,4.20811239213,0.0616083598248,4.09990594776,4.30420387717,4.28142855239,4.30234804061
pareto,qcut,10000,100,90,4.30440966831,4.56750153925,0.263091870937,4.43595560378,100,0.01,0.0380095362293,4.4395411919,4.45721021379,0.07848541187,4.30607470573,4.56738631603,4.53611645888,4.56588460805
pareto,qcut,10000,100,91,4.56750153925,4.93291723788,0.365415698628,4.75020938856,100,0.01,0.027366093021,4.74628246075,4.74366668234,0.0962311433908,4.56853854819,4.93278541866,4.87921151511,4.92282446081
pareto,qcut,10000,100,92,4.93291723788,5.28432707058,0.351409832707,5.10862215423,100,0.01,0.0284568019141,5.11327845047,5.12519195051,0.0993018711121,4.93425007659,5.28406964517,5.23485001818,5.28176821292
pareto,qcut,10000,100,93,5.28432707058,5.72830064666,0.443973576079,5.50631385862,100,0.01,0.0225238629927,5.52344706001,5.51368540815,0.118140949461,5.2872874628,5.72807346139,5.67570513344,5.72562909353
pareto,qcut,10000,100,94,5.72830064666,6.254553667,0.526253020337,5.99142715683,100,0.01,0.0190022662361,5.96436247059,5.97543180806,0.157352620281,5.73131896529,6.25398273749,6.20131669748,6.25191738731
pareto,qcut,10000,100,95,6.254553667,7.10979603015,0.855242363147,6.68217484857,100,0.01,0.0116925919843,6.63180480311,6.59044347034,0.237228160527,6.26349822938,7.10942935926,6.98683170497,7.10789679424
pareto,qcut,10000,100,96,7.10979603015,8.27466501914,1.164868989,7.69223052465,100,0.01,0.0085846563815,7.7315823204,7.76902912273,0.329700213182,7.11676277703,8.27465529966,8.12193260477,8.24275102928
pareto,qcut,10000,100,97,8.27466501914,10.0914616285,1.81679660939,9.18306332384,100,0.01,0.00550419345144,9.12251331953,9.06744534808,0.542426553478,8.27489828684,10.0904777881,9.92427980429,10.0829710371
pareto,qcut,10000,100,98,10.0914616285,13.1807098608,3.08924823226,11.6360857447,100,0.01,0.00323703349429,11.6745395344,11.7118213293,0.887792617332,10.1232724688,13.1806382085,12.984061446,13.1711412956
pareto,qcut,10000,100,99,13.1807098608,21.189404782,8.00869492123,17.1850573214,100,0.01,0.00124864289355,16.5563157753,16.4468165456,2.30569887514,13.1842208227,21.1863928447,20.3037057046,20.9428682795
pareto,qcut,10000,100,100,21.189404782,433.509469359,412.320064577,227.34943707,100,0.01,2.42530035744e-05,58.5922859768,34.1080937572,73.0605154318,21.4875865729,433.509469359,112.668765172,433.175833756
pareto,log_binning,10000,100,1,1.00009202188,1.06269723111,0.0626052092297,1.03139462649,869,0.0869,1.38806340669,1.03192584083,1.03234217038,0.0179047754545,1.00009202188,1.06268360305,1.05681586534,1.06208223549
pareto,log_binning,10000,100,2,1.06269723111,1.12922149192,0.0665242608139,1.09595936151,796,0.0796,1.19655594855,1.09608383702,1.09636894709,0.0193259746996,1.06274575623,1.12919064194,1.12251406958,1.12888801485
pareto,log_binning,10000,100,3,1.12922149192,1.19991013479,0.0706886428667,1.16456581335,747,0.0747,1.05674684038,1.1650594547,1.1649654148,0.0197402581708,1.12923760902,1.19990050089,1.19257603326,1.19938018562
pareto,log_binning,10000,100,4,1.19991013479,1.27502384773,0.0751137129403,1.23746699126,661,0.0661,0.879999102861,1.23641781284,1.23642480328,0.0204708484082,1.19997044489,1.27381302908,1.26426072424,1.27332615054
pareto,log_binning,10000,100,5,1.27502384773,1.35483963769,0.079815789961,1.31493174271,623,0.0623,0.780547308126,1.31299089142,1.31155749401,0.0235586308675,1.27512608066,1.35480589843,1.34671512108,1.35385566046
pareto,log_binning,10000,100,6,1.35483963769,1.4396518521,0.084812214411,1.39724574489,573,0.0573,0.675610233714,1.39630626751,1.39628077095,0.023469598289,1.35528036301,1.43957168007,1.4284026624,1.43855002499
pareto,log_binning,10000,100,7,1.4396518521,1.52977326438,0.090121412277,1.48471255824,512,0.0512,0.568122477293,1.48551946132,1.48379094972,0.0264181669024,1.4397106928,1.52963492128,1.52214271702,1.5284146611
pareto,log_binning,10000,100,8,1.52977326438,1.62553622738,0.0957629630026,1.57765474588,463,0.0463,0.483485457721,1.57525971606,1.57359091391,0.0272483553477,1.52979288985,1.62509646632,1.61416465491,1.62339686694
pareto,log_binning,10000,100,9,1.62553622738,1.72729389907,0.101757671694,1.67641506323,418,0.0418,0.410779839046,1.67501266111,1.67464361278,0.0298714352381,1.62557734369,1.72710158349,1.7159606669,1.72620652321
pareto,log_binning,10000,100,10,1.72729389907,1.83542154492,0.108127645844,1.781357722,395,0.0395,0.36530897988,1.78123735926,1.78121311003,0.0313466023608,1.72751375045,1.83514878638,1.82388842058,1.83409389231
pareto,log_binning,10000,100,11,1.83542154492,1.95031792178,0.114896376864,1.89286973335,310,0.031,0.269808333789,1.89310322489,1.89320019551,0.0341291642822,1.83573426284,1.9502919869,1.94145173064,1.94834175583
pareto,log_binning,10000,100,12,1.95031792178,2.0724067485,0.122088826714,2.01136233514,317,0.0317,0.25964701974,2.00691478214,2.00128353286,0.0353935689379,1.95065094005,2.07143846236,2.05699651853,2.07055247496
pareto,log_binning,10000,100,13,2.0724067485,2.20213826846,0.12973151996,2.13727250848,290,0.029,0.223538581902,2.1339992783,2.13248829489,0.0369529580212,2.07318649175,2.20183374127,2.18543229696,2.19938052447
pareto,log_binning,10000,100,14,2.20213826846,2.33999091005,0.13785264159,2.27106458925,224,0.0224,0.16249235228,2.27190691294,2.26715800344,0.040265907224,2.20230324332,2.33898130737,2.33015432843,2.33781560108
pareto,log_binning,10000,100,15,2.33999091005,2.486473051,0.146482140957,2.41323198052,267,0.0267,0.182274779884,2.4112881699,2.41235434174,0.0416652025353,2.34036419552,2.48608704848,2.46719391444,2.48380240788
pareto,log_binning,10000,100,16,2.486473051,2.64212489323,0.155651842227,2.56429897212,246,0.0246,0.158045029522,2.55931842317,2.55909931951,0.0436093529413,2.48755017562,2.64176403036,2.62050168125,2.63923453544
pareto,log_binning,10000,100,17,2.64212489323,2.80752045497,0.165395561741,2.7248226741,183,0.0183,0.110643839577,2.72273986858,2.72397000271,0.0479235591277,2.64281190783,2.80732576713,2.78909192307,2.80648785446
pareto,log_binning,10000,100,18,2.80752045497,2.9832696877,0.175749232726,2.89539507133,164,0.0164,0.0933147743842,2.89376750893,2.8899694972,0.0498054093276,2.8093200549,2.98223292467,2.96669144933,2.98130093794
pareto,log_binning,10000,100,19,2.9832696877,3.1700207255,0.186751037806,3.0766452066,164,0.0164,0.0878174504019,3.07453237515,3.08056043591,0.0529503686295,2.98328921018,3.16820352244,3.14742190659,3.16364090776
pareto,log_binning,10000,100,20,3.1700207255,3.36846227532,0.198441549819,3.26924150041,159,0.0159,0.0801243490314,3.26910902603,3.27066821471,0.056919655682,3.17076170742,3.36185002044,3.34067257248,3.35926039334
pareto,log_binning,10000,100,21,3.36846227532,3.57932615676,0.210863881438,3.47389421604,135,0.0135,0.0640223442152,3.47114385437,3.46665335931,0.0641682816822,3.36998203682,3.5784064763,3.55898160223,3.57817435043
pareto,log_binning,10000,100,22,3.57932615676,3.80339000093,0.22406384417,3.69135807885,129,0.0129,0.0575728763728,3.6886733839,3.69001959663,0.0643743508014,3.57944893294,3.80052900123,3.78148410615,3.79853906157
pareto,log_binning,10000,100,23,3.80339000093,4.04148011822,0.238090117291,3.92243505958,126,0.0126,0.052921138195,3.91159165743,3.90650090048,0.068842607968,3.80544531235,4.04065227299,4.01070644639,4.03841993914
pareto,log_binning,10000,100,24,4.04148011822,4.2944745456,0.252994427377,4.16797733191,124,0.0124,0.0490129372753,4.16916303992,4.162066394,0.0755021811291,4.04256890276,4.29161875068,4.27029908224,4.29041279153
pareto,log_binning,10000,100,25,4.2944745456,4.56330628465,0.268831739057,4.42889041513,102,0.0102,0.0379419485057,4.42900774126,4.44285980755,0.0800625576343,4.29712386849,4.56066179685,4.52665835209,4.55760339855
pareto,log_binning,10000,100,26,4.56330628465,4.84896674237,0.285660457718,4.70613651351,85,0.0085,0.0297556058962,4.70906182857,4.71662726759,0.0774217416445,4.56432428633,4.84372367523,4.80277559845,4.84338834025
pareto,log_binning,10000,100,27,4.84896674237,5.15250938726,0.30354264489,5.00073806482,81,0.0081,0.0266848831173,5.01617366025,5.01659589355,0.0903745484803,4.85761758532,5.14877468626,5.12849631522,5.14714333104
pareto,log_binning,10000,100,28,5.15250938726,5.47505363438,0.32254424712,5.31378151082,70,0.007,0.0217024487725,5.2987153429,5.27927322451,0.0969951740697,5.15486048136,5.4644333775,5.44406388588,5.46189068915
pareto,log_binning,10000,100,29,5.47505363438,5.81778897356,0.342735339175,5.64642130397,94,0.0094,0.0274264101935,5.64230241894,5.65417056596,0.106616857463,5.48179409952,5.81771796854,5.78132349999,5.81509433093
pareto,log_binning,10000,100,30,5.81778897356,6.18197935602,0.364190382461,5.99988416479,60,0.006,0.0164748996375,5.99425769294,6.00624030836,0.0929963388516,5.81999025492,6.16473355907,6.09931682553,6.15055391216
pareto,log_binning,10000,100,31,6.18197935602,6.56896785565,0.386988499629,6.37547360583,61,0.0061,0.0157627423188,6.3838506014,6.41699776493,0.113162189589,6.19397429374,6.55942723416,6.52838076403,6.55575361223
pareto,log_binning,10000,100,32,6.56896785565,6.98018162201,0.411213766363,6.77457473883,40,0.004,0.00972730080362,6.75293612986,6.75025180238,0.117516382573,6.57078526067,6.96244570374,6.91952954716,6.96208823184
pareto,log_binning,10000,100,33,6.98018162201,7.41713714345,0.436955521439,7.19865938273,34,0.0034,0.00778111234022,7.1758283483,7.17967461198,0.119883700423,6.98199654426,7.39373776532,7.32457818759,7.38788198043
pareto,log_binning,10000,100,34,7.41713714345,7.88144583964,0.464308696193,7.64929149155,39,0.0039,0.00839958422485,7.67538833069,7.7131155318,0.125879716992,7.45410127153,7.8654862247,7.82330926808,7.85986774161
pareto,log_binning,10000,100,35,7.88144583964,8.37482000425,0.493374164606,8.12813292194,46,0.0046,0.00932355265029,8.09949561881,8.08067164276,0.137083018066,7.88711635915,8.35025852354,8.28816406045,8.34112563252
pareto,log_binning,10000,100,36,8.37482000425,8.89907911957,0.524259115319,8.63694956191,31,0.0031,0.00591310653343,8.60197798571,8.58227695738,0.140013962673,8.37719836539,8.85308528402,8.81875433259,8.85235784812
pareto,log_binning,10000,100,37,8.89907911957,9.45615656649,0.557077446919,9.17761784303,31,0.0031,0.00556475588295,9.16407571816,9.19867745259,0.161643283065,8.93865314672,9.42223975681,9.37149114849,9.41793990105
pareto,log_binning,10000,100,38,9.45615656649,10.0481067545,0.591950187986,9.75213166048,27,0.0027,0.00456119459846,9.74133331632,9.70793834445,0.163742423251,9.46426170236,10.0103837486,9.93241634926,10.0068092522
pareto,log_binning,10000,100,39,10.0481067545,10.6771126979,0.629005943418,10.3626097262,23,0.0023,0.0036565632234,10.3414315721,10.2982917131,0.199684932418,10.0572041009,10.667619555,10.6238414753,10.663344459
pareto,log_binning,10000,100,40,10.6771126979,11.3454940666,0.668381368712,11.0113033822,21,0.0021,0.00314191881807,11.1268724479,11.1347038401,0.130302706891,10.8681399977,11.3222370008,11.3106340356,11.3219653952
pareto,log_binning,10000,100,41,11.3454940666,12.0557157405,0.710221673922,11.7006049036,23,0.0023,0.00323842552889,11.6766011823,11.723711364,0.1571620957,11.3684457632,11.8669086372,11.8414715279,11.8665517998
pareto,log_binning,10000,100,42,12.0557157405,12.8103968997,0.754681159172,12.4330563201,24,0.0024,0.003180150943,12.4072938475,12.4217660338,0.204755636258,12.066283574,12.7496267389,12.677027902,12.7412825227
pareto,log_binning,10000,100,43,12.8103968997,13.6123206834,0.801923783688,13.2113587915,21,0.0021,0.00261870272801,13.1948793029,13.1509855486,0.198185434804,12.8152083092,13.5389693941,13.4916021929,13.5343470278
pareto,log_binning,10000,100,44,13.6123206834,14.4644444538,0.852123770455,14.0383825686,18,0.0018,0.00211236919144,14.0033304459,13.9971297646,0.216984573269,13.6189277575,14.4228155579,14.2397208415,14.4194824233
pareto,log_binning,10000,100,45,14.4644444538,15.3699107026,0.905466248719,14.9171775782,11,0.0011,0.00121484373554,14.8966360576,14.7989622101,0.200686540025,14.6858582581,15.2319723823,15.224907246,15.2312658687
pareto,log_binning,10000,100,46,15.3699107026,16.3320586393,0.962147936715,15.8509846709,9,0.0009,0.000935407088304,15.8471410697,15.8628434191,0.287029519476,15.401483861,16.2974123081,16.1598469499,16.2836557723
pareto,log_binning,10000,100,47,16.3320586393,17.3544365064,1.02237786713,16.8432475728,18,0.0018,0.0017606014937,16.7493285532,16.6311402282,0.331474812217,16.3330625259,17.3457463533,17.1836522633,17.3226269455
pareto,log_binning,10000,100,48,17.3544365064,18.4408146644,1.08637815799,17.8976255854,14,0.0014,0.00128868570277,17.8762849228,17.8628484179,0.349236768721,17.3758919091,18.3590788571,18.3205234305,18.3570968122
pareto,log_binning,10000,100,49,18.4408146644,19.5951994962,1.15438483177,19.0180070803,8,0.0008,0.000693009798798,18.9261033166,18.9728657293,0.275681207691,18.5568903629,19.3796605842,19.1901740264,19.3607119284
pareto,log_binning,10000,100,50,19.5951994962,20.821848182,1.22664868584,20.2085238391,11,0.0011,0.000896752275284,20.335105802,20.3929322222,0.395246809974,19.6784087174,20.7608745731,20.6679885516,20.7515859709
pareto,log_binning,10000,100,51,20.821848182,22.1252843993,1.30343621733,21.4735662907,6,0.0006,0.000460321718869,21.3403520698,21.3369897088,0.386098475195,20.925309922,21.8740074631,21.7512073219,21.861727449
pareto,log_binning,10000,100,52,22.1252843993,23.5103150053,1.38503060597,22.8177997023,3,0.0003,0.000216601711693,23.1564511095,23.1289458322,0.207505079479,22.9640704107,23.3763370856,23.3268588349,23.3713892605
pareto,log_binning,10000,100,53,23.5103150053,24.9820477637,1.47173275835,24.2461813845,10,0.001,0.000679471184103,24.135832407,24.1056350703,0.373775178254,23.5314972744,24.6325532403,24.6164473776,24.630942654
pareto,log_binning,10000,100,54,24.9820477637,26.5459101813,1.56386241767,25.7639789725,10,0.001,0.000639442439884,25.6206723288,25.5295599358,0.509196108603,25.0164036625,26.3334274327,26.3117384602,26.3312585355
pareto,log_binning,10000,100,55,26.5459101813,28.2076695242,1.66175934288,27.3767898528,8,0.0008,0.000481417482879,27.1886862818,27.134039851,0.291176221408,26.7734132152,27.6086582629,27.5705226065,27.6048446973
pareto,log_binning,10000,100,56,28.2076695242,29.9734540858,1.76578456163,29.090561805,5,0.0005,0.000283160251179,29.1902273062,29.0874412908,0.417837846182,28.7617797026,29.8254465082,29.6378825507,29.8066901124
pareto,log_binning,10000,100,57,29.9734540858,31.8497757876,1.87632170173,30.9116149367,3,0.0003,0.000159887294233,30.6266672502,30.7675601095,0.257611911295,30.3293380347,30.7831036063,30.779994907,30.7827927364
pareto,log_binning,10000,100,58,31.8497757876,33.8435541934,1.99377840587,32.8466649905,8,0.0008,0.000401248201729,32.5435624318,32.29902956,0.733423575512,31.8712860962,33.7006601972,33.691127554,33.6997069329
pareto,log_binning,10000,100,59,33.8435541934,35.9621420284,2.11858783493,34.9028481109,4,0.0004,0.000188805011247,35.4204264894,35.6132031323,0.664270426761,34.5155273172,35.9397723756,35.9268867197,35.93848381
pareto,log_binning,10000,100,60,35.9621420284,38.2133522938,2.25121026544,37.0877471611,4,0.0004,0.000177682203276,37.3036523659,37.3033940093,0.614851447673,36.6210212204,37.9868002245,37.8769900839,37.9758192105
pareto,log_binning,10000,100,61,38.2133522938,40.6054870808,2.39213478699,39.4094196873,2,0.0002,8.36073289382e-05,38.9817068518,38.9817068518,0.776638056787,38.4325408153,39.5308728883,39.421039681,39.5198895675
pareto,log_binning,10000,100,62,40.6054870808,43.1473681867,2.54188110589,41.8764276337,5,0.0005,0.000196704715591,42.315022627,42.3754946014,0.483203526298,41.592198539,42.7966081806,42.7531044899,42.7922578116
pareto,log_binning,10000,100,63,43.1473681867,45.8483696485,2.70100146181,44.4978689176,3,0.0003,0.000111069913971,44.3899181675,43.8735622717,1.21182059572,43.5218005956,45.7743916351,45.3942257624,45.7363750479
pareto,log_binning,10000,100,64,45.8483696485,48.7184523128,2.87008266429,47.2834109806,3,0.0003,0.000104526606057,48.0103289485,48.153349347,0.315193088144,47.6489816277,48.2286558709,48.2135945661,48.2271497404
pareto,log_binning,10000,100,65,48.7184523128,51.7682005696,3.04974825683,50.2433264412,5,0.0005,0.000163947958288,50.6176457057,50.8830713365,1.09932905434,48.818364067,51.7356582892,51.4948509258,51.7115775529
pareto,log_binning,10000,100,66,51.7682005696,55.008861386,3.24066081641,53.3885309778,1,0.0001,3.0857903886e-05,52.5172782648,52.5172782648,,52.5172782648,52.5172782648,52.5172782648,52.5172782648
pareto,log_binning,10000,100,67,55.008861386,58.452385783,3.44352439698,56.7306235845,3,0.0003,8.71200448771e-05,56.8365024933,56.7982617713,0.982785117564,55.8733958833,57.8378498254,57.6299322146,57.8170580643
pareto,log_binning,10000,100,68,58.452385783,62.1114729088,3.65908712585,60.2819293459,1,0.0001,2.73292208031e-05,59.099957006,59.099957006,,59.099957006,59.099957006,59.099957006,59.099957006
pareto,log_binning,10000,100,69,62.1114729088,65.9996168716,3.88814396271,64.0555448902,1,0.0001,2.57192122923e-05,62.4737246912,62.4737246912,,62.4737246912,62.4737246912,62.4737246912,62.4737246912
pareto,log_binning,10000,100,70,65.9996168716,70.1311565029,4.13153963129,68.0653866872,1,0.0001,2.42040519817e-05,67.2072593652,67.2072593652,,67.2072593652,67.2072593652,67.2072593652,67.2072593652
pareto,log_binning,10000,100,71,70.1311565029,74.5213282374,4.39017173453,72.3262423701,,0,0,,,,,,,
pareto,log_binning,10000,100,72,74.5213282374,79.1863223022,4.66499406486,76.8538252698,2,0.0002,4.28725089934e-05,76.8044519276,76.8044519276,1.31981210153,75.8712038408,77.7377000145,77.5510503972,77.7190350528
pareto,log_binning,10000,100,73,79.1863223022,84.1433424238,4.95702012156,81.664832363,1,0.0001,2.01734101431e-05,79.805694242,79.805694242,,79.805694242,79.805694242,79.805694242,79.805694242
pareto,log_binning,10000,100,74,84.1433424238,89.4106692722,5.26732684842,86.777005848,2,0.0002,3.79699239777e-05,87.8368554718,87.8368554718,0.24182067877,87.66586243,88.0078485136,87.9736499052,88.0044286527
pareto,log_binning,10000,100,75,89.4106692722,95.0077278775,5.59705860531,92.2091985749,,0,0,,,,,,,
pareto,log_binning,10000,100,76,95.0077278775,100.955159266,5.94743138841,97.9814435717,,0,0,,,,,,,
pareto,log_binning,10000,100,77,100.955159266,107.274896581,6.31973731457,104.115027923,1,0.0001,1.58234424981e-05,102.710110527,102.710110527,,102.710110527,102.710110527,102.710110527,102.710110527
pareto,log_binning,10000,100,78,107.274896581,113.990245967,6.71534938645,110.632571274,2,0.0002,2.97825159184e-05,113.064783804,113.064783804,0.700068649748,112.569760514,113.559807093,113.460802435,113.549906627
pareto,log_binning,10000,100,79,113.990245967,121.125972523,7.13572655595,117.558109245,2,0.0002,2.80279798325e-05,116.311706179,116.311706179,1.27614751977,115.409333614,117.214078744,117.033604231,117.196031293
pareto,log_binning,10000,100,80,121.125972523,128.708391627,7.5824191045,124.917182075,,0,0,,,,,,,
pareto,log_binning,10000,100,81,128.708391627,136.765465988,8.05707436034,132.736928808,1,0.0001,1.24114530322e-05,130.576933047,130.576933047,,130.576933047,130.576933047,130.576933047,130.576933047
pareto,log_binning,10000,100,82,136.765465988,145.326908761,8.56144277352,141.046187375,,0,0,,,,,,,
pareto,log_binning,10000,100,83,145.326908761,154.424293133,9.09738437131,149.875600947,,0,0,,,,,,,
pareto,log_binning,10000,100,84,154.424293133,164.09116875,9.66687561766,159.257730941,,0,0,,,,,,,
pareto,log_binning,10000,100,85,164.09116875,174.363185452,10.2720167021,169.227177101,1,0.0001,9.73518666297e-06,172.772926772,172.772926772,,172.772926772,172.772926772,172.772926772,172.772926772
pareto,log_binning,10000,100,86,174.363185452,185.278224737,10.9150392848,179.820705095,,0,0,,,,,,,
pareto,log_binning,10000,100,87,185.278224737,196.876539464,11.5983147267,191.0773821,,0,0,,,,,,,
pareto,log_binning,10000,100,88,196.876539464,209.200902298,12.3243628345,203.038720881,,0,0,,,,,,,
pareto,log_binning,10000,100,89,209.200902298,222.296763452,13.0958611537,215.748832875,,0,0,,,,,,,
pareto,log_binning,10000,100,90,222.296763452,236.212418294,13.9156548423,229.254590873,,0,0,,,,,,,
pareto,log_binning,10000,100,91,236.212418294,250.999185458,14.7867671639,243.605801876,1,0.0001,6.76280345066e-06,240.540423061,240.540423061,,240.540423061,240.540423061,240.540423061,240.540423061
pareto,log_binning,10000,100,92,250.999185458,266.711596095,15.7124106366,258.855390776,,0,0,,,,,,,
pareto,log_binning,10000,100,93,266.711596095,283.407594975,16.6959988803,275.059595535,,0,0,,,,,,,
pareto,log_binning,10000,100,94,283.407594975,301.148754181,17.7411592059,292.278174578,1,0.0001,5.63661025976e-06,289.176670727,289.176670727,,289.176670727,289.176670727,289.176670727,289.176670727
pareto,log_binning,10000,100,95,301.148754181,320.000500173,18.8517459917,310.574627177,1,0.0001,5.30454845106e-06,318.683242647,318.683242647,,318.683242647,318.683242647,318.683242647,318.683242647
pareto,log_binning,10000,100,96,320.000500173,340.032355071,20.031854898,330.016427622,,0,0,,,,,,,
pareto,log_binning,10000,100,97,340.032355071,361.318193042,21.2858379713,350.675274056,,0,0,,,,,,,
pareto,log_binning,10000,100,98,361.318193042,383.936512736,22.6183196936,372.627352889,,0,0,,,,,,,
pareto,log_binning,10000,100,99,383.936512736,407.970726773,24.0342140372,395.953619754,,0,0,,,,,,,
pareto,log_binning,10000,100,100,407.970726773,433.509469359,25.5387425861,420.740098066,2,0.0002,7.83123911936e-06,433.340966529,433.340966529,0.238298987278,433.172463699,433.509469359,433.475768793,433.506099302
exponential,cut,100000,25,1,-0.0107102171808,0.428538489852,0.439248707032,0.208914136335,34764,0.34764,0.791442284142,0.199045107731,0.192507747908,0.123182482158,3.16591758574e-06,0.428531292714,0.375109226183,0.423294901744
exponential,cut,100000,25,2,0.428538489852,0.857073813786,0.428535323934,0.642806151819,22967,0.22967,0.535941816632,0.627592807792,0.620338494085,0.12345610306,0.42857501344,0.857050398991,0.806019745158,0.851570122423
exponential,cut,100000,25,3,0.857073813786,1.28560913772,0.428535323934,1.07134147575,14719,0.14719,0.343472268864,1.05586264428,1.05003769149,0.123122059246,0.857087296203,1.28560466356,1.23278829205,1.28035715149
exponential,cut,100000,25,4,1.28560913772,1.71414446165,0.428535323934,1.49987679969,9620,0.0962,0.224485578264,1.48534606886,1.47748055519,0.122686287886,1.28564333503,1.71404848672,1.66151443459,1.7089234702
exponential,cut,100000,25,5,1.71414446165,2.14267978559,0.428535323934,1.92841212362,6168,0.06168,0.14393212544,1.91163405321,1.90436218902,0.12325370436,1.71416484502,2.14258388011,2.08947042831,2.13824626787
exponential,cut,100000,25,6,2.14267978559,2.57121510952,0.428535323934,2.35694744755,4124,0.04124,0.0962347738838,2.34133002505,2.33372858718,0.121504745684,2.14289183826,2.57111839619,2.51461515578,2.56490632724
exponential,cut,100000,25,7,2.57121510952,2.99975043346,0.428535323934,2.78548277149,2706,0.02706,0.063145319624,2.77086534803,2.76320546069,0.121398213836,2.57134917953,2.9997135794,2.94763139104,2.99437936481
exponential,cut,100000,25,8,2.99975043346,3.42828575739,0.428535323934,3.21401809542,1681,0.01681,0.0392266379483,3.19502487841,3.18622695858,0.121506171579,3.00007888903,3.42815401258,3.371258488,3.42319140646
exponential,cut,100000,25,9,3.42828575739,3.85682108132,0.428535323934,3.64255341936,1108,0.01108,0.025855511509,3.62338282872,3.61845925988,0.12179923152,3.42835772819,3.85674174351,3.80597228779,3.85093590048
exponential,cut,100000,25,10,3.85682108132,4.28535640526,0.428535323934,4.07108874329,765,0.00765,0.0178515038848,4.05559637382,4.0531484774,0.124354951057,3.85692139396,4.28526517438,4.23334544903,4.28103681156
exponential,cut,100000,25,11,4.28535640526,4.71389172919,0.428535323934,4.49962406722,449,0.00449,0.0104775493389,4.47886356726,4.46689574008,0.11978569248,4.28573005222,4.71307136232,4.6540454106,4.70827724648
exponential,cut,100000,25,12,4.71389172919,5.14242705313,0.428535323934,4.92815939116,350,0.0035,0.00816735471856,4.90348590584,4.89352314156,0.124740997375,4.71419671557,5.1405105613,5.0795411139,5.13001380671
exponential,cut,100000,25,13,5.14242705313,5.57096237706,0.428535323934,5.35669471509,203,0.00203,0.00473706573676,5.34314801502,5.35569206767,0.125429585309,5.14272369055,5.57051141659,5.51753933448,5.5662218679
exponential,cut,100000,25,14,5.57096237706,5.99949770099,0.428535323934,5.78523003903,143,0.00143,0.00333694778501,5.78054347743,5.77840145382,0.12119280761,5.57435684545,5.99851689847,5.94567096279,5.99338542843
exponential,cut,100000,25,15,5.99949770099,6.42803302493,0.428535323934,6.21376536296,89,0.00089,0.00207684162843,6.1888982598,6.19194979567,0.125627748815,6.00319709086,6.41434708955,6.37236394413,6.40640711174
exponential,cut,100000,25,16,6.42803302493,6.85656834886,0.428535323934,6.64230068689,58,0.00058,0.00135344735336,6.60197739196,6.57387672422,0.124821484483,6.43286102515,6.84653608023,6.80232233002,6.84499445461
exponential,cut,100000,25,17,6.85656834886,7.2851036728,0.428535323934,7.07083601083,25,0.00025,0.000583382479897,7.04346565079,7.01868979552,0.133269754371,6.85700095005,7.28366197944,7.21691038899,7.2785088564
exponential,cut,100000,25,18,7.2851036728,7.71363899673,0.428535323934,7.49937133476,17,0.00017,0.00039670008633,7.47756978449,7.47323297161,0.134324150803,7.2971538258,7.69693624735,7.68958140937,7.69629676056
exponential,cut,100000,25,19,7.71363899673,8.14217432066,0.428535323934,7.9279066587,15,0.00015,0.000350029487938,7.89061714433,7.90718392075,0.124942364529,7.72438882324,8.08760810489,8.05563951843,8.08512381667
exponential,cut,100000,25,20,8.14217432066,8.5707096446,0.428535323934,8.35644198263,8,8e-05,0.000186682393567,8.34953478594,8.34411720916,0.130131299814,8.17329459127,8.56755941406,8.49460534832,8.56026400749
exponential,cut,100000,25,21,8.5707096446,8.99924496853,0.428535323934,8.78497730656,13,0.00013,0.000303358889546,8.83835211563,8.88646192332,0.127006030012,8.61264958022,8.97714215795,8.96552188636,8.9757485415
exponential,cut,100000,25,22,8.99924496853,9.42778029246,0.428535323934,9.2135126305,4,4e-05,9.33411967835e-05,9.20236378924,9.20414380718,0.0981114579563,9.09963082496,9.30153671763,9.29185562436,9.3005686083
exponential,cut,100000,25,23,9.42778029246,9.8563156164,0.428535323934,9.64204795443,1,1e-05,2.33352991959e-05,9.51732036303,9.51732036303,,9.51732036303,9.51732036303,9.51732036303,9.51732036303
exponential,cut,100000,25,24,9.8563156164,10.2848509403,0.428535323934,10.0705832784,2,2e-05,4.66705983917e-05,10.1291616363,10.1291616363,0.17785304469,10.0034005424,10.2549227303,10.2297705115,10.2524075084
exponential,cut,100000,25,25,10.2848509403,10.7133862643,0.428535323934,10.4991186023,1,1e-05,2.33352991959e-05,10.7133862643,10.7133862643,,10.7133862643,10.7133862643,10.7133862643,10.7133862643
exponential,qcut,100000,25,1,3.16591758574e-06,0.0399563624001,0.0399531964825,0.0199797641588,4000,0.04,1.00117145865,0.0198455927476,0.0199014884065,0.0116634261445,3.16591758574e-06,0.0399384809034,0.0361431105943,0.0395857453106
exponential,qcut,100000,25,2,0.0399563624001,0.083147087135,0.0431907247349,0.0615517247675,4000,0.04,0.926124769739,0.0611713671928,0.0611372105562,0.0124674017273,0.0399571074624,0.0831451823049,0.078747888464,0.0827456523713
exponential,qcut,100000,25,3,0.083147087135,0.128685013884,0.0455379267491,0.10591605051,4000,0.04,0.878388693899,0.105740584971,0.105777772481,0.0131358433522,0.0831472527724,0.128668911528,0.124130215867,0.128185954676
exponential,qcut,100000,25,4,0.128685013884,0.175708498932,0.0470234850477,0.152196756408,4000,0.04,0.850638781014,0.152179748541,0.151889148539,0.0135090047209,0.12868720966,0.175705906155,0.171100908904,0.175286314721
exponential,qcut,100000,25,5,0.175708498932,0.224991202921,0.049282703989,0.200349850926,4000,0.04,0.81164377687,0.200226039596,0.200132952247,0.014249132257,0.175708992794,0.224990502825,0.219973282406,0.224502523233
exponential,qcut,100000,25,6,0.224991202921,0.275712031133,0.0507208282119,0.250351617027,4000,0.04,0.788630655495,0.250179174851,0.249945026387,0.0147209262917,0.224991377945,0.275703889817,0.27080379811,0.275187579515
exponential,qcut,100000,25,7,0.275712031133,0.329329059982,0.0536170288497,0.302520545558,4000,0.04,0.746031640659,0.30192107289,0.301631723524,0.0154567224123,0.275714602074,0.329316710962,0.323582016088,0.328833431822
exponential,qcut,100000,25,8,0.329329059982,0.386348007789,0.0570189478063,0.357838533886,4000,0.04,0.701521187937,0.357188402562,0.356556472089,0.0161597549831,0.329333862379,0.386336178719,0.379873014401,0.385646104637
exponential,qcut,100000,25,9,0.386348007789,0.447910536561,0.0615625287721,0.417129272175,4000,0.04,0.649745889225,0.41687929519,0.416519758642,0.0178392887492,0.38635357441,0.447910512272,0.441928372665,0.447317009904
exponential,qcut,100000,25,10,0.447910536561,0.510599383247,0.0626888466858,0.479254959904,4000,0.04,0.638072035373,0.479007349309,0.479001173507,0.0180865830945,0.447910550223,0.510556299208,0.504064037094,0.509930270214
exponential,qcut,100000,25,11,0.510599383247,0.579144260616,0.0685448773692,0.544871821931,4000,0.04,0.583559290427,0.544156588064,0.543963648006,0.0198791732176,0.510628105939,0.579142011105,0.572138457254,0.578451555349
exponential,qcut,100000,25,12,0.579144260616,0.652571362037,0.0734271014209,0.615857811326,4000,0.04,0.544757987527,0.615541239222,0.615374618126,0.0211410215394,0.579146028089,0.652556202586,0.64480626158,0.651953160547
exponential,qcut,100000,25,13,0.652571362037,0.732523261343,0.0799518993059,0.69254731169,4000,0.04,0.500300810203,0.692260675319,0.692371779501,0.0231261786625,0.652585355376,0.732511279864,0.724565045991,0.731622699573
exponential,qcut,100000,25,14,0.732523261343,0.817667941953,0.0851446806101,0.775095601648,4000,0.04,0.469788596462,0.774741788085,0.77395861858,0.0247779243159,0.732536241278,0.817659388575,0.808995509132,0.816730978957
exponential,qcut,100000,25,15,0.817667941953,0.912192648583,0.0945247066298,0.864930295268,4000,0.04,0.423169787309,0.864022623691,0.863407345219,0.0272806188002,0.81767882807,0.912189800278,0.902330473934,0.911046970799
exponential,qcut,100000,25,16,0.912192648583,1.01732294423,0.105130295647,0.964757796406,4000,0.04,0.380480238868,0.963295330709,0.963226031641,0.0304016738882,0.912196921039,1.01732250751,1.00629984237,1.01626334201
exponential,qcut,100000,25,17,1.01732294423,1.13683587833,0.119512934102,1.07707941128,4000,0.04,0.334691808052,1.07650035307,1.07635255517,0.0344771589557,1.01732372062,1.13683465973,1.12501566938,1.13574251145
exponential,qcut,100000,25,18,1.13683587833,1.2690012607,0.132165382368,1.20291856952,4000,0.04,0.302651112441,1.20012869029,1.19899672553,0.0389430055157,1.13683846787,1.26899762931,1.25529095311,1.26771754351
exponential,qcut,100000,25,19,1.2690012607,1.42471842047,0.155717159768,1.34685984058,4000,0.04,0.256875992727,1.34539308292,1.34570689857,0.0442485425897,1.26901059856,1.42467722288,1.40696169974,1.42244591994
exponential,qcut,100000,25,20,1.42471842047,1.60484127398,0.18012285351,1.51477984722,4000,0.04,0.22207065467,1.51220452324,1.51023007149,0.0522244641182,1.42484887949,1.60482775634,1.5860173095,1.60292365134
exponential,qcut,100000,25,21,1.60484127398,1.82818371688,0.223342442899,1.71651249543,4000,0.04,0.1790971724,1.71194911494,1.71040930083,0.0639447821639,1.60489534451,1.82817931727,1.80243492359,1.82615959105
exponential,qcut,100000,25,22,1.82818371688,2.12184852458,0.293664807702,1.97501612073,4000,0.04,0.136209715808,1.96726493995,1.96364525182,0.0842274331198,1.82820681479,2.12184561083,2.08781241564,2.11915792546
exponential,qcut,100000,25,23,2.12184852458,2.5203698738,0.398521349226,2.32110919919,4000,0.04,0.100371034269,2.31045029836,2.30507751894,0.11434170811,2.12186989207,2.52035959928,2.47344361112,2.51657521242
exponential,qcut,100000,25,24,2.5203698738,3.20951875826,0.689148884455,2.86494431603,4000,0.04,0.0580426100982,2.82741671192,2.80796414095,0.194059069571,2.52048803087,3.20951573954,3.11133037182,3.1991155663
exponential,qcut,100000,25,25,3.20951875826,10.7133862643,7.50386750601,6.96145251126,4000,0.04,0.00533058452431,4.21264352085,3.92001549078,0.973708760807,3.20959120756,10.7133862643,5.49897572275,7.75548394174
exponential,log_binning,100000,25,1,3.16591758574e-06,5.77665846745e-06,2.61074088171e-06,4.47128802659e-06,4,4e-05,15.3213213461,3.94725699257e-06,3.94654837281e-06,6.99501020123e-07,3.16591758574e-06,4.7300136389e-06,4.59991078096e-06,4.71700335311e-06
exponential,log_binning,100000,25,2,5.77665846745e-06,1.05403195585e-05,4.76366109105e-06,8.15848901297e-06,,0,0,,,,,,,
exponential,log_binning,100000,25,3,1.05403195585e-05,1.92322840309e-05,8.69196447237e-06,1.48863017947e-05,,0,0,,,,,,,
exponential,log_binning,100000,25,4,1.92322840309e-05,3.50919862525e-05,1.58597022216e-05,2.71621351417e-05,5,5e-05,3.15264431206,2.58396036298e-05,2.47617634364e-05,3.50696950745e-06,2.36293876562e-05,3.20322666434e-05,2.91898909598e-05,3.17480290751e-05
exponential,log_binning,100000,25,5,3.50919862525e-05,6.403022632e-05,2.89382400675e-05,4.95611062862e-05,8,8e-05,2.76450813227,4.84350998958e-05,4.58926360866e-05,9.36793909301e-06,3.6258936016e-05,6.08218335942e-05,5.95469298901e-05,6.06943432238e-05
exponential,log_binning,100000,25,6,6.403022632e-05,0.000116832083915,5.28018575947e-05,9.04311551173e-05,10,0.0001,1.89387276424,8.9042702435e-05,8.41229979957e-05,1.3332029517e-05,7.55760149152e-05,0.000115096540241,0.000102313227948,0.000113818209012
exponential,log_binning,100000,25,7,0.000116832083915,0.00021317644207,9.63443581556e-05,0.000165004262992,11,0.00011,1.14173784647,0.000169760739096,0.00016928575683,2.06937018229e-05,0.000130595414831,0.000203695742557,0.000200850781609,0.000203411246462
exponential,log_binning,100000,25,8,0.00021317644207,0.000388970169247,0.000175793727177,0.000301073305659,16,0.00016,0.910157618077,0.000291205615707,0.000289330229223,3.81745530003e-05,0.000218932008917,0.000368212512036,0.000331561970162,0.000364409530772
exponential,log_binning,100000,25,9,0.000388970169247,0.000709730358076,0.000320760188829,0.000549350263662,31,0.00031,0.966454101213,0.000541307942659,0.000519422478473,8.4627550742e-05,0.000409035473765,0.000697806106922,0.000656238080431,0.000694463290597
exponential,log_binning,100000,25,10,0.000709730358076,0.00129500208756,0.000585271729488,0.00100236622282,60,0.0006,1.02516484185,0.0010169172435,0.00105533840796,0.00019155204604,0.000710057738293,0.00129130916182,0.00126173525257,0.00128587446066
exponential,log_binning,100000,25,11,0.00129500208756,0.00236291203795,0.00106790995038,0.00182895706276,110,0.0011,1.03004939658,0.00184794843125,0.00189381038765,0.000315552467662,0.00130306836867,0.00235670227004,0.00224850124364,0.00234928943835
exponential,log_binning,100000,25,12,0.00236291203795,0.00431146277886,0.00194855074091,0.0033371874084,213,0.00213,1.09312010987,0.0033825595909,0.00333408739173,0.000551261050092,0.0023757599162,0.00430559369274,0.00412536459599,0.00424326392838
exponential,log_binning,100000,25,13,0.00431146277886,0.00786686554344,0.00355540276458,0.00608916416115,338,0.00338,0.950665852453,0.00604995006504,0.00595474815631,0.00103171289068,0.00432861695952,0.00785512513228,0.00751655477749,0.00783375583451
exponential,log_binning,100000,25,14,0.00786686554344,0.0143541940758,0.0064873285324,0.0111105298096,661,0.00661,1.01890939652,0.0109708806741,0.0108712695494,0.00186303393719,0.00789583579173,0.0143434583353,0.0135343164593,0.0142858563575
exponential,log_binning,100000,25,15,0.0143541940758,0.0261912303482,0.0118370362724,0.020272712212,1156,0.01156,0.976595807766,0.0203297936185,0.0203737583718,0.00341478654346,0.0143661110834,0.0261634011868,0.0249774297085,0.0260356603742
exponential,log_binning,100000,25,16,0.0261912303482,0.0477895549921,0.0215983246439,0.0369903926702,2129,0.02129,0.985724603693,0.0369034584241,0.036938056787,0.00622265054842,0.0262036969108,0.0477800680683,0.0455661590184,0.0475217718472
exponential,log_binning,100000,25,17,0.0477895549921,0.0871987125452,0.0394091575531,0.0674941337687,3601,0.03601,0.913747013024,0.0671349407719,0.0667847949029,0.0114056143812,0.0477971579031,0.0871600236832,0.0830800746319,0.0867614506762
exponential,log_binning,100000,25,18,0.0871987125452,0.159106220403,0.0719075078581,0.123152466474,6258,0.06258,0.870284645708,0.122864242036,0.122694640524,0.0208580213553,0.087200598735,0.159084355409,0.151767845633,0.158348989428
exponential,log_binning,100000,25,19,0.159106220403,0.29031150383,0.131205283426,0.224708862117,10534,0.10534,0.802864010115,0.223879061174,0.223447177653,0.0379072164754,0.159124199132,0.290295390278,0.276990203969,0.28856273692
exponential,log_binning,100000,25,20,0.29031150383,0.529713854319,0.239402350489,0.410012679074,16043,0.16043,0.670127088028,0.406024437772,0.404000184297,0.0694498811642,0.290313729418,0.529697841966,0.503804035384,0.527104421815
exponential,log_binning,100000,25,21,0.529713854319,0.966536853536,0.436822999218,0.748125353927,20943,0.20943,0.479439041385,0.732723252445,0.725712045134,0.125122264164,0.529741122635,0.966512565907,0.913023334034,0.960994204318
exponential,log_binning,100000,25,22,0.966536853536,1.76358137819,0.797044524651,1.36505911586,20827,0.20827,0.261302842638,1.3140124363,1.28950100304,0.226806789231,0.966571626113,1.76343492243,1.64932798847,1.75156370399
exponential,log_binning,100000,25,23,1.76358137819,3.21790034814,1.45431896996,2.49074086317,13080,0.1308,0.0899390042364,2.32516884863,2.25580889364,0.398460111608,1.76360824943,3.21764888767,2.93162327621,3.18564373124
exponential,log_binning,100000,25,24,3.21790034814,5.87150827212,2.65360792398,4.54470431013,3690,0.0369,0.0139055961005,4.03324437365,3.86849758132,0.657975072725,3.218600519,5.87041737305,5.03978767758,5.77039951401
exponential,log_binning,100000,25,25,5.87150827212,10.7133862643,4.84187799215,8.29244726819,272,0.00272,0.000561765497687,6.78598452197,6.4631423564,0.934191900256,5.87385822064,10.7133862643,8.22242502714,9.65828361505
exponential,cut,100000,50,1,-0.0107102171808,0.214270827885,0.224981045065,0.101780305352,19138,0.19138,0.85064944002,0.102800016948,0.100816597551,0.0621204924174,3.16591758574e-06,0.214255818717,0.190614565006,0.211823628642
exponential,cut,100000,50,2,0.214270827885,0.428538489852,0.214267661967,0.321404658868,15626,0.15626,0.729274770469,0.316921630667,0.31438778937,0.0615758029722,0.214285318807,0.428531292714,0.404540015066,0.42634176457
exponential,cut,100000,50,3,0.428538489852,0.642806151819,0.214267661967,0.535672320835,12733,0.12733,0.594256729322,0.531747294405,0.52881630199,0.0617637668498,0.42857501344,0.642743983244,0.619913490431,0.640539718476
exponential,cut,100000,50,4,0.642806151819,0.857073813786,0.214267661967,0.749939982802,10234,0.10234,0.477626903941,0.74684245817,0.745583720383,0.0617050721752,0.642830309965,0.857050398991,0.833370409841,0.854768144566
exponential,cut,100000,50,5,0.857073813786,1.07134147575,0.214267661967,0.964207644769,8083,0.08083,0.377238446801,0.959262939445,0.956692242739,0.0614551623331,0.857087296203,1.07124605458,1.04666649708,1.06904621843
exponential,cut,100000,50,6,1.07134147575,1.28560913772,0.214267661967,1.17847530674,6636,0.06636,0.309706090928,1.17352620881,1.16924646929,0.0617346837093,1.0713715186,1.28560466356,1.26226578543,1.28296641059
exponential,cut,100000,50,7,1.28560913772,1.49987679969,0.214267661967,1.3927429687,5306,0.05306,0.247634195067,1.38961749936,1.3872982571,0.0612468255939,1.28564333503,1.49985802117,1.47618475813,1.4976688626
exponential,cut,100000,50,8,1.49987679969,1.71414446165,0.214267661967,1.60701063067,4314,0.04314,0.201336961462,1.60308732749,1.60030998986,0.061768373765,1.49988198595,1.71404848672,1.69089910052,1.71186568276
exponential,cut,100000,50,9,1.71414446165,1.92841212362,0.214267661967,1.82127829264,3436,0.03436,0.160360176074,1.8167423942,1.81359313116,0.0622992624016,1.71416484502,1.92838793356,1.9047230938,1.9264666678
exponential,cut,100000,50,10,1.92841212362,2.14267978559,0.214267661967,2.0355459546,2732,0.02732,0.127504074806,2.03097802845,2.02672474211,0.0620144865535,1.92842253639,2.14258388011,2.11960202157,2.14068683775
exponential,cut,100000,50,11,2.14267978559,2.35694744755,0.214267661967,2.24981361657,2276,0.02276,0.10622228194,2.24680338288,2.24560344935,0.0612608987276,2.14289183826,2.3569452094,2.33255144697,2.35403570925
exponential,cut,100000,50,12,2.35694744755,2.57121510952,0.214267661967,2.46408127854,1848,0.01848,0.086247265828,2.45774920124,2.45649169949,0.0613343303387,2.35696477609,2.57111839619,2.54523988465,2.56832211092
exponential,cut,100000,50,13,2.57121510952,2.78548277149,0.214267661967,2.6783489405,1487,0.01487,0.0693991798085,2.67628778474,2.67520806472,0.0616465219791,2.57134917953,2.78545051171,2.76167283439,2.78347583958
exponential,cut,100000,50,14,2.78548277149,2.99975043346,0.214267661967,2.89261660247,1219,0.01219,0.0568914594395,2.88623600973,2.88462949436,0.0620617183795,2.78551902466,2.9997135794,2.97612757703,2.99661993205
exponential,cut,100000,50,15,2.99975043346,3.21401809542,0.214267661967,3.10688426444,953,0.00953,0.0444770802673,3.10360318445,3.10190275285,0.061474959423,3.00007888903,3.21393789016,3.19164771493,3.21143850197
exponential,cut,100000,50,16,3.21401809542,3.42828575739,0.214267661967,3.32115192641,728,0.00728,0.0339761956292,3.3147019036,3.31039699619,0.062208104889,3.21421927494,3.42815401258,3.4051058592,3.42601885633
exponential,cut,100000,50,17,3.42828575739,3.64255341936,0.214267661967,3.53541958837,630,0.0063,0.0294024769868,3.53274612123,3.53251819718,0.0623882061935,3.42835772819,3.64239382041,3.62379411934,3.64006789039
exponential,cut,100000,50,18,3.64255341936,3.85682108132,0.214267661967,3.74968725034,478,0.00478,0.0223085460313,3.74284125073,3.73754299312,0.0643868959774,3.64280990806,3.85674174351,3.83730909224,3.85296791388
exponential,cut,100000,50,19,3.85682108132,4.07108874329,0.214267661967,3.96395491231,411,0.00411,0.019181615939,3.95604096439,3.95585746519,0.0623666215734,3.85692139396,4.07098261322,4.04655355357,4.0704109831
exponential,cut,100000,50,20,4.07108874329,4.28535640526,0.214267661967,4.17822257427,354,0.00354,0.0165213918307,4.17118189155,4.16839840082,0.063355181258,4.07111011536,4.28526517438,4.26026594501,4.28406054417
exponential,cut,100000,50,21,4.28535640526,4.49962406722,0.214267661967,4.39249023624,249,0.00249,0.0116209789995,4.38698976232,4.39112477295,0.0606580189209,4.28573005222,4.49846375761,4.46685034268,4.49513977649
exponential,cut,100000,50,22,4.49962406722,4.71389172919,0.214267661967,4.60675789821,200,0.002,0.00933411967835,4.59324645441,4.58241991434,0.0632948361344,4.50005514091,4.71307136232,4.68493431969,4.71150990354
exponential,cut,100000,50,23,4.71389172919,4.92815939116,0.214267661967,4.82102556017,201,0.00201,0.00938079027674,4.80858534538,4.80073954967,0.0585491788237,4.71419671557,4.9276610916,4.90145990548,4.92673905983
exponential,cut,100000,50,24,4.92815939116,5.14242705313,0.214267661967,5.03529322214,149,0.00149,0.00695391916037,5.03150612497,5.02425866471,0.0576998567777,4.92900729719,5.1405105613,5.11548918329,5.1350992391
exponential,cut,100000,50,25,5.14242705313,5.35669471509,0.214267661967,5.24956088411,103,0.00103,0.00480707163435,5.23602385891,5.22545783332,0.0627445663925,5.14272369055,5.35576931429,5.33529375168,5.35567993214
exponential,cut,100000,50,26,5.35669471509,5.57096237706,0.214267661967,5.46382854608,100,0.001,0.00466705983917,5.45348589581,5.45407086778,0.0617087884806,5.35783088583,5.57051141659,5.541425496,5.56699338581
exponential,cut,100000,50,27,5.57096237706,5.78523003903,0.214267661967,5.67809620804,74,0.00074,0.00345362428099,5.68111903868,5.68309252252,0.0627782361754,5.57435684545,5.78467129813,5.76949953533,5.78207459392
exponential,cut,100000,50,28,5.78523003903,5.99949770099,0.214267661967,5.89236387001,69,0.00069,0.00322027128903,5.88717258565,5.88636082112,0.064389897112,5.78718759654,5.99851689847,5.97793388715,5.99800592719
exponential,cut,100000,50,29,5.99949770099,6.21376536296,0.214267661967,6.10663153198,51,0.00051,0.00238020051798,6.09565287455,6.08900983632,0.0660679712324,6.00319709086,6.21059455392,6.20106602683,6.20831566608
exponential,cut,100000,50,30,6.21376536296,6.42803302493,0.214267661967,6.32089919394,38,0.00038,0.00177348273889,6.31404338212,6.29957834524,0.059737500799,6.2194416185,6.41434708955,6.39589539228,6.41100868979
exponential,cut,100000,50,31,6.42803302493,6.64230068689,0.214267661967,6.53516685591,39,0.00039,0.00182015333728,6.52553410194,6.53284816658,0.0550750414011,6.43286102515,6.60474078179,6.58948194636,6.60393697693
exponential,cut,100000,50,32,6.64230068689,6.85656834886,0.214267661967,6.74943451788,19,0.00019,0.000886741369443,6.75888730307,6.78040369147,0.0654581768184,6.65580771804,6.84653608023,6.82895791101,6.84604925109
exponential,cut,100000,50,33,6.85656834886,7.07083601083,0.214267661967,6.96370217984,16,0.00016,0.000746729574268,6.95473691145,6.94473714533,0.0577210900455,6.85700095005,7.05121312614,7.0285834255,7.04817521405
exponential,cut,100000,50,34,7.07083601083,7.2851036728,0.214267661967,7.17796984181,9,9e-05,0.000420035385526,7.20120563185,7.20258038458,0.0574263149462,7.08850601509,7.28366197944,7.26648490262,7.28194427176
exponential,cut,100000,50,35,7.2851036728,7.49937133476,0.214267661967,7.39223750378,11,0.00011,0.000513376582309,7.39634785567,7.40225745782,0.0716819647795,7.2971538258,7.4942442755,7.49341425842,7.49416127379
exponential,cut,100000,50,36,7.49937133476,7.71363899673,0.214267661967,7.60650516575,6,6e-05,0.00028002359035,7.62647665399,7.65348538924,0.0796216621817,7.51805313054,7.69693624735,7.69493785114,7.69673640773
exponential,cut,100000,50,37,7.71363899673,7.9279066587,0.214267661967,7.82077282771,9,9e-05,0.000420035385526,7.80799709886,7.8299533138,0.0763585425282,7.72438882324,7.92119741483,7.90998661956,7.9200763353
exponential,cut,100000,50,38,7.9279066587,8.14217432066,0.214267661967,8.03504048968,6,6e-05,0.00028002359035,8.01454721254,8.01798617227,0.0605255122493,7.93653205327,8.08760810489,8.07873564696,8.0867208591
exponential,cut,100000,50,39,8.14217432066,8.35644198263,0.214267661967,8.24930815165,4,4e-05,0.000186682393567,8.24492810698,8.24859460864,0.0581683318708,8.17329459127,8.30922861936,8.2972516094,8.30803091836
exponential,cut,100000,50,40,8.35644198263,8.5707096446,0.214267661967,8.46357581361,4,4e-05,0.000186682393567,8.4541414649,8.43500032328,0.0833625886918,8.37900579896,8.56755941406,8.53629338589,8.56443281124
exponential,cut,100000,50,41,8.5707096446,8.78497730656,0.214267661967,8.67784347558,5,5e-05,0.000233352991959,8.7015772426,8.73142353342,0.0669163608427,8.61264958022,8.76901885087,8.75940476004,8.76805744178
exponential,cut,100000,50,42,8.78497730656,8.99924496853,0.214267661967,8.89211113755,8,8e-05,0.000373364787134,8.92383641128,8.93580911351,0.0581351069727,8.79871435427,8.97714215795,8.96901272868,8.97632921502
exponential,cut,100000,50,43,8.99924496853,9.2135126305,0.214267661967,9.10637879951,2,2e-05,9.33411967835e-05,9.11932601629,9.11932601629,0.0278532067047,9.09963082496,9.13902120763,9.13508216937,9.13862730381
exponential,cut,100000,50,44,9.2135126305,9.42778029246,0.214267661967,9.32064646148,2,2e-05,9.33411967835e-05,9.28540156218,9.28540156218,0.0228185556672,9.26926640673,9.30153671763,9.29830968654,9.30121401452
exponential,cut,100000,50,45,9.42778029246,9.64204795443,0.214267661967,9.53491412345,1,1e-05,4.66705983917e-05,9.51732036303,9.51732036303,,9.51732036303,9.51732036303,9.51732036303,9.51732036303
exponential,cut,100000,50,46,9.64204795443,9.8563156164,0.214267661967,9.74918178542,,0,0,,,,,,,
exponential,cut,100000,50,47,9.8563156164,10.0705832784,0.214267661967,9.96344944738,1,1e-05,4.66705983917e-05,10.0034005424,10.0034005424,,10.0034005424,10.0034005424,10.0034005424,10.0034005424
exponential,cut,100000,50,48,10.0705832784,10.2848509403,0.214267661967,10.1777171093,1,1e-05,4.66705983917e-05,10.2549227303,10.2549227303,,10.2549227303,10.2549227303,10.2549227303,10.2549227303
exponential,cut,100000,50,49,10.2848509403,10.4991186023,0.214267661967,10.3919847713,,0,0,,,,,,,
exponential,cut,100000,50,50,10.4991186023,10.7133862643,0.214267661967,10.6062524333,1,1e-05,4.66705983917e-05,10.7133862643,10.7133862643,,10.7133862643,10.7133862643,10.7133862643,10.7133862643
exponential,qcut,100000,50,1,3.16591758574e-06,0.0199029018543,0.0198997359367,0.00995303388593,2000,0.02,1.005038462,0.00972077309305,0.00951295490387,0.00576876357123,3.16591758574e-06,0.0199000160652,0.0178189035848,0.0197574768008
exponential,qcut,100000,50,2,0.0199029018543,0.0399563624001,0.0200534605458,0.0299296321272,2000,0.02,0.997334098738,0.0299704124022,0.0298591774091,0.00580809161124,0.0199029607479,0.0399384809034,0.0380355000543,0.0397530821114
exponential,qcut,100000,50,3,0.0399563624001,0.061138615504,0.0211822531039,0.050547488952,2000,0.02,0.944186621785,0.0503854759458,0.050413311955,0.00603606075111,0.0399571074624,0.0611356140247,0.05863223056,0.0608743703433
exponential,qcut,100000,50,4,0.061138615504,0.083147087135,0.022008471631,0.0721428513195,2000,0.02,0.908740976444,0.0719572584397,0.072141595093,0.00645977132488,0.0611388070878,0.0831451823049,0.0809348706219,0.0829363030797
exponential,qcut,100000,50,5,0.083147087135,0.105781810678,0.0226347235434,0.0944644489067,2000,0.02,0.883598156682,0.0943734744221,0.0942806902403,0.00648937701017,0.0831472527724,0.105772724735,0.103497323253,0.105496487305
exponential,qcut,100000,50,6,0.105781810678,0.128685013884,0.0229032032057,0.117233412281,2000,0.02,0.873240298329,0.117107695521,0.117242233127,0.0066725845966,0.105782820228,0.128668911528,0.126222458942,0.128404149407
exponential,qcut,100000,50,7,0.128685013884,0.151898691451,0.023213677567,0.140291852668,2000,0.02,0.861561031952,0.140498078861,0.140654578787,0.00662902761253,0.12868720966,0.151875894495,0.149739778384,0.15169596356
exponential,qcut,100000,50,8,0.151898691451,0.175708498932,0.0238098074807,0.163803595191,2000,0.02,0.8399899922,0.163861418221,0.164051889268,0.00693356759291,0.151902402583,0.175705906155,0.173425062363,0.175489270162
exponential,qcut,100000,50,9,0.175708498932,0.200134197287,0.0244256983552,0.187921348109,2000,0.02,0.818809751484,0.187864956519,0.187845263056,0.00706128594044,0.175708992794,0.200131006872,0.19769468163,0.199939903745
exponential,qcut,100000,50,10,0.200134197287,0.224991202921,0.0248570056339,0.212562700104,2000,0.02,0.804602142937,0.212587122672,0.21240032416,0.00711123957023,0.200134897622,0.224990502825,0.22259185033,0.224731670751
exponential,qcut,100000,50,11,0.224991202921,0.249948193502,0.0249569905816,0.237469698212,2000,0.02,0.801378673227,0.237407571348,0.237341508618,0.00718544444823,0.224991377945,0.249939370824,0.247275372494,0.249623593506
exponential,qcut,100000,50,12,0.249948193502,0.275712031133,0.0257638376303,0.262830112318,2000,0.02,0.776281867903,0.262950778354,0.263004260112,0.00744971337416,0.24995068195,0.275703889817,0.273357875075,0.275394795828
exponential,qcut,100000,50,13,0.275712031133,0.301633235104,0.0259212039718,0.288672633119,2000,0.02,0.77156909925,0.288519168031,0.2879459434,0.00745330649239,0.275714602074,0.301628574397,0.298982560685,0.301403931425
exponential,qcut,100000,50,14,0.301633235104,0.329329059982,0.0276958248779,0.315481147543,2000,0.02,0.722130504802,0.31532297775,0.314932518178,0.00793640120201,0.30163487265,0.329316710962,0.326666933601,0.3290773676
exponential,qcut,100000,50,15,0.329329059982,0.356558476346,0.0272294163633,0.342943768164,2000,0.02,0.734499767941,0.343297727707,0.343432606983,0.00791123947345,0.329333862379,0.356551461447,0.35417511211,0.356398203377
exponential,qcut,100000,50,16,0.356558476346,0.386348007789,0.029789531443,0.371453242067,2000,0.02,0.67137679014,0.371079077417,0.371106303483,0.00858624150348,0.356561482731,0.386336178719,0.383253740112,0.385992497432
exponential,qcut,100000,50,17,0.386348007789,0.416524241265,0.0301762334762,0.401436124527,2000,0.02,0.662773238939,0.401428078373,0.401369824315,0.00879768742172,0.38635357441,0.416505750445,0.413322360725,0.416286115263
exponential,qcut,100000,50,18,0.416524241265,0.447910536561,0.0313862952959,0.432217388913,2000,0.02,0.637220793707,0.432330512008,0.432333414152,0.00902891356048,0.416533766839,0.447910512272,0.444671625008,0.447620685543
exponential,qcut,100000,50,19,0.447910536561,0.479003416957,0.0310928803961,0.463456976759,2000,0.02,0.643234069833,0.463333892338,0.463494816585,0.00893538434608,0.447910550223,0.478991825798,0.476094583099,0.478698607429
exponential,qcut,100000,50,20,0.479003416957,0.510599383247,0.0315959662897,0.494801400102,2000,0.02,0.632992193264,0.49468080628,0.494429101075,0.00911105041939,0.479010521216,0.510556299208,0.507486709462,0.510235965334
exponential,qcut,100000,50,21,0.510599383247,0.543965873182,0.0333664899353,0.527282628214,2000,0.02,0.59940377423,0.52695266873,0.526660195569,0.00968560924443,0.510628105939,0.543949740657,0.5407553378,0.543713622008
exponential,qcut,100000,50,22,0.543965873182,0.579144260616,0.0351783874339,0.561555066899,2000,0.02,0.568530892372,0.561360507397,0.561318886187,0.0102227156386,0.543977555355,0.579142011105,0.575932361807,0.578822237135
exponential,qcut,100000,50,23,0.579144260616,0.615375109391,0.0362308487749,0.597259685003,2000,0.02,0.552015773195,0.597254651667,0.597224907759,0.0105902467905,0.579146028089,0.615368477319,0.611684036412,0.61483225327
exponential,qcut,100000,50,24,0.615375109391,0.652571362037,0.037196252646,0.633973235714,2000,0.02,0.537688572833,0.633827826778,0.633621953606,0.0106218032436,0.615380758933,0.652556202586,0.648657217467,0.652233152625
exponential,qcut,100000,50,25,0.652571362037,0.692371779501,0.0398004174647,0.672471570769,2000,0.02,0.502507291983,0.672251260079,0.671706796618,0.011521608237,0.652585355376,0.692357937147,0.688616738429,0.691953116919
exponential,qcut,100000,50,26,0.692371779501,0.732523261343,0.0401514818411,0.712447520422,2000,0.02,0.498113620791,0.712270090559,0.712225128246,0.0116621778848,0.692385621856,0.732511279864,0.728371104744,0.732084979418
exponential,qcut,100000,50,27,0.732523261343,0.773958171762,0.0414349104195,0.753240716552,2000,0.02,0.482684765033,0.753267251086,0.752952615174,0.0119991844023,0.732536241278,0.77395303336,0.769941625762,0.773594249139
exponential,qcut,100000,50,28,0.773958171762,0.817667941953,0.0437097701906,0.795813056857,2000,0.02,0.457563604494,0.796216325084,0.797191596,0.0127060970299,0.7739642038,0.817659388575,0.813227394904,0.817114725155
exponential,qcut,100000,50,29,0.817667941953,0.863406079529,0.0457381375764,0.840537010741,2000,0.02,0.437271849266,0.840371075164,0.840558335315,0.0132128788436,0.81767882807,0.863399434659,0.858587204722,0.862786490331
exponential,qcut,100000,50,30,0.863406079529,0.912192648583,0.0487865690534,0.887799364056,2000,0.02,0.409948893477,0.887674172218,0.887200033186,0.0139608484026,0.863415255779,0.912189800278,0.907275871881,0.91157645022
exponential,qcut,100000,50,31,0.912192648583,0.963218897559,0.051026248976,0.937705773071,2000,0.02,0.391955129004,0.937003359659,0.936743289878,0.0148670731917,0.912196921039,0.963196306296,0.957319559944,0.962534979482
exponential,qcut,100000,50,32,0.963218897559,1.01732294423,0.0541040466709,0.990270920894,2000,0.02,0.369658116733,0.98958730176,0.988893338452,0.0156438150782,0.963255756986,1.01732250751,1.01176926729,1.01681908444
exponential,qcut,100000,50,33,1.01732294423,1.07635227419,0.05902932996,1.04683760921,2000,0.02,0.338814620013,1.04677013825,1.04642937553,0.0173345455525,1.01732372062,1.0763516771,1.07084943669,1.07576397902
exponential,qcut,100000,50,34,1.07635227419,1.13683587833,0.0604836041416,1.10659407626,2000,0.02,0.330668125418,1.10623056788,1.10561587117,0.0175727479533,1.07635343325,1.13683465973,1.13060670472,1.13636522874
exponential,qcut,100000,50,35,1.13683587833,1.19899082404,0.0621549457045,1.16791335118,2000,0.02,0.321776485738,1.16629222337,1.16501055323,0.0181831357547,1.13683846787,1.19898197179,1.19193406419,1.19840928403
exponential,qcut,100000,50,36,1.19899082404,1.2690012607,0.0700104366638,1.23399604237,2000,0.02,0.285671693437,1.23396515722,1.23357207392,0.0203049039022,1.19901147927,1.26899762931,1.26272358205,1.26831757957
exponential,qcut,100000,50,37,1.2690012607,1.34568761169,0.0766863509885,1.30734443619,2000,0.02,0.260802603621,1.3072433436,1.30780391595,0.0223033647827,1.26901059856,1.34566671757,1.33811879005,1.34499168915
exponential,qcut,100000,50,38,1.34568761169,1.42471842047,0.0790308087791,1.38520301608,2000,0.02,0.253065865186,1.38354282224,1.38255899384,0.0225198816088,1.34574707956,1.42467722288,1.41506289047,1.42339288278
exponential,qcut,100000,50,39,1.42471842047,1.51022794684,0.0855095263759,1.46747318365,2000,0.02,0.233892068494,1.46687782305,1.46652126271,0.0248061831264,1.42484887949,1.51022627748,1.50157336568,1.50909755478
exponential,qcut,100000,50,40,1.51022794684,1.60484127398,0.0946133271338,1.55753461041,2000,0.02,0.211386710582,1.55753122343,1.55657440325,0.0270135507806,1.5102338655,1.60482775634,1.5950773717,1.60423107431
exponential,qcut,100000,50,41,1.60484127398,1.71039028958,0.105549015603,1.65761578178,2000,0.02,0.189485424243,1.65680030082,1.65603633733,0.0307049813227,1.60489534451,1.71037959575,1.69931691942,1.70927417476
exponential,qcut,100000,50,42,1.71039028958,1.82818371688,0.117793427295,1.76928700323,2000,0.02,0.169788760369,1.76709792906,1.76642935231,0.0339307181433,1.71043900592,1.82817931727,1.81438259717,1.82704598609
exponential,qcut,100000,50,43,1.82818371688,1.96361883218,0.135435115308,1.89590127453,2000,0.02,0.147672189406,1.89451564363,1.89337256487,0.0387260450203,1.82820681479,1.96360855788,1.94857307275,1.96194590438
exponential,qcut,100000,50,44,1.96361883218,2.12184852458,0.158229692394,2.04273367838,2000,0.02,0.126398526708,2.04001423627,2.03774579632,0.0458491873868,1.96368194576,2.12184561083,2.10550296744,2.12047804785
exponential,qcut,100000,50,45,2.12184852458,2.30498955085,0.183141026273,2.21341903771,2000,0.02,0.109205459896,2.21182405231,2.20956123303,0.0525846447848,2.12186989207,2.30496755883,2.28599819575,2.30348548544
exponential,qcut,100000,50,46,2.30498955085,2.5203698738,0.215380322952,2.41267971233,2000,0.02,0.0928589934579,2.40907654441,2.40719077693,0.06265335603,2.30518747906,2.52035959928,2.49921411286,2.51820158537
exponential,qcut,100000,50,47,2.5203698738,2.8078035902,0.287433716394,2.664086732,2000,0.02,0.069581259467,2.66159164808,2.65948209234,0.0826596344141,2.52048803087,2.80778169691,2.77826758001,2.80427152216
exponential,qcut,100000,50,48,2.8078035902,3.20951875826,0.40171516806,3.00866117423,2000,0.02,0.0497865193803,2.99324177577,2.98575638286,0.116106215931,2.808146585,3.20951573954,3.15741615399,3.20396240934
exponential,qcut,100000,50,49,3.20951875826,3.9196731923,0.71015443404,3.56459597528,2000,0.02,0.0281628882977,3.5255515293,3.51191080028,0.203778150232,3.20959120756,3.91965892986,3.83142976569,3.90641195946
exponential,qcut,100000,50,50,3.9196731923,10.7133862643,6.79371307197,7.31652972828,2000,0.02,0.00294389824653,4.8997355124,4.6243635937,0.954202870192,3.92037205169,10.7133862643,6.108018776,8.61302119066
exponential,log_binning,100000,50,1,3.16591758574e-06,4.27649677059e-06,1.11057918486e-06,3.72120717816e-06,2,2e-05,18.0086213327,3.38133844279e-06,3.38133844279e-06,3.04651097669e-07,3.16591758574e-06,3.59675929985e-06,3.55367512844e-06,3.59245088271e-06
exponential,log_binning,100000,50,2,4.27649677059e-06,5.77665846745e-06,1.50016169685e-06,5.02657761902e-06,2,2e-05,13.3318961829,4.51317554234e-06,4.51317554234e-06,3.06655377002e-07,4.29633744577e-06,4.7300136389e-06,4.68664601959e-06,4.72567687697e-06
exponential,log_binning,100000,50,3,5.77665846745e-06,7.80306518153e-06,2.02640671408e-06,6.78986182449e-06,,0,0,,,,,,,
exponential,log_binning,100000,50,4,7.80306518153e-06,1.05403195585e-05,2.73725437697e-06,9.17169237001e-06,,0,0,,,,,,,
exponential,log_binning,100000,50,5,1.05403195585e-05,1.42377814116e-05,3.69746185312e-06,1.23890504851e-05,,0,0,,,,,,,
exponential,log_binning,100000,50,6,1.42377814116e-05,1.92322840309e-05,4.99450261924e-06,1.67350327212e-05,,0,0,,,,,,,
exponential,log_binning,100000,50,7,1.92322840309e-05,2.59788191959e-05,6.74653516508e-06,2.26055516134e-05,4,4e-05,5.92896931851,2.42914378764e-05,2.43050182075e-05,6.47815947116e-07,2.36293876562e-05,2.49263274344e-05,2.4876958235e-05,2.49213905144e-05
exponential,log_binning,100000,50,8,2.59788191959e-05,3.50919862525e-05,9.11316705656e-06,3.05354027242e-05,1,1e-05,1.09731336405,3.20322666434e-05,3.20322666434e-05,,3.20322666434e-05,3.20322666434e-05,3.20322666434e-05,3.20322666434e-05
exponential,log_binning,100000,50,9,3.50919862525e-05,4.74019812008e-05,1.23099949483e-05,4.12469837267e-05,4,4e-05,3.24939207269,4.06747924991e-05,4.13539317709e-05,3.48571228466e-06,3.6258936016e-05,4.37323704386e-05,4.35670899159e-05,4.37158423863e-05
exponential,log_binning,100000,50,10,4.74019812008e-05,6.403022632e-05,1.66282451191e-05,5.57161037604e-05,4,4e-05,2.40554548682,5.61954072925e-05,5.79534469206e-05,5.6591649098e-06,4.80529017346e-05,6.08218335942e-05,6.02754462925e-05,6.07671948641e-05
exponential,log_binning,100000,50,11,6.403022632e-05,8.64915300737e-05,2.24613037537e-05,7.52608781968e-05,6,6e-05,2.67126078957,7.96539346032e-05,7.89412711286e-05,4.02580292097e-06,7.55760149152e-05,8.54652406586e-05,8.41229979957e-05,8.53310163923e-05
exponential,log_binning,100000,50,12,8.64915300737e-05,0.000116832083915,3.0340553841e-05,0.000101661806994,4,4e-05,1.31836749618,0.000103125854183,9.98754178299e-05,8.09150238624e-06,9.76560408292e-05,0.000115096540241,0.000110835436144,0.000114670429832
exponential,log_binning,100000,50,13,0.000116832083915,0.00015781586729,4.09837833756e-05,0.000137323975602,2,2e-05,0.487997894599,0.000140832856367,0.000140832856367,1.44779286645e-05,0.000130595414831,0.000151070297903,0.000149022809596,0.000150865549072
exponential,log_binning,100000,50,14,0.00015781586729,0.00021317644207,5.536057478e-05,0.00018549615468,9,9e-05,1.62570566432,0.00017618915748,0.0001731999086,1.59182154632e-05,0.000159246302148,0.000203695742557,0.000201419773799,0.000203468145681
exponential,log_binning,100000,50,15,0.00021317644207,0.000287957074495,7.47806324244e-05,0.000250566758283,7,7e-05,0.936071249074,0.00025799475915,0.000263536608368,2.26139408833e-05,0.000218932008917,0.000280861904979,0.000278121453635,0.000280587859844
exponential,log_binning,100000,50,16,0.000287957074495,0.000388970169247,0.000101013094752,0.000338463621871,9,9e-05,0.890973593283,0.000317036281918,0.000313670425746,2.51628911112e-05,0.000288927866858,0.000368212512036,0.000347929945296,0.000366184255362
exponential,log_binning,100000,50,17,0.000388970169247,0.000525417869415,0.000136447700168,0.000457194019331,16,0.00016,1.17261045663,0.00047351178796,0.00049535144646,4.29824469997e-05,0.000409035473765,0.000519422478473,0.000512875012417,0.000518837796636
exponential,log_binning,100000,50,18,0.000525417869415,0.000709730358076,0.000184312488661,0.000617574113746,15,0.00015,0.813835248439,0.000613623841005,0.00059908812636,5.01122841451e-05,0.000542014468883,0.000697806106922,0.000684300937844,0.00069624612597
exponential,log_binning,100000,50,19,0.000709730358076,0.000958698229536,0.00024896787146,0.000834214293806,28,0.00028,1.12464310498,0.000831409951055,0.000824853739874,7.53157910416e-05,0.000710057738293,0.00095307137802,0.000926518559894,0.000951585566061
exponential,log_binning,100000,50,20,0.000958698229536,0.00129500208756,0.000336303858028,0.00112685015855,32,0.00032,0.951520454974,0.00117923612439,0.00120706177984,8.1320191814e-05,0.0010461344362,0.00129130916182,0.00127734710782,0.00128845364087
exponential,log_binning,100000,50,21,0.00129500208756,0.00174927871475,0.000454276627185,0.00152214040116,45,0.00045,0.990585852477,0.00151815823159,0.00151886583221,0.000139158655052,0.00130306836867,0.0017472594734,0.00170315653627,0.00174559444075
exponential,log_binning,100000,50,22,0.00174927871475,0.00236291203795,0.000613633323199,0.00205609537635,65,0.00065,1.05926450769,0.00207626472333,0.00210046397095,0.000163879630796,0.00175146216426,0.00235670227004,0.00229147641943,0.00235254804622
exponential,log_binning,100000,50,23,0.00236291203795,0.00319180314264,0.000828891104687,0.00277735759029,91,0.00091,1.09785229309,0.00283940240245,0.00286496643698,0.000234526677149,0.0023757599162,0.00317939594484,0.00314251954905,0.00317430185534
exponential,log_binning,100000,50,24,0.00319180314264,0.00431146277886,0.00111965963623,0.00375163296075,122,0.00122,1.08961684473,0.00378770142819,0.00379398097555,0.000322724725187,0.00320135013341,0.00430559369274,0.00420757515617,0.00428104745157
exponential,log_binning,100000,50,25,0.00431146277886,0.00582389027857,0.00151242749971,0.00506767652872,149,0.00149,0.985171190213,0.00506144086586,0.0050654838076,0.00043367451586,0.00432861695952,0.00581272403489,0.00568822361625,0.00580009308993
exponential,log_binning,100000,50,26,0.00582389027857,0.00786686554344,0.00204297526487,0.006845377911,189,0.00189,0.925121332844,0.00682925096809,0.00685689443381,0.000612379103667,0.00583156114488,0.00785512513228,0.00765802324025,0.00784777794571
exponential,log_binning,100000,50,27,0.00786686554344,0.0106265005895,0.00275963504608,0.00924668306648,303,0.00303,1.09797127135,0.00923081822217,0.00923867743677,0.000807400619127,0.00789583579173,0.0106098362014,0.0103928447197,0.010593617773
exponential,log_binning,100000,50,28,0.0106265005895,0.0143541940758,0.00372769348632,0.0124903473327,358,0.00358,0.96037939094,0.0124436150957,0.0124060118887,0.00105852139764,0.0106265883244,0.0143434583353,0.013965928215,0.0143165737678
exponential,log_binning,100000,50,29,0.0143541940758,0.0193895333493,0.00503533927346,0.0168718637126,479,0.00479,0.951276515814,0.0168528637949,0.0167429118128,0.00144734304485,0.0143661110834,0.01938711632,0.0189084505495,0.0193070760018
exponential,log_binning,100000,50,30,0.0193895333493,0.0261912303482,0.00680169699894,0.0227903818488,677,0.00677,0.99533983961,0.022789837024,0.0228445981247,0.00195327911386,0.0194177855012,0.0261634011868,0.0253813136489,0.026087706075
exponential,log_binning,100000,50,31,0.0261912303482,0.0353789095795,0.00918767923131,0.0307850699639,894,0.00894,0.973042242217,0.0306423686358,0.0305976394278,0.00258829695283,0.0262036969108,0.0353576778503,0.0342838606716,0.0352547565911
exponential,log_binning,100000,50,32,0.0353789095795,0.0477895549921,0.0124106454125,0.0415842322858,1235,0.01235,0.995113436044,0.0414357776716,0.0413766594815,0.00360099217744,0.0353903131564,0.0477800680683,0.0464225909202,0.0476384327953
exponential,log_binning,100000,50,33,0.0477895549921,0.0645537579729,0.0167642029808,0.0561716564825,1586,0.01586,0.946063467388,0.0561014241197,0.0560496764518,0.00484098384087,0.0477971579031,0.0645380106994,0.0628572878853,0.0643235137489
exponential,log_binning,100000,50,34,0.0645537579729,0.0871987125452,0.0226449545724,0.0758762352591,2015,0.02015,0.889822937626,0.0758193861369,0.0756503529014,0.00653933739995,0.0645640495707,0.0871600236832,0.0848724424467,0.0869304300168
exponential,log_binning,100000,50,35,0.0871987125452,0.117787340479,0.0305886279337,0.102493026512,2698,0.02698,0.882027139578,0.102300203766,0.102313230312,0.00882627794388,0.087200598735,0.11778251779,0.114550502364,0.117444179515
exponential,log_binning,100000,50,36,0.117787340479,0.159106220403,0.0413188799243,0.138446780441,3560,0.0356,0.861591603286,0.138449010364,0.138574967648,0.0119289733991,0.117800036216,0.159084355409,0.154814575525,0.158707448487
exponential,log_binning,100000,50,37,0.159106220403,0.214919440986,0.0558132205832,0.187012830695,4586,0.04586,0.821669122849,0.186881060175,0.186573596287,0.0161115833064,0.159124199132,0.214890575507,0.209621233344,0.214461476286
exponential,log_binning,100000,50,38,0.214919440986,0.29031150383,0.0753920628432,0.252615472408,5948,0.05948,0.788942466313,0.252405092206,0.25230125751,0.0218053205757,0.214920875806,0.290295390278,0.282725068891,0.289239903028
exponential,log_binning,100000,50,39,0.29031150383,0.392150514021,0.101839010191,0.341231008925,7245,0.07245,0.711416969432,0.340127204329,0.340208453559,0.0292076021822,0.290313729418,0.392103017838,0.38101577074,0.390923653156
exponential,log_binning,100000,50,40,0.392150514021,0.529713854319,0.137563340298,0.46093218417,8798,0.08798,0.639559927881,0.460289663538,0.460102957782,0.039645462315,0.392162039163,0.529697841966,0.515540073977,0.528376822035
exponential,log_binning,100000,50,41,0.529713854319,0.715533340962,0.185819486643,0.62262359764,9966,0.09966,0.536326957955,0.619859973387,0.618782235971,0.0534057064446,0.529741122635,0.715525852059,0.695589580672,0.713568874887
exponential,log_binning,100000,50,42,0.715533340962,0.966536853536,0.251003512575,0.841035097249,10977,0.10977,0.43732455723,0.835191635344,0.831634358605,0.0722107915043,0.715540419572,0.966512565907,0.93765360375,0.963607614616
exponential,log_binning,100000,50,43,0.966536853536,1.3055904397,0.339053586161,1.13606364662,10816,0.10816,0.319005621574,1.12591824776,1.12303252285,0.096871939746,0.966571626113,1.30553437037,1.26444022469,1.30075226473
exponential,log_binning,100000,50,44,1.3055904397,1.76358137819,0.45799093849,1.53458590894,10011,0.10011,0.218585110723,1.51723156958,1.50802557516,0.131740370752,1.30564425749,1.76343492243,1.70818439243,1.75774607384
exponential,log_binning,100000,50,45,1.76358137819,2.38223196411,0.618650585927,2.07290667115,7819,0.07819,0.126387983425,2.04426146701,2.02647920845,0.178355706177,1.76360824943,2.38223020636,2.30439473245,2.37483601388
exponential,log_binning,100000,50,46,2.38223196411,3.21790034814,0.835668384029,2.80006615613,5261,0.05261,0.062955594594,2.74265883474,2.7195256671,0.23637471919,2.38238023359,3.21764888767,3.09581919226,3.20547543544
exponential,log_binning,100000,50,47,3.21790034814,4.34671468042,1.12881433228,3.78230751428,2665,0.02665,0.0236088426927,3.68675702323,3.63926735282,0.317533560191,3.218600519,4.34589866124,4.16136471994,4.3255226258
exponential,log_binning,100000,50,48,4.34671468042,5.87150827212,1.5247935917,5.10911147627,1025,0.01025,0.00672222132608,4.93411148474,4.84532446705,0.415384602696,4.34740216198,5.87041737305,5.5772749711,5.83133089168
exponential,log_binning,100000,50,49,5.87150827212,7.93118755755,2.05967928543,6.90134791484,237,0.00237,0.00115066458005,6.49243529896,6.37098105977,0.519638718982,5.87385822064,7.92119741483,7.31578501874,7.83735497328
exponential,log_binning,100000,50,50,7.93118755755,10.7133862643,2.78219870671,9.32228691091,35,0.00035,0.000125799785312,8.7737321178,8.74498362379,0.643231591403,7.93653205327,10.7133862643,9.43100690487,10.5575086627
exponential,cut,100000,100,1,-0.0107102171808,0.107136996901,0.117847214082,0.0482133898602,10147,0.10147,0.861030112511,0.0520813120282,0.0510673303641,0.0309984452126,3.16591758574e-06,0.107130214653,0.0957260846146,0.106234610996
exponential,cut,100000,100,2,0.107136996901,0.214270827885,0.107133830983,0.160703912393,8991,0.08991,0.83923070028,0.160039778801,0.159614796423,0.0308202081412,0.107137723694,0.214255818717,0.202975618463,0.213023950043
exponential,cut,100000,100,3,0.214270827885,0.321404658868,0.107133830983,0.267837743376,8313,0.08313,0.775945368861,0.266932466096,0.266685730647,0.0308339045018,0.214285318807,0.32139844682,0.310209670553,0.320207664168
exponential,cut,100000,100,4,0.321404658868,0.428538489852,0.107133830983,0.37497157436,7313,0.07313,0.682604172078,0.373746452911,0.372482916856,0.0308374907749,0.321428306146,0.428531292714,0.417009932052,0.427528134925
exponential,cut,100000,100,5,0.428538489852,0.535672320835,0.107133830983,0.482105405343,6758,0.06758,0.630799807863,0.481437225596,0.481209885843,0.0306862895797,0.42857501344,0.535654110705,0.524047979969,0.534501721238
exponential,cut,100000,100,6,0.535672320835,0.642806151819,0.107133830983,0.589239236327,5975,0.05975,0.557713650781,0.588650297755,0.588314635191,0.0310374326663,0.535674112604,0.642743983244,0.63183895704,0.641834417316
exponential,cut,100000,100,7,0.642806151819,0.749939982802,0.107133830983,0.69637306731,5336,0.05336,0.498068626037,0.695708105305,0.69572194605,0.0309105554248,0.642830309965,0.74987417227,0.738600851989,0.74887017312
exponential,cut,100000,100,8,0.749939982802,0.857073813786,0.107133830983,0.803506898294,4898,0.04898,0.457185181846,0.802549462434,0.802472560005,0.0310228053338,0.74994591771,0.857050398991,0.846248060537,0.856005354642
exponential,cut,100000,100,9,0.857073813786,0.964207644769,0.107133830983,0.910640729277,4317,0.04317,0.402953946514,0.909655297261,0.90945843131,0.0308024321529,0.857087296203,0.964197436548,0.95312857119,0.9633054174
exponential,cut,100000,100,10,0.964207644769,1.07134147575,0.107133830983,1.01777456026,3766,0.03766,0.351522947087,1.01612863018,1.01537857768,0.0310364901387,0.964212875129,1.07124605458,1.05987416257,1.07028064769
exponential,cut,100000,100,11,1.07134147575,1.17847530674,0.107133830983,1.12490839124,3580,0.0358,0.334161484485,1.12412083465,1.12511710735,0.0307857880964,1.0713715186,1.17845051234,1.16615473662,1.17728674764
exponential,cut,100000,100,12,1.17847530674,1.28560913772,0.107133830983,1.23204222223,3056,0.03056,0.28525069737,1.2314029233,1.23089817536,0.0309159395589,1.17852525327,1.28560466356,1.27441575161,1.28456913816
exponential,cut,100000,100,13,1.28560913772,1.3927429687,0.107133830983,1.33917605321,2800,0.028,0.261355350994,1.3395225822,1.33991160221,0.0306702645157,1.28564333503,1.39271735355,1.38145520941,1.39173058832
exponential,cut,100000,100,14,1.3927429687,1.49987679969,0.107133830983,1.44630988419,2506,0.02506,0.233913039139,1.44558947384,1.44528674034,0.0308851486506,1.39276442255,1.49985802117,1.48884609775,1.49902775107
exponential,cut,100000,100,15,1.49987679969,1.60701063067,0.107133830983,1.55344371518,2286,0.02286,0.213377975847,1.55280137919,1.55199870891,0.0309206810187,1.49988198595,1.60700066246,1.5956850747,1.60582535605
exponential,cut,100000,100,16,1.60701063067,1.71414446165,0.107133830983,1.66057754616,2028,0.02028,0.189295947077,1.65977060058,1.65877290982,0.0312094570774,1.60704489733,1.71404848672,1.70332473193,1.7132124719
exponential,cut,100000,100,17,1.71414446165,1.82127829264,0.107133830983,1.76771137715,1826,0.01826,0.170441025327,1.76589340562,1.76540765051,0.0308660281615,1.71416484502,1.82123609737,1.80898879584,1.8202273033
exponential,cut,100000,100,18,1.82127829264,1.92841212362,0.107133830983,1.87484520813,1610,0.0161,0.150279326821,1.8744133589,1.87401628803,0.0307065288525,1.82135669695,1.92838793356,1.91772870803,1.92766956284
exponential,cut,100000,100,19,1.92841212362,2.0355459546,0.107133830983,1.98197903911,1467,0.01467,0.136931535681,1.98110654071,1.98109934262,0.0310892636908,1.92842253639,2.03544306203,2.02342987742,2.03396827704
exponential,cut,100000,100,20,2.0355459546,2.14267978559,0.107133830983,2.0891128701,1265,0.01265,0.118076613931,2.08881318458,2.08811458439,0.0308880002262,2.0356138888,2.14258388011,2.13226994016,2.14170081904
exponential,cut,100000,100,21,2.14267978559,2.24981361657,0.107133830983,2.19624670108,1194,0.01194,0.111449388959,2.19631846148,2.196125046,0.0308116766857,2.14289183826,2.24979851177,2.24082095889,2.24866244283
exponential,cut,100000,100,22,2.24981361657,2.35694744755,0.107133830983,2.30338053206,1082,0.01082,0.10099517492,2.3025141002,2.3029944206,0.0304740530867,2.24988321709,2.3569452094,2.34563361181,2.35563006761
exponential,cut,100000,100,23,2.35694744755,2.46408127854,0.107133830983,2.41051436305,988,0.00988,0.0922211024221,2.40832607002,2.40814932936,0.0309152155227,2.35696477609,2.46370140582,2.45209787629,2.46212633034
exponential,cut,100000,100,24,2.46408127854,2.57121510952,0.107133830983,2.51764819403,860,0.0086,0.0802734292338,2.51452833338,2.51257681937,0.0308785113147,2.46411641027,2.57111839619,2.55919441865,2.57011122228
exponential,cut,100000,100,25,2.57121510952,2.6783489405,0.107133830983,2.62478202501,764,0.00764,0.0713126743426,2.62416325464,2.62514278437,0.0306491001643,2.57134917953,2.67790510542,2.66619238466,2.67732681226
exponential,cut,100000,100,26,2.6783489405,2.78548277149,0.107133830983,2.731915856,723,0.00723,0.0674856852745,2.73136820105,2.73119794578,0.030263419209,2.67849831259,2.78545051171,2.77442993272,2.7844707615
exponential,cut,100000,100,27,2.78548277149,2.89261660247,0.107133830983,2.83904968698,671,0.00671,0.0626319430417,2.83810818788,2.8378193259,0.0319039879365,2.78551902466,2.89258908467,2.88400025431,2.8917756857
exponential,cut,100000,100,28,2.89261660247,2.99975043346,0.107133830983,2.94618351796,548,0.00548,0.0511509758374,2.94516624416,2.9465571117,0.0317681508728,2.8926553053,2.9997135794,2.98886162074,2.99831166952
exponential,cut,100000,100,29,2.99975043346,3.10688426444,0.107133830983,3.05331734895,502,0.00502,0.0468572807853,3.05383935083,3.05445912904,0.0319955172095,3.00007888903,3.10662054334,3.09701191431,3.10612589109
exponential,cut,100000,100,30,3.10688426444,3.21401809542,0.107133830983,3.16045117993,451,0.00451,0.0420968797494,3.15899441389,3.15665842689,0.0319014037376,3.10703911554,3.21393789016,3.20357473024,3.21268666502
exponential,cut,100000,100,31,3.21401809542,3.32115192641,0.107133830983,3.26758501091,397,0.00397,0.037056455123,3.26535827767,3.26494025525,0.0306507554365,3.21421927494,3.32114447808,3.30730397591,3.31974072459
exponential,cut,100000,100,32,3.32115192641,3.42828575739,0.107133830983,3.3747188419,331,0.00331,0.0308959361353,3.37388443984,3.37234395434,0.0309146213739,3.32121587514,3.42815401258,3.41632119992,3.42728519445
exponential,cut,100000,100,33,3.42828575739,3.53541958837,0.107133830983,3.48185267288,324,0.00324,0.0302425477579,3.48059820645,3.47923813357,0.031466306053,3.42835772819,3.53483700658,3.52565128593,3.53394248319
exponential,cut,100000,100,34,3.53541958837,3.64255341936,0.107133830983,3.58898650386,306,0.00306,0.0285624062157,3.5879615604,3.58658063615,0.0321081540237,3.53559114214,3.64239382041,3.63156246569,3.64183180396
exponential,cut,100000,100,35,3.64255341936,3.74968725034,0.107133830983,3.69612033485,272,0.00272,0.0253888055251,3.69397109826,3.69282008205,0.0315139911581,3.64280990806,3.74964150895,3.73985350758,3.74902410591
exponential,cut,100000,100,36,3.74968725034,3.85682108132,0.107133830983,3.80325416583,206,0.00206,0.0192282865374,3.80736883069,3.81179705439,0.0313117379583,3.74990680567,3.85674174351,3.84848630303,3.85564745891
exponential,cut,100000,100,37,3.85682108132,3.96395491231,0.107133830983,3.91038799682,228,0.00228,0.0212817928666,3.90791562085,3.90287254346,0.0315318882207,3.85692139396,3.96338990228,3.95564198095,3.9627967609
exponential,cut,100000,100,38,3.96395491231,4.07108874329,0.107133830983,4.0175218278,183,0.00183,0.0170814390114,4.01600040879,4.01454622523,0.0317154531124,3.96568254926,4.07098261322,4.06162386553,4.07081075768
exponential,cut,100000,100,39,4.07108874329,4.17822257427,0.107133830983,4.12465565878,189,0.00189,0.0176414861921,4.11937033023,4.11498843775,0.030042959162,4.07111011536,4.17781134672,4.16178254088,4.17738818171
exponential,cut,100000,100,40,4.17822257427,4.28535640526,0.107133830983,4.23178948977,165,0.00165,0.0154012974693,4.23052967996,4.22908442182,0.0311075239209,4.17850003614,4.28526517438,4.27352964713,4.28479122488
exponential,cut,100000,100,41,4.28535640526,4.39249023624,0.107133830983,4.33892332075,126,0.00126,0.0117609907947,4.33464592892,4.33056453682,0.0306409102872,4.28573005222,4.39134269006,4.3806775274,4.39076318056
exponential,cut,100000,100,42,4.39249023624,4.49962406722,0.107133830983,4.44605715173,123,0.00123,0.0114809672044,4.44061027459,4.438527394,0.0280898389469,4.39252779675,4.49846375761,4.48049240908,4.49582991604
exponential,cut,100000,100,43,4.49962406722,4.60675789821,0.107133830983,4.55319098272,117,0.00117,0.0109209200237,4.5461595492,4.54262761436,0.0287715139811,4.50005514091,4.60379185252,4.58864554201,4.60312806702
exponential,cut,100000,100,44,4.60675789821,4.71389172919,0.107133830983,4.6603248137,83,0.00083,0.00774731933303,4.65962197138,4.65910549775,0.0304704340688,4.6102210841,4.71307136232,4.70446667827,4.71202723522
exponential,cut,100000,100,45,4.71389172919,4.82102556017,0.107133830983,4.76745864468,123,0.00123,0.0114809672044,4.76920564653,4.77298636068,0.0299892718408,4.71419671557,4.81788003509,4.80736707099,4.81740557914
exponential,cut,100000,100,46,4.82102556017,4.92815939116,0.107133830983,4.87459247567,78,0.00078,0.00728061334911,4.87068410126,4.86031286491,0.0330973167329,4.82270462559,4.9276610916,4.91766266094,4.92765003579
exponential,cut,100000,100,47,4.92815939116,5.03529322214,0.107133830983,4.98172630665,82,0.00082,0.00765397813625,4.98698066702,4.99099089917,0.0298246252824,4.92900729719,5.03506374662,5.02284697424,5.03389831426
exponential,cut,100000,100,48,5.03529322214,5.14242705313,0.107133830983,5.08886013763,67,0.00067,0.00625386018449,5.08599996902,5.08423095007,0.0299378555572,5.03571553537,5.1405105613,5.12389310118,5.13815680255
exponential,cut,100000,100,49,5.14242705313,5.24956088411,0.107133830983,5.19599396862,61,0.00061,0.00569381300379,5.19184502711,5.19263975111,0.0313533204936,5.14272369055,5.24828167718,5.23433911643,5.24780520136
exponential,cut,100000,100,50,5.24956088411,5.35669471509,0.107133830983,5.3031277996,42,0.00042,0.00392033026491,5.30018835271,5.28628518103,0.0351320175613,5.25289950335,5.35576931429,5.35256450265,5.35573764318
exponential,cut,100000,100,51,5.35669471509,5.46382854608,0.107133830983,5.41026163058,55,0.00055,0.00513376582309,5.40644879536,5.40251238422,0.0316541047998,5.35783088583,5.46243919673,5.45321155148,5.4604080143
exponential,cut,100000,100,52,5.46382854608,5.57096237706,0.107133830983,5.51739546157,45,0.00045,0.00420035385526,5.51097568526,5.51209579224,0.0345316508146,5.46410670239,5.57051141659,5.56287169009,5.56894784735
exponential,cut,100000,100,53,5.57096237706,5.67809620804,0.107133830983,5.62452929255,33,0.00033,0.00308025949386,5.62143372447,5.61705374995,0.0290746172993,5.57435684545,5.67150687505,5.66352486351,5.67112485018
exponential,cut,100000,100,54,5.67809620804,5.78523003903,0.107133830983,5.73166312353,41,0.00041,0.00382698906812,5.72915843792,5.72699961579,0.034811595538,5.68000126626,5.78467129813,5.77451111702,5.78324844651
exponential,cut,100000,100,55,5.78523003903,5.89236387001,0.107133830983,5.83879695452,36,0.00036,0.00336028308421,5.83339551761,5.82791546514,0.0318807130155,5.78718759654,5.89022913846,5.87773917817,5.88887522739
exponential,cut,100000,100,56,5.89236387001,5.99949770099,0.107133830983,5.9459307855,33,0.00033,0.00308025949386,5.94583847807,5.93999222509,0.029933263328,5.89519127608,5.99851689847,5.98471820611,5.9982764414
exponential,cut,100000,100,57,5.99949770099,6.10663153198,0.107133830983,6.05306461648,31,0.00031,0.00289357710029,6.04906912026,6.04324700227,0.0294344658597,6.00319709086,6.09987631318,6.09332397594,6.09826228654
exponential,cut,100000,100,58,6.10663153198,6.21376536296,0.107133830983,6.16019844747,20,0.0002,0.00186682393567,6.1678576937,6.16624084542,0.0330191798227,6.10777104126,6.21059455392,6.20531487856,6.20972857654
exponential,cut,100000,100,59,6.21376536296,6.32089919394,0.107133830983,6.26733227845,23,0.00023,0.00214684752602,6.27134529556,6.27920622988,0.0292295062365,6.2194416185,6.31153896247,6.30172857645,6.3098689214
exponential,cut,100000,100,60,6.32089919394,6.42803302493,0.107133830983,6.37446610944,15,0.00015,0.00140011795175,6.37951378151,6.38191822128,0.0223822867531,6.3414671088,6.41434708955,6.40459385164,6.41308391126
exponential,cut,100000,100,61,6.42803302493,6.53516685591,0.107133830983,6.48159994042,20,0.0002,0.00186682393567,6.4792733277,6.47822022496,0.0327780342644,6.43286102515,6.53284816658,6.51898261347,6.53136316666
exponential,cut,100000,100,62,6.53516685591,6.64230068689,0.107133830983,6.5887337714,19,0.00019,0.00177348273889,6.57422965377,6.57398591156,0.019713549645,6.5390197873,6.60474078179,6.602316215,6.60436003212
exponential,cut,100000,100,63,6.64230068689,6.74943451788,0.107133830983,6.69586760239,8,8e-05,0.000746729574268,6.69076066259,6.68448971491,0.0313680930447,6.65580771804,6.74381507346,6.72973853965,6.74240742008
exponential,cut,100000,100,64,6.74943451788,6.85656834886,0.107133830983,6.80300143337,11,0.00011,0.00102675316462,6.8084339507,6.80882671418,0.0247077421964,6.77271068662,6.84653608023,6.84383147389,6.84626561959
exponential,cut,100000,100,65,6.85656834886,6.96370217984,0.107133830983,6.91013526435,10,0.0001,0.000933411967835,6.91769194868,6.92577069874,0.0329554712629,6.85700095005,6.94784823423,6.94656412165,6.94771982297
exponential,cut,100000,100,66,6.96370217984,7.07083601083,0.107133830983,7.01726909534,6,6e-05,0.000560047180701,7.01647851606,7.02244813382,0.0268546035324,6.97541023896,7.05121312614,7.04108675251,7.05020048878
exponential,cut,100000,100,67,7.07083601083,7.17796984181,0.107133830983,7.12440292632,2,2e-05,0.000186682393567,7.11937043787,7.11937043787,0.0436488852924,7.08850601509,7.15023486065,7.1440619761,7.1496175722
exponential,cut,100000,100,68,7.17796984181,7.2851036728,0.107133830983,7.2315367573,7,7e-05,0.000653388377484,7.22458711585,7.211976701,0.0347758860301,7.19210231201,7.28366197944,7.27077917183,7.28237369868
exponential,cut,100000,100,69,7.2851036728,7.39223750378,0.107133830983,7.33867058829,5,5e-05,0.000466705983917,7.33190599734,7.32957383543,0.0340208339147,7.2971538258,7.38346414288,7.36717676905,7.3818354055
exponential,cut,100000,100,70,7.39223750378,7.49937133476,0.107133830983,7.44580441927,6,6e-05,0.000560047180701,7.45004940429,7.44839803487,0.0416808558359,7.40225745782,7.4942442755,7.49382926696,7.49420277464
exponential,cut,100000,100,71,7.49937133476,7.60650516575,0.107133830983,7.55293825025,2,2e-05,0.000186682393567,7.53100672159,7.53100672159,0.0183191441565,7.51805313054,7.54396031265,7.54136959444,7.54370124083
exponential,cut,100000,100,72,7.60650516575,7.71363899673,0.107133830983,7.66007208124,4,4e-05,0.000373364787134,7.67421162019,7.69014108362,0.0366011403518,7.61962806616,7.69693624735,7.69573720962,7.69681634358
exponential,cut,100000,100,73,7.71363899673,7.82077282771,0.107133830983,7.76720591222,4,4e-05,0.000373364787134,7.73502021764,7.73048016072,0.013451498163,7.72438882324,7.75473172586,7.74749541278,7.75400809455
exponential,cut,100000,100,74,7.82077282771,7.9279066587,0.107133830983,7.8743397432,5,5e-05,0.000466705983917,7.86637860384,7.83883557194,0.0440388644771,7.8299533138,7.92119741483,7.91559201719,7.92063687506
exponential,cut,100000,100,75,7.9279066587,8.03504048968,0.107133830983,7.98147357419,4,4e-05,0.000373364787134,7.98245299532,7.97948795776,0.0439650687212,7.93653205327,8.03430401251,8.02451330836,8.0333249421
exponential,cut,100000,100,76,8.03504048968,8.14217432066,0.107133830983,8.08860740517,2,2e-05,0.000186682393567,8.07873564696,8.07873564696,0.0125475503322,8.06986318904,8.08760810489,8.08583361331,8.08743065573
exponential,cut,100000,100,77,8.14217432066,8.24930815165,0.107133830983,8.19574123615,2,2e-05,0.000186682393567,8.20058927787,8.20058927787,0.0386005159605,8.17329459127,8.22788396446,8.22242502714,8.22733807073
exponential,cut,100000,100,78,8.24930815165,8.35644198263,0.107133830983,8.30287506714,2,2e-05,0.000186682393567,8.28926693609,8.28926693609,0.0282300832061,8.26930525282,8.30922861936,8.3052362827,8.30882938569
exponential,cut,100000,100,79,8.35644198263,8.46357581361,0.107133830983,8.41000889812,3,3e-05,0.00028002359035,8.41633548184,8.40666132641,0.0429910183823,8.37900579896,8.46333932015,8.4520037214,8.46220576027
exponential,cut,100000,100,80,8.46357581361,8.5707096446,0.107133830983,8.51714272911,1,1e-05,9.33411967835e-05,8.56755941406,8.56755941406,,8.56755941406,8.56755941406,8.56755941406,8.56755941406
exponential,cut,100000,100,81,8.5707096446,8.67784347558,0.107133830983,8.62427656009,2,2e-05,0.000186682393567,8.63123010246,8.63123010246,0.026276826555,8.61264958022,8.64981062471,8.64609452026,8.64943901427
exponential,cut,100000,100,82,8.67784347558,8.78497730656,0.107133830983,8.73141039107,3,3e-05,0.00028002359035,8.74847533603,8.74498362379,0.0190393280908,8.73142353342,8.76901885087,8.76421180545,8.76853814632
exponential,cut,100000,100,83,8.78497730656,8.89211113755,0.107133830983,8.83854422206,2,2e-05,0.000186682393567,8.8425881388,8.8425881388,0.0620469011054,8.79871435427,8.88646192332,8.87768716641,8.88558444763
exponential,cut,100000,100,84,8.89211113755,8.99924496853,0.107133830983,8.94567805304,6,6e-05,0.000560047180701,8.95091916877,8.95068978558,0.0209980885685,8.92573125857,8.97714215795,8.97133542275,8.97656148443
exponential,cut,100000,100,85,8.99924496853,9.10637879951,0.107133830983,9.05281188402,1,1e-05,9.33411967835e-05,9.09963082496,9.09963082496,,9.09963082496,9.09963082496,9.09963082496,9.09963082496
exponential,cut,100000,100,86,9.10637879951,9.2135126305,0.107133830983,9.15994571501,1,1e-05,9.33411967835e-05,9.13902120763,9.13902120763,,9.13902120763,9.13902120763,9.13902120763,9.13902120763
exponential,cut,100000,100,87,9.2135126305,9.32064646148,0.107133830983,9.26707954599,2,2e-05,0.000186682393567,9.28540156218,9.28540156218,0.0228185556672,9.26926640673,9.30153671763,9.29830968654,9.30121401452
exponential,cut,100000,100,88,9.32064646148,9.42778029246,0.107133830983,9.37421337697,,0,0,,,,,,,
exponential,cut,100000,100,89,9.42778029246,9.53491412345,0.107133830983,9.48134720796,1,1e-05,9.33411967835e-05,9.51732036303,9.51732036303,,9.51732036303,9.51732036303,9.51732036303,9.51732036303
exponential,cut,100000,100,90,9.53491412345,9.64204795443,0.107133830983,9.58848103894,,0,0,,,,,,,
exponential,cut,100000,100,91,9.64204795443,9.74918178542,0.107133830983,9.69561486992,,0,0,,,,,,,
exponential,cut,100000,100,92,9.74918178542,9.8563156164,0.107133830983,9.80274870091,,0,0,,,,,,,
exponential,cut,100000,100,93,9.8563156164,9.96344944738,0.107133830983,9.90988253189,,0,0,,,,,,,
exponential,cut,100000,100,94,9.96344944738,10.0705832784,0.107133830983,10.0170163629,1,1e-05,9.33411967835e-05,10.0034005424,10.0034005424,,10.0034005424,10.0034005424,10.0034005424,10.0034005424
exponential,cut,100000,100,95,10.0705832784,10.1777171093,0.107133830983,10.1241501939,,0,0,,,,,,,
exponential,cut,100000,100,96,10.1777171093,10.2848509403,0.107133830983,10.2312840248,1,1e-05,9.33411967835e-05,10.2549227303,10.2549227303,,10.2549227303,10.2549227303,10.2549227303,10.2549227303
exponential,cut,100000,100,97,10.2848509403,10.3919847713,0.107133830983,10.3384178558,,0,0,,,,,,,
exponential,cut,100000,100,98,10.3919847713,10.4991186023,0.107133830983,10.4455516868,,0,0,,,,,,,
exponential,cut,100000,100,99,10.4991186023,10.6062524333,0.107133830983,10.5526855178,,0,0,,,,,,,
exponential,cut,100000,100,100,10.6062524333,10.7133862643,0.107133830983,10.6598193488,1,1e-05,9.33411967835e-05,10.7133862643,10.7133862643,,10.7133862643,10.7133862643,10.7133862643,10.7133862643
exponential,qcut,100000,100,1,3.16591758574e-06,0.00951657667737,0.00951341075978,0.00475987129748,1000,0.01,1.05114771689,0.00474748961916,0.00463562388851,0.0028263529874,3.16591758574e-06,0.00950925921663,0.00866561241918,0.0094301805587
exponential,qcut,100000,100,2,0.00951657667737,0.0199029018543,0.0103863251769,0.0147097392658,1000,0.01,0.962804440422,0.0146940565669,0.0147353151639,0.00301424839392,0.00951665059111,0.0199000160652,0.0189651569212,0.0198563572844
exponential,qcut,100000,100,3,0.0199029018543,0.0298669921034,0.00996409024913,0.0248849469788,1000,0.01,1.00360391666,0.0249493966654,0.0248860084666,0.0028854125459,0.0199029607479,0.0298508639045,0.0289142328541,0.0297115714636
exponential,qcut,100000,100,4,0.0298669921034,0.0399563624001,0.0100893702967,0.0349116772517,1000,0.01,0.991142133352,0.034991428139,0.0351507416445,0.00295031332861,0.0298674909137,0.0399384809034,0.0389762538392,0.039906297994
exponential,qcut,100000,100,5,0.0399563624001,0.0504165709428,0.0104602085427,0.0451864666714,1000,0.01,0.956003884543,0.0451600454981,0.0451580879681,0.00298328441498,0.0399571074624,0.0504096908575,0.0492388868452,0.0502583620259
exponential,qcut,100000,100,6,0.0504165709428,0.061138615504,0.0107220445612,0.0557775932234,1000,0.01,0.93265794065,0.0556109063936,0.055585830514,0.0030560811084,0.0504169330526,0.0611356140247,0.0598913675547,0.0609826042033
exponential,qcut,100000,100,7,0.061138615504,0.0721432051416,0.0110045896376,0.0666409103228,1000,0.01,0.908711758392,0.0663577222771,0.0661502383232,0.0032100514664,0.0611388070878,0.0721397229434,0.0709219793218,0.0720127890612
exponential,qcut,100000,100,8,0.0721432051416,0.083147087135,0.0110038819934,0.0776451461383,1000,0.01,0.908770196376,0.0775567946024,0.0773723127178,0.00322835070621,0.0721434672426,0.0831451823049,0.0820424144063,0.0830600728268
exponential,qcut,100000,100,9,0.083147087135,0.0942831014992,0.0111360143642,0.0887150943171,1000,0.01,0.897987347442,0.0887649940504,0.0889142356546,0.00318996805081,0.0831472527724,0.0942777496807,0.093044965713,0.0941233767992
exponential,qcut,100000,100,10,0.0942831014992,0.105781810678,0.0114987091792,0.100032456089,1000,0.01,0.869662832944,0.0999819547937,0.10006474073,0.00333424785037,0.0942836308,0.105772724735,0.104553881572,0.105577338919
exponential,qcut,100000,100,11,0.105781810678,0.117242932971,0.011461122293,0.111512371825,1000,0.01,0.872514902501,0.111327112733,0.111360292508,0.0033555958499,0.105782820228,0.11724133589,0.115972177784,0.117113800909
exponential,qcut,100000,100,12,0.117242932971,0.128685013884,0.0114420809127,0.122963973428,1000,0.01,0.873966901327,0.122888278309,0.122895661887,0.00330668155902,0.117243130363,0.128668911528,0.127458810329,0.128580090003
exponential,qcut,100000,100,13,0.128685013884,0.140656009881,0.0119709959967,0.134670511882,1000,0.01,0.835352380266,0.134784774335,0.134745587756,0.00342733990642,0.12868720966,0.140652644875,0.139665055045,0.140545987015
exponential,qcut,100000,100,14,0.140656009881,0.151898691451,0.0112426815703,0.146277350666,1000,0.01,0.889467511599,0.146211383387,0.146014119607,0.00329185313699,0.140656512698,0.151875894495,0.150879785184,0.151795035756
exponential,qcut,100000,100,15,0.151898691451,0.164052245399,0.0121535539474,0.157975468425,1000,0.01,0.822804592241,0.157850359974,0.157782764504,0.00353570718073,0.151902402583,0.16405138051,0.162723791147,0.163958540325
exponential,qcut,100000,100,16,0.164052245399,0.175708498932,0.0116562535333,0.169880372165,1000,0.01,0.857908587134,0.169872476469,0.169918218237,0.00337010917605,0.164052398026,0.175705906155,0.174521031536,0.175595488508
exponential,qcut,100000,100,17,0.175708498932,0.187855288166,0.0121467892338,0.181781893549,1000,0.01,0.823262823414,0.181739588357,0.181661069469,0.00347623729906,0.175708992794,0.187830073497,0.186518917795,0.187636648663
exponential,qcut,100000,100,18,0.187855288166,0.200134197287,0.0122789091214,0.193994742726,1000,0.01,0.814404594181,0.193990324681,0.193917096668,0.00354595805751,0.187860452616,0.200131006872,0.199008494317,0.200043183564
exponential,qcut,100000,100,19,0.200134197287,0.212402119746,0.0122679224589,0.206268158516,1000,0.01,0.815133942482,0.206471706449,0.206756478592,0.00362393082056,0.200134897622,0.212397428054,0.211252975795,0.212290943632
exponential,qcut,100000,100,20,0.212402119746,0.224991202921,0.0125890831749,0.218696661333,1000,0.01,0.794339020645,0.218702538896,0.218595676582,0.00363121185384,0.212403220266,0.224990502825,0.223729887533,0.224841319153
exponential,qcut,100000,100,21,0.224991202921,0.237342019991,0.0123508170703,0.231166611456,1000,0.01,0.809663032257,0.231208493158,0.231305033206,0.00364448543439,0.224991377945,0.237340626941,0.236167918899,0.237207049632
exponential,qcut,100000,100,22,0.237342019991,0.249948193502,0.0126061735113,0.243645106747,1000,0.01,0.793262125977,0.243606649538,0.24361900681,0.00361891657362,0.237342390295,0.249939370824,0.248754433293,0.249753645785
exponential,qcut,100000,100,23,0.249948193502,0.263004678601,0.0130564850989,0.256476436052,1000,0.01,0.765902915235,0.25649819546,0.256632234624,0.00372094734768,0.24995068195,0.263003485131,0.261676434752,0.262894984882
exponential,qcut,100000,100,24,0.263004678601,0.275712031133,0.0127073525314,0.269358354867,1000,0.01,0.786945980709,0.269403361248,0.269369118825,0.00372176790197,0.263005035092,0.275703889817,0.274591473135,0.275550033066
exponential,qcut,100000,100,25,0.275712031133,0.287950286914,0.0122382557818,0.281831159024,1000,0.01,0.817109903432,0.282065824228,0.282095638277,0.003536650282,0.275714602074,0.28793725637,0.286874974001,0.287849971208
exponential,qcut,100000,100,26,0.287950286914,0.301633235104,0.01368294819,0.294791761009,1000,0.01,0.730836648733,0.294972511833,0.294992213998,0.00390852918278,0.287954630429,0.301628574397,0.300338865327,0.301496368685
exponential,qcut,100000,100,27,0.301633235104,0.314932916558,0.0132996814531,0.308283075831,1000,0.01,0.75189770787,0.308487652603,0.308522935896,0.00384734404675,0.30163487265,0.314931652137,0.313797943302,0.314847596731
exponential,qcut,100000,100,28,0.314932916558,0.329329059982,0.0143961434248,0.32213098827,1000,0.01,0.694630478797,0.322158302898,0.321993451098,0.00420678556107,0.31493338422,0.329316710962,0.328154702382,0.329173483592
exponential,qcut,100000,100,29,0.329329059982,0.343435981482,0.0141069214994,0.336382520732,1000,0.01,0.708871882533,0.336441425814,0.336507602668,0.00410174978911,0.329333862379,0.343424572462,0.342098659392,0.343238227914
exponential,qcut,100000,100,30,0.343435981482,0.356558476346,0.0131224948639,0.349997228914,1000,0.01,0.762050212533,0.3501540296,0.350261096171,0.00378177945941,0.343440641504,0.356551461447,0.355164787813,0.356475703267
exponential,qcut,100000,100,31,0.356558476346,0.37110651084,0.0145480344939,0.363832493593,1000,0.01,0.687378078749,0.363659434672,0.363602584671,0.00415968843413,0.356561482731,0.371105757809,0.369478543318,0.370973527946
exponential,qcut,100000,100,32,0.37110651084,0.386348007789,0.0152414969491,0.378727259314,1000,0.01,0.656103533228,0.378498720161,0.378478860503,0.00447274708238,0.371106849158,0.386336178719,0.384770679421,0.386132328281
exponential,qcut,100000,100,33,0.386348007789,0.401370035323,0.0150220275343,0.393859021556,1000,0.01,0.665689100702,0.393791480443,0.393807308492,0.00439524432787,0.38635357441,0.401369203704,0.399985155708,0.401181951433
exponential,qcut,100000,100,34,0.401370035323,0.416524241265,0.0151542059419,0.408947138294,1000,0.01,0.659882809981,0.409064676302,0.40918355419,0.00433657746827,0.401370444926,0.416505750445,0.415165291964,0.416413663092
exponential,qcut,100000,100,35,0.416524241265,0.432336926972,0.0158126857073,0.424430584119,1000,0.01,0.632403640031,0.424523441864,0.424577301944,0.00453711936221,0.416533766839,0.43232170475,0.430808158034,0.432178052793
exponential,qcut,100000,100,36,0.432336926972,0.447910536561,0.0155736095886,0.440123731767,1000,0.01,0.642111897253,0.440137582151,0.440169924342,0.00452945910465,0.432345123553,0.447910512272,0.446232420537,0.447779922804
exponential,qcut,100000,100,37,0.447910536561,0.463501218846,0.0155906822848,0.455705877703,1000,0.01,0.641408747696,0.45566436706,0.455800413214,0.00450756860314,0.447910550223,0.463470192505,0.461874511967,0.463332300034
exponential,qcut,100000,100,38,0.463501218846,0.479003416957,0.0155021981113,0.471252317901,1000,0.01,0.645069810628,0.471003417616,0.470651543783,0.00465649397571,0.463519440665,0.478991825798,0.477412503319,0.478879057547
exponential,qcut,100000,100,39,0.479003416957,0.494429932004,0.0154265150469,0.48671667448,1000,0.01,0.648234547439,0.486817711606,0.486719980783,0.00452424759676,0.479010521216,0.494425324126,0.493048621024,0.494246426063
exponential,qcut,100000,100,40,0.494429932004,0.510599383247,0.0161694512428,0.502514657625,1000,0.01,0.618450178047,0.502543900954,0.502532095111,0.00467508946643,0.494432878024,0.510556299208,0.508959174239,0.510453729578
exponential,qcut,100000,100,41,0.510599383247,0.526667509876,0.0160681266298,0.518633446562,1000,0.01,0.622350086629,0.518544382696,0.518415840387,0.00450682536414,0.510628105939,0.526619560526,0.524952714385,0.526378464841
exponential,qcut,100000,100,42,0.526667509876,0.543965873182,0.0172983633055,0.535316691529,1000,0.01,0.578089373161,0.535360954764,0.535210783068,0.00508570494461,0.526700830611,0.543949740657,0.542420063095,0.543824438325
exponential,qcut,100000,100,43,0.543965873182,0.561319560625,0.0173536874432,0.552642716904,1000,0.01,0.576246404847,0.552499985437,0.552345089407,0.00487238711556,0.543977555355,0.561314068769,0.559479881556,0.561179053674
exponential,qcut,100000,100,44,0.561319560625,0.579144260616,0.0178246999907,0.57023191062,1000,0.01,0.561019260084,0.570221029358,0.570229795162,0.00531012322563,0.561323703604,0.579142011105,0.577625461233,0.579023886067
exponential,qcut,100000,100,45,0.579144260616,0.597226332977,0.018082072361,0.588185296796,1000,0.01,0.553033955419,0.588040413255,0.588169868402,0.00525654949176,0.579146028089,0.597210655577,0.595489491228,0.596966033982
exponential,qcut,100000,100,46,0.597226332977,0.615375109391,0.0181487764138,0.606300721184,1000,0.01,0.551001333201,0.606468890078,0.606794872357,0.00517815158583,0.597239159941,0.615368477319,0.613619970615,0.615092726554
exponential,qcut,100000,100,47,0.615375109391,0.633622331139,0.0182472217486,0.624498720265,1000,0.01,0.548028633497,0.624664119996,0.624716435935,0.00520400899298,0.615380758933,0.633615661376,0.631844241974,0.633510493321
exponential,qcut,100000,100,48,0.633622331139,0.652571362037,0.0189490308974,0.643096846588,1000,0.01,0.527731473663,0.642991533559,0.642867712439,0.00552824341304,0.633628245835,0.652556202586,0.650669537219,0.652459504433
exponential,qcut,100000,100,49,0.652571362037,0.671707727295,0.0191363652579,0.662139544666,1000,0.01,0.522565276384,0.662288313036,0.66227655501,0.00552475701062,0.652585355376,0.67166026276,0.669995494223,0.671523656552
exponential,qcut,100000,100,50,0.671707727295,0.692371779501,0.0206640522068,0.682039753398,1000,0.01,0.483932188126,0.682214207121,0.682207721635,0.00603203996614,0.671753330475,0.692357937147,0.690420455411,0.692113853544
exponential,qcut,100000,100,51,0.692371779501,0.712225090669,0.0198533111677,0.702298435085,1000,0.01,0.503694316555,0.702136317843,0.701978381406,0.00570603648365,0.692385621856,0.712223249425,0.709833607849,0.712058704555
exponential,qcut,100000,100,52,0.712225090669,0.732523261343,0.0202981706734,0.722374176006,1000,0.01,0.492655232873,0.722403863276,0.722102286399,0.00583076195617,0.712227007066,0.732511279864,0.730623559551,0.732255994338
exponential,qcut,100000,100,53,0.732523261343,0.75295209372,0.0204288323772,0.742737677531,1000,0.01,0.489504236727,0.742928027279,0.743194676578,0.00602240031454,0.732536241278,0.752943924272,0.751103471465,0.752651749376
exponential,qcut,100000,100,54,0.75295209372,0.773958171762,0.0210060780424,0.763455132741,1000,0.01,0.47605269198,0.763606474893,0.763719112552,0.00615000493294,0.752961306076,0.77395303336,0.771961120843,0.773860450701
exponential,qcut,100000,100,55,0.773958171762,0.797190307271,0.0232321355088,0.785574239517,1000,0.01,0.430438260668,0.785220446843,0.785279868756,0.0067993946607,0.7739642038,0.79717870871,0.795030214361,0.796936337953
exponential,qcut,100000,100,56,0.797190307271,0.817667941953,0.0204776346818,0.807429124612,1000,0.01,0.488337650094,0.807212203325,0.80727183541,0.00589566831788,0.797204483289,0.817659388575,0.815503216628,0.817413677027
exponential,qcut,100000,100,57,0.817667941953,0.84055640202,0.0228884600675,0.829112171987,1000,0.01,0.436901389194,0.82888304508,0.828739188569,0.00655745770386,0.81767882807,0.840544526065,0.838210650544,0.840350283725
exponential,qcut,100000,100,58,0.84055640202,0.863406079529,0.0228496775089,0.851981240775,1000,0.01,0.437642938116,0.851859105249,0.851553641993,0.0064900657735,0.840572144565,0.863399434659,0.860803885824,0.863053510078
exponential,qcut,100000,100,59,0.863406079529,0.887199903876,0.023793824347,0.875302991703,1000,0.01,0.420277121246,0.875593410008,0.875744186853,0.00677509215144,0.863415255779,0.887199314799,0.884910667242,0.886849999704
exponential,qcut,100000,100,60,0.887199903876,0.912192648583,0.0249927447064,0.899696276229,1000,0.01,0.400116118397,0.899754934428,0.899567480693,0.00720569150015,0.887200751572,0.912189800278,0.909668428921,0.911799114392
exponential,qcut,100000,100,61,0.912192648583,0.936742456153,0.02454980757,0.924467552368,1000,0.01,0.407335168371,0.924017775754,0.923819769819,0.00700472467637,0.912196921039,0.936739500217,0.933929321063,0.936440282664
exponential,qcut,100000,100,62,0.936742456153,0.963218897559,0.026476441406,0.949980676856,1000,0.01,0.377694262104,0.949988943564,0.950424761633,0.00745831394103,0.93674707954,0.963196306296,0.960372497857,0.962842261159
exponential,qcut,100000,100,63,0.963218897559,0.988880121551,0.0256612239925,0.976049509555,1000,0.01,0.389693024889,0.976111055763,0.976428125671,0.00754048003444,0.963255756986,0.988842504218,0.986337203157,0.988506493338
exponential,qcut,100000,100,64,0.988880121551,1.01732294423,0.0284428226784,1.00310153289,1000,0.01,0.351582545553,1.00306354776,1.00311956101,0.00832238192194,0.988944172685,1.01732250751,1.01456104914,1.01705897553
exponential,qcut,100000,100,65,1.01732294423,1.0464273177,0.029104373472,1.03187513097,1000,0.01,0.343590973006,1.03162593609,1.03166364589,0.00836636991631,1.01732372062,1.04642251611,1.04308815753,1.04593986895
exponential,qcut,100000,100,66,1.0464273177,1.07635227419,0.0299249564879,1.06138979595,1000,0.01,0.334169241116,1.06191434041,1.06181387742,0.00849262677789,1.04643623495,1.0763516771,1.0734981014,1.07613502862
exponential,qcut,100000,100,67,1.07635227419,1.10561331101,0.0292610368224,1.0909827926,1000,0.01,0.341751389765,1.09101846194,1.09116961131,0.00848546689073,1.07635343325,1.1056083413,1.10280326416,1.10539363151
exponential,qcut,100000,100,68,1.10561331101,1.13683587833,0.0312225673193,1.12122459467,1000,0.01,0.320281157464,1.12144267383,1.12161385565,0.00909006541921,1.10562340103,1.13683465973,1.1338190683,1.13667337215
exponential,qcut,100000,100,69,1.13683587833,1.16500404276,0.0281681644249,1.15091996054,1000,0.01,0.355010708158,1.15054357408,1.15032122652,0.0082561209886,1.13683846787,1.1649934204,1.1623024898,1.16474366245
exponential,qcut,100000,100,70,1.16500404276,1.19899082404,0.0339867812795,1.1819974334,1000,0.01,0.294232040326,1.18204087266,1.18225777322,0.00984295839212,1.16502768607,1.19898197179,1.19560104163,1.19857265012
exponential,qcut,100000,100,71,1.19899082404,1.23357066282,0.0345798387841,1.21628074343,1000,0.01,0.289185847928,1.21638993109,1.21649222745,0.00994414121299,1.19901147927,1.23356871416,1.23019802739,1.23324551667
exponential,qcut,100000,100,72,1.23357066282,1.2690012607,0.0354305978797,1.25128596176,1000,0.01,0.282241920782,1.25154038334,1.25187356115,0.0103783168275,1.23357543367,1.26899762931,1.26557530717,1.26860480847
exponential,qcut,100000,100,73,1.2690012607,1.30779858729,0.0387973265859,1.28839992399,1000,0.01,0.257749718343,1.28787015055,1.28753967229,0.0110439873096,1.26901059856,1.3077923319,1.30358996832,1.30727671716
exponential,qcut,100000,100,74,1.30779858729,1.34568761169,0.0378890244025,1.32674309949,1000,0.01,0.263928674799,1.32661653666,1.3267371242,0.0110460777124,1.3078155,1.34566671757,1.34177841293,1.34546594155
exponential,qcut,100000,100,75,1.34568761169,1.38255839442,0.0368707827295,1.36412300305,1000,0.01,0.271217458912,1.36400902551,1.36402026133,0.0106391693549,1.34574707956,1.38255779499,1.37876096725,1.38222640605
exponential,qcut,100000,100,76,1.38255839442,1.42471842047,0.0421600260496,1.40363840744,1000,0.01,0.237191504299,1.40307661898,1.40281160961,0.0117347147984,1.38256019269,1.42467722288,1.41965020358,1.42405020125
exponential,qcut,100000,100,77,1.42471842047,1.46651006428,0.041791643814,1.44561424237,1000,0.01,0.239282284384,1.44546404963,1.44512588492,0.0122441787938,1.42484887949,1.46650052488,1.46252023422,1.46593167845
exponential,qcut,100000,100,78,1.46651006428,1.51022794684,0.0437178825619,1.48836900556,1000,0.01,0.228739349072,1.48829159648,1.48845863643,0.0127817091569,1.46654200055,1.51022627748,1.50587779587,1.50957143562
exponential,qcut,100000,100,79,1.51022794684,1.55656089385,0.0463329470033,1.53339442034,1000,0.01,0.215829137726,1.53411014417,1.53405409338,0.0131484039531,1.5102338655,1.55655111117,1.55201661591,1.55596718664
exponential,qcut,100000,100,80,1.55656089385,1.60484127398,0.0482803801306,1.58070108391,1000,0.01,0.207123472784,1.58095230268,1.58071359356,0.0137521521477,1.55659769533,1.60482775634,1.59975594179,1.60461375804
exponential,qcut,100000,100,81,1.60484127398,1.65601781077,0.0511765367945,1.63042954237,1000,0.01,0.195402046062,1.63014889613,1.62983655417,0.0146789409743,1.60489534451,1.65600645578,1.65077563704,1.65545999145
exponential,qcut,100000,100,82,1.65601781077,1.71039028958,0.054372478809,1.68320405018,1000,0.01,0.183916573587,1.68345170551,1.68431928205,0.0157812365517,1.65606621888,1.71037959575,1.70520169071,1.70980946737
exponential,qcut,100000,100,83,1.71039028958,1.76635686291,0.0559665733284,1.73837357624,1000,0.01,0.178678082385,1.73775556896,1.73724040755,0.0160830067867,1.71043900592,1.76631951989,1.76044228266,1.76582903211
exponential,qcut,100000,100,84,1.76635686291,1.82818371688,0.0618268539667,1.79727028989,1000,0.01,0.161742015943,1.79644028915,1.7964692722,0.017927764579,1.76653918472,1.82817931727,1.82156492973,1.82773624291
exponential,qcut,100000,100,85,1.82818371688,1.89332300046,0.0651392835842,1.86075335867,1000,0.01,0.153517193462,1.86090019843,1.86130273152,0.0185069056664,1.82820681479,1.89330175857,1.88665767823,1.89234464708
exponential,qcut,100000,100,86,1.89332300046,1.96361883218,0.0702958317241,1.92847091632,1000,0.01,0.142255945406,1.92813108883,1.92819921401,0.0199035224449,1.89344337117,1.96360855788,1.95631508814,1.96267879935
exponential,qcut,100000,100,87,1.96361883218,2.03771510093,0.0740962687513,2.00066696656,1000,0.01,0.134959562317,2.00023920568,2.00004435703,0.0212970405558,1.96368194576,2.03770431607,2.02924832113,2.03687417125
exponential,qcut,100000,100,88,2.03771510093,2.12184852458,0.0841334236428,2.07978181276,1000,0.01,0.118858826457,2.07978926686,2.07915377192,0.0241984068484,2.03778727656,2.12184561083,2.1129543309,2.12100019639
exponential,qcut,100000,100,89,2.12184852458,2.20955688604,0.0877083614609,2.16570270531,1000,0.01,0.114014215218,2.16634833548,2.16726473202,0.0253121527238,2.12186989207,2.20955565996,2.20112805734,2.20848829812
exponential,qcut,100000,100,90,2.20955688604,2.30498955085,0.0954326648126,2.25727321844,1000,0.01,0.104785924396,2.25729976915,2.25636829624,0.0274250014931,2.2095668061,2.30496755883,2.29604807488,2.30401602782
exponential,qcut,100000,100,91,2.30498955085,2.40705600654,0.102066455684,2.35602277869,1000,0.01,0.0979753821466,2.35494893174,2.35533194507,0.0295878630069,2.30518747906,2.40702642279,2.39666728142,2.40581441809
exponential,qcut,100000,100,92,2.40705600654,2.5203698738,0.113313867268,2.46371294017,1000,0.01,0.0882504519621,2.46320415708,2.46272994053,0.0333753113714,2.40735513106,2.52035959928,2.50988356273,2.51949256126
exponential,qcut,100000,100,93,2.5203698738,2.6594009321,0.139031058296,2.58988540295,1000,0.01,0.0719263747436,2.59006509873,2.58917266611,0.0404482965481,2.52048803087,2.65938771997,2.64588206716,2.65704727381
exponential,qcut,100000,100,94,2.6594009321,2.8078035902,0.148402658099,2.73360226115,1000,0.01,0.0673842377767,2.73311819742,2.73283512481,0.0423517204523,2.65957646472,2.80778169691,2.79188941643,2.80603655474
exponential,qcut,100000,100,95,2.8078035902,2.9856853995,0.177881809304,2.89674449485,1000,0.01,0.0562171030254,2.89269114624,2.88979453435,0.0513222706727,2.808146585,2.98567751246,2.96804748396,2.98347039529
exponential,qcut,100000,100,96,2.9856853995,3.20951875826,0.223833358756,3.09760207888,1000,0.01,0.0446760932131,3.0937924053,3.09383334342,0.064029103841,2.98583525326,3.20951573954,3.1839600025,3.20690839414
exponential,qcut,100000,100,97,3.20951875826,3.51182648644,0.302307728184,3.36067262235,1000,0.01,0.0330788764815,3.3510034732,3.34934371826,0.0881026900492,3.20959120756,3.51182110471,3.47541723957,3.50709727541
exponential,qcut,100000,100,98,3.51182648644,3.9196731923,0.407846705856,3.71574983937,1000,0.01,0.0245190162294,3.7000995854,3.68625046989,0.119730987255,3.51200049586,3.91965892986,3.87724468621,3.91573339548
exponential,qcut,100000,100,99,3.9196731923,4.62417877597,0.704505583672,4.27192598413,1000,0.01,0.0141943516585,4.22636472459,4.20667608062,0.19723798414,3.92037205169,4.62417500418,4.52199531047,4.61323752273
exponential,qcut,100000,100,100,4.62417877597,10.7133862643,6.0892074883,7.66878252012,1000,0.01,0.00164224983616,5.57310630021,5.28036999073,0.935548302952,4.62455218322,10.7133862643,6.69407806502,8.96549502161
exponential,log_binning,100000,100,1,3.16591758574e-06,3.67954295142e-06,5.13625365686e-07,3.42273026858e-06,2,2e-05,38.9388868544,3.38133844279e-06,3.38133844279e-06,3.04651097669e-07,3.16591758574e-06,3.59675929985e-06,3.55367512844e-06,3.59245088271e-06
exponential,log_binning,100000,100,2,3.67954295142e-06,4.27649677059e-06,5.9695381917e-07,3.97801986101e-06,,0,0,,,,,,,
exponential,log_binning,100000,100,3,4.27649677059e-06,4.97029790665e-06,6.93801136058e-07,4.62339733862e-06,2,2e-05,28.826704023,4.51317554234e-06,4.51317554234e-06,3.06655377002e-07,4.29633744577e-06,4.7300136389e-06,4.68664601959e-06,4.72567687697e-06
exponential,log_binning,100000,100,4,4.97029790665e-06,5.77665846745e-06,8.06360560797e-07,5.37347818705e-06,,0,0,,,,,,,
exponential,log_binning,100000,100,5,5.77665846745e-06,6.71383962818e-06,9.37181160733e-07,6.24524904781e-06,,0,0,,,,,,,
exponential,log_binning,100000,100,6,6.71383962818e-06,7.80306518153e-06,1.08922555335e-06,7.25845240485e-06,,0,0,,,,,,,
exponential,log_binning,100000,100,7,7.80306518153e-06,9.06900218045e-06,1.26593699893e-06,8.43603368099e-06,,0,0,,,,,,,
exponential,log_binning,100000,100,8,9.06900218045e-06,1.05403195585e-05,1.47131737804e-06,9.80466086948e-06,,0,0,,,,,,,
exponential,log_binning,100000,100,9,1.05403195585e-05,1.22503373783e-05,1.71001781982e-06,1.13953284684e-05,,0,0,,,,,,,
exponential,log_binning,100000,100,10,1.22503373783e-05,1.42377814116e-05,1.98744403331e-06,1.3244059395e-05,,0,0,,,,,,,
exponential,log_binning,100000,100,11,1.42377814116e-05,1.65476601391e-05,2.30987872743e-06,1.53927207753e-05,,0,0,,,,,,,
exponential,log_binning,100000,100,12,1.65476601391e-05,1.92322840309e-05,2.68462389181e-06,1.7889972085e-05,,0,0,,,,,,,
exponential,log_binning,100000,100,13,1.92322840309e-05,2.23524501915e-05,3.12016616062e-06,2.07923671112e-05,,0,0,,,,,,,
exponential,log_binning,100000,100,14,2.23524501915e-05,2.59788191959e-05,3.62636900446e-06,2.41656346937e-05,4,4e-05,11.0303170888,2.42914378764e-05,2.43050182075e-05,6.47815947116e-07,2.36293876562e-05,2.49263274344e-05,2.4876958235e-05,2.49213905144e-05
exponential,log_binning,100000,100,15,2.59788191959e-05,3.01935152985e-05,4.21469610255e-06,2.80861672472e-05,,0,0,,,,,,,
exponential,log_binning,100000,100,16,3.01935152985e-05,3.50919862525e-05,4.89847095401e-06,3.26427507755e-05,1,1e-05,2.04145336246,3.20322666434e-05,3.20322666434e-05,,3.20322666434e-05,3.20322666434e-05,3.20322666434e-05,3.20322666434e-05
exponential,log_binning,100000,100,17,3.50919862525e-05,4.07851648598e-05,5.6931786073e-06,3.79385755562e-05,2,2e-05,3.51297603317,3.78926820974e-05,3.78926820974e-05,2.31046586579e-06,3.6258936016e-05,3.95264281788e-05,3.91996789626e-05,3.94937532572e-05
exponential,log_binning,100000,100,18,4.07851648598e-05,4.74019812008e-05,6.61681634104e-06,4.40935730303e-05,2,2e-05,3.02260165149,4.34569029008e-05,4.34569029008e-05,3.8956992788e-07,4.31814353631e-05,4.37323704386e-05,4.3677276931e-05,4.37268610878e-05
exponential,log_binning,100000,100,19,4.74019812008e-05,5.50922824387e-05,7.69030123785e-06,5.12471318198e-05,1,1e-05,1.30033917927,4.80529017346e-05,4.80529017346e-05,,4.80529017346e-05,4.80529017346e-05,4.80529017346e-05,4.80529017346e-05
exponential,log_binning,100000,100,20,5.50922824387e-05,6.403022632e-05,8.93794388127e-06,5.95612543793e-05,3,3e-05,3.3564766571,5.89095758118e-05,5.90005425884e-05,1.95932557463e-06,5.69063512528e-05,6.08218335942e-05,6.04575753931e-05,6.07854077741e-05
exponential,log_binning,100000,100,21,6.403022632e-05,7.44182252232e-05,1.03879989033e-05,6.92242257716e-05,,0,0,,,,,,,
exponential,log_binning,100000,100,22,7.44182252232e-05,8.64915300737e-05,1.20733048504e-05,8.04548776485e-05,6,6e-05,4.96964176282,7.96539346032e-05,7.89412711286e-05,4.02580292097e-06,7.55760149152e-05,8.54652406586e-05,8.41229979957e-05,8.53310163923e-05
exponential,log_binning,100000,100,23,8.64915300737e-05,0.000100523557933,1.40320278592e-05,9.35075440033e-05,2,2e-05,1.42531073917,9.82570082869e-05,9.82570082869e-05,8.49896329102e-07,9.76560408292e-05,9.88579757445e-05,9.8737782253e-05,9.88459563953e-05
exponential,log_binning,100000,100,24,0.000100523557933,0.000116832083915,1.63085259818e-05,0.000108677820924,2,2e-05,1.22635240133,0.000107994700078,0.000107994700078,1.00435186764e-05,0.000100892859915,0.000115096540241,0.000113676172209,0.000114954503438
exponential,log_binning,100000,100,25,0.000116832083915,0.000135786437652,1.89543537377e-05,0.000126309260784,1,1e-05,0.527583273921,0.000130595414831,0.000130595414831,,0.000130595414831,0.000130595414831,0.000130595414831,0.000130595414831
exponential,log_binning,100000,100,26,0.000135786437652,0.00015781586729,2.20294296379e-05,0.000146801152471,1,1e-05,0.453938216484,0.000151070297903,0.000151070297903,,0.000151070297903,0.000151070297903,0.000151070297903,0.000151070297903
exponential,log_binning,100000,100,27,0.00015781586729,0.000183419260415,2.56033931247e-05,0.000170617563853,7,7e-05,2.73401262321,0.000168736556165,0.00016928575683,6.75178836163e-06,0.000159246302148,0.000177922726371,0.000175542192635,0.000177684672997
exponential,log_binning,100000,100,28,0.000183419260415,0.00021317644207,2.97571816553e-05,0.000198297851243,2,2e-05,0.672106660895,0.000202273262083,0.000202273262083,2.0116911784e-06,0.000200850781609,0.000203695742557,0.000203411246462,0.000203667292947
exponential,log_binning,100000,100,29,0.00021317644207,0.000247761305715,3.4584863645e-05,0.000230468873893,2,2e-05,0.578287663797,0.000230738291229,0.000230738291229,1.66966045663e-05,0.000218932008917,0.000242544573541,0.000240183317078,0.000242308447894
exponential,log_binning,100000,100,30,0.000247761305715,0.000287957074495,4.01957687794e-05,0.000267859190105,5,5e-05,1.24391202155,0.000268897346318,0.000275767408773,1.33173121141e-05,0.000248026323397,0.000280861904979,0.000279034937416,0.000280679208222
exponential,log_binning,100000,100,31,0.000287957074495,0.000334674038434,4.67169639398e-05,0.000311315556465,7,7e-05,1.49838504253,0.000306036388803,0.000306780134518,1.24669576234e-05,0.000288927866858,0.000320264636714,0.000318097992457,0.000320047972288
exponential,log_binning,100000,100,32,0.000334674038434,0.000388970169247,5.42961308124e-05,0.000361822103841,2,2e-05,0.368350372315,0.000355535907823,0.000355535907823,1.79274256024e-05,0.000342859303611,0.000368212512036,0.000365677191194,0.000367958979952
exponential,log_binning,100000,100,33,0.000388970169247,0.000452075079596,6.3104910349e-05,0.000420522624421,6,6e-05,0.950797642658,0.000421839965644,0.000416918041698,1.56767714509e-05,0.000409035473765,0.000449990200711,0.000439378771822,0.000448929057822
exponential,log_binning,100000,100,34,0.000452075079596,0.000525417869415,7.3342789819e-05,0.000488746474505,10,0.0001,1.36346054257,0.00050451488135,0.000504888120834,9.72838978089e-06,0.000490063769391,0.000519422478473,0.000515914387455,0.000519071669371
exponential,log_binning,100000,100,35,0.000525417869415,0.000610659489896,8.52416204806e-05,0.000568038679655,8,8e-05,0.938508671573,0.000574448486743,0.000580482010522,2.15029277037e-05,0.000542014468883,0.00059908812636,0.000596367379746,0.000598816051698
exponential,log_binning,100000,100,36,0.000610659489896,0.000709730358076,9.90708681806e-05,0.000660194923986,7,7e-05,0.706564919492,0.000658395674447,0.000656238080431,3.05817387555e-05,0.00062044386165,0.000697806106922,0.000691120474271,0.000697137543657
exponential,log_binning,100000,100,37,0.000709730358076,0.000824874073866,0.00011514371579,0.000767302215971,14,0.00014,1.21587182626,0.000767959406897,0.000776118450454,4.02950218805e-05,0.000710057738293,0.000821296906785,0.000814288533523,0.000820568079868
exponential,log_binning,100000,100,38,0.000824874073866,0.000958698229536,0.000133824155671,0.000891786151701,14,0.00014,1.04614895045,0.000894860495214,0.000893157399977,3.85521509988e-05,0.000828410572963,0.00095307137802,0.000943131598555,0.000952355987077
exponential,log_binning,100000,100,39,0.000958698229536,0.00111423346234,0.000155535232802,0.00103646584594,8,8e-05,0.514352912578,0.00106898072451,0.0010663143218,1.74077537446e-05,0.0010461344362,0.00109437011158,0.00108803555056,0.00109373665548
exponential,log_binning,100000,100,40,0.00111423346234,0.00129500208756,0.000180768625226,0.00120461777495,24,0.00024,1.32766402189,0.00121598792435,0.00122734587937,5.64201133705e-05,0.00111433332338,0.00129130916182,0.00127851573502,0.00128919054951
exponential,log_binning,100000,100,41,0.00129500208756,0.00150509786636,0.000210095778799,0.00140004997696,20,0.0002,0.951946779432,0.00138607042347,0.00139261638716,6.2670306635e-05,0.00130306836867,0.001492434848,0.00145729893361,0.00148576860643
exponential,log_binning,100000,100,42,0.00150509786636,0.00174927871475,0.000244180848386,0.00162718829056,25,0.00025,1.02383131868,0.00162382847809,0.0016334466265,7.8883667206e-05,0.00151045461399,0.0017472594734,0.00171650311494,0.00174635127377
exponential,log_binning,100000,100,43,0.00174927871475,0.00203307445334,0.000283795738587,0.00189117658404,25,0.00025,0.88091527112,0.00190117686434,0.00191476599278,7.57360011966e-05,0.00175146216426,0.00202455965463,0.0019926133103,0.00202219541222
exponential,log_binning,100000,100,44,0.00203307445334,0.00236291203795,0.000329837584612,0.00219799324564,40,0.0004,1.21271807296,0.00218569463519,0.00216544168758,9.2786679576e-05,0.00203699270411,0.00235670227004,0.00232526784896,0.0023541707899
exponential,log_binning,100000,100,45,0.00236291203795,0.00274626110712,0.000383349069174,0.00255458657254,30,0.0003,0.782576570868,0.00255773626337,0.00255479283233,0.000111300521802,0.0023757599162,0.00273601169798,0.0027119514667,0.00273516856193
exponential,log_binning,100000,100,46,0.00274626110712,0.00319180314264,0.000445542035513,0.00296903212488,61,0.00061,1.3691188516,0.00297792673315,0.00297977117342,0.000131681396377,0.00274685471826,0.00317939594484,0.00316254165657,0.00317599988518
exponential,log_binning,100000,100,47,0.00319180314264,0.00370962807393,0.000517824931299,0.00345071560828,46,0.00046,0.888331117711,0.00343516456228,0.00344113654221,0.000155764508877,0.00320135013341,0.00369465106481,0.00366398009445,0.00368909052075
exponential,log_binning,100000,100,48,0.00370962807393,0.00431146277886,0.000601834704927,0.0040105454264,76,0.00076,1.26280520844,0.00400107900493,0.00400991964031,0.00017637922986,0.00371928184995,0.00430559369274,0.00422841964924,0.00429468770372
exponential,log_binning,100000,100,49,0.00431146277886,0.00501093665538,0.000699473876519,0.00466119971712,67,0.00067,0.957862791581,0.00465261305485,0.00465541643489,0.000201968908098,0.00432861695952,0.0049931923796,0.00493862926965,0.00499157315362
exponential,log_binning,100000,100,50,0.00501093665538,0.00582389027857,0.000812953623191,0.00541741346698,82,0.00082,1.00866762458,0.00539548310169,0.0053764118072,0.000243289138619,0.00501868031295,0.00581272403489,0.00573428838424,0.00580648138211
exponential,log_binning,100000,100,51,0.00582389027857,0.00676873413285,0.000944843854282,0.00629631220571,88,0.00088,0.931370824938,0.00626016706006,0.00625338349388,0.000292815309541,0.00583156114488,0.00675813634147,0.00667207940502,0.00675515404222
exponential,log_binning,100000,100,52,0.00676873413285,0.00786686554344,0.00109813141058,0.00731779983814,101,0.00101,0.919744203895,0.00732508645232,0.00732096553966,0.000311634050924,0.00677134771443,0.00785512513228,0.00775312303408,0.00785075975019
exponential,log_binning,100000,100,53,0.00786686554344,0.00914315324901,0.00127628770558,0.00850500939623,132,0.00132,1.03424956162,0.00845212753735,0.00846377059025,0.000363493062317,0.00789583579173,0.00910401802967,0.00897474788063,0.00906208421371
exponential,log_binning,100000,100,54,0.00914315324901,0.0106265005895,0.0014833473405,0.00988482691927,171,0.00171,1.15279810285,0.00983191278589,0.00984205156365,0.000471166474672,0.00914596745132,0.0106098362014,0.0104820667168,0.0105989882313
exponential,log_binning,100000,100,55,0.0106265005895,0.0123505000631,0.00172399947359,0.0114885003263,173,0.00173,1.00348058482,0.0115116620279,0.0114878555678,0.000496688986761,0.0106265883244,0.0123463178218,0.0121797856473,0.0123461429251
exponential,log_binning,100000,100,56,0.0123505000631,0.0143541940758,0.00200369401272,0.0133523470695,185,0.00185,0.923294668872,0.0133151171537,0.0132879617865,0.000602563706852,0.0123576249503,0.0143434583353,0.014181590966,0.0143206382442
exponential,log_binning,100000,100,57,0.0143541940758,0.0166829591121,0.00232876503625,0.015518576594,234,0.00234,1.00482442993,0.0155750874725,0.0155598523656,0.000640747320343,0.0143661110834,0.0166827600647,0.0164523732893,0.0166491853649
exponential,log_binning,100000,100,58,0.0166829591121,0.0193895333493,0.00270657423721,0.0180362462307,245,0.00245,0.905203325415,0.0180732705682,0.0181610699982,0.000806478881333,0.0166831347913,0.01938711632,0.0191422369399,0.0193627490278
exponential,log_binning,100000,100,59,0.0193895333493,0.0225352109885,0.0031456776392,0.0209623721689,314,0.00314,0.99819509821,0.0209707620621,0.0209519287052,0.000916978669613,0.0194177855012,0.0225171902628,0.0222411077215,0.0224792643916
exponential,log_binning,100000,100,60,0.0225352109885,0.0261912303482,0.00365601935973,0.0243632206684,363,0.00363,0.99288314498,0.0243633619221,0.0244391417221,0.00102204805388,0.0225394014163,0.0261634011868,0.0257869142409,0.0261385460745
exponential,log_binning,100000,100,61,0.0261912303482,0.030440387157,0.00424915680875,0.0283158087526,433,0.00433,1.01902570201,0.0283415103261,0.0283385772886,0.00119130858413,0.0262036969108,0.0304387848946,0.0299443443099,0.0304081005556
exponential,log_binning,100000,100,62,0.030440387157,0.0353789095795,0.00493852242256,0.0329096483683,461,0.00461,0.933477588143,0.0328034785016,0.0328321278771,0.00141730322241,0.030477474391,0.0353576778503,0.0347498951491,0.0352787464747
exponential,log_binning,100000,100,63,0.0353789095795,0.0411186374399,0.00573972786033,0.0382487735097,594,0.00594,1.03489227095,0.0381895494447,0.0381116016793,0.00166684665431,0.0353903131564,0.0410996536133,0.0405695128257,0.0410695736452
exponential,log_binning,100000,100,64,0.0411186374399,0.0477895549921,0.00667091755222,0.044454096216,641,0.00641,0.960887306705,0.0444439829241,0.0444429837415,0.0018931237843,0.0411313563231,0.0477800680683,0.0469990096929,0.0476951803354
exponential,log_binning,100000,100,65,0.0477895549921,0.0555427345977,0.00775317960561,0.0516661447949,739,0.00739,0.953157333625,0.0516295205814,0.0516169682265,0.00223823562318,0.0477971579031,0.0555331111279,0.0546500827534,0.055406452221
exponential,log_binning,100000,100,66,0.0555427345977,0.0645537579729,0.00901102337517,0.0600482462853,847,0.00847,0.939959830016,0.0600031203592,0.0600638415916,0.00261270132367,0.0555475346933,0.0645380106994,0.0635825971045,0.0643885787615
exponential,log_binning,100000,100,67,0.0645537579729,0.0750266924847,0.0104729345118,0.0697902252288,942,0.00942,0.899461367716,0.0698155890917,0.069746351608,0.00310320048989,0.0645640495707,0.0750064727339,0.0740380609422,0.0749244592836
exponential,log_binning,100000,100,68,0.0750266924847,0.0871987125452,0.0121720200606,0.081112702515,1073,0.01073,0.881529930662,0.0810901939808,0.0811331309007,0.00352211329465,0.0750311240213,0.0871600236832,0.0859609351241,0.087038550279
exponential,log_binning,100000,100,69,0.0871987125452,0.101345470762,0.0141467582164,0.0942720916534,1270,0.0127,0.897732173389,0.094199961729,0.0941158499598,0.00407331616775,0.087200598735,0.101339094641,0.100028798499,0.101233473765
exponential,log_binning,100000,100,70,0.101345470762,0.117787340479,0.0164418697173,0.10956640562,1428,0.01428,0.868514362751,0.109504200536,0.109378157651,0.00470654964888,0.101359898976,0.11778251779,0.116070618448,0.117605773403
exponential,log_binning,100000,100,71,0.117787340479,0.136896671088,0.019109330609,0.127342005783,1623,0.01623,0.84932331394,0.127195037922,0.127016922602,0.00554119339291,0.117800036216,0.136889943863,0.134873654534,0.136677806921
exponential,log_binning,100000,100,72,0.136896671088,0.159106220403,0.0222095493153,0.148001445746,1937,0.01937,0.872147368907,0.147878642411,0.147817516961,0.00638202720051,0.136913398747,0.159084355409,0.156822212639,0.158842562342
exponential,log_binning,100000,100,73,0.159106220403,0.184918955076,0.0258127346731,0.17201258774,2143,0.02143,0.830210369858,0.172025264383,0.1718283215,0.00733408252524,0.159124199132,0.184896494694,0.182193981722,0.184585737784
exponential,log_binning,100000,100,74,0.184918955076,0.214919440986,0.0300004859101,0.199919198031,2443,0.02443,0.814320143788,0.199912566677,0.19990235025,0.00875440036936,0.184927988957,0.214890575507,0.21190277384,0.214685623554
exponential,log_binning,100000,100,75,0.214919440986,0.249787081562,0.0348676405751,0.232353261274,2794,0.02794,0.801316049472,0.232344652889,0.232499835268,0.0100546281633,0.214920875806,0.249773835591,0.246028979923,0.249387676259
exponential,log_binning,100000,100,76,0.249787081562,0.29031150383,0.0405244222682,0.270049292696,3154,0.03154,0.778296104785,0.27017581746,0.270419214861,0.0116083435042,0.249798760351,0.290295390278,0.286132454587,0.289714368053
exponential,log_binning,100000,100,77,0.29031150383,0.33741044064,0.0470989368104,0.313860972235,3423,0.03423,0.726767997712,0.313486106987,0.313051081314,0.0135949457927,0.290313729418,0.337404488017,0.332414352949,0.336891919402
exponential,log_binning,100000,100,78,0.33741044064,0.392150514021,0.0547400733806,0.36478047733,3822,0.03822,0.698208782701,0.363987088212,0.363353697565,0.0157010842356,0.337421792717,0.392103017838,0.386416228825,0.391362107841
exponential,log_binning,100000,100,79,0.392150514021,0.455771390343,0.063620876322,0.423960952182,4108,0.04108,0.645700002497,0.423738937361,0.423699466873,0.0183736976206,0.392162039163,0.45576983419,0.449158982183,0.455128870756
exponential,log_binning,100000,100,80,0.455771390343,0.529713854319,0.0739424639759,0.492742622331,4690,0.0469,0.634276942885,0.492304670603,0.492272138913,0.0213888219696,0.455778418105,0.529697841966,0.521833034826,0.528969826767
exponential,log_binning,100000,100,81,0.529713854319,0.615652437609,0.0859385832907,0.572683145964,4822,0.04822,0.561098381584,0.572260683033,0.572130395554,0.0247848029409,0.529741122635,0.615648351417,0.607052889868,0.614533144542
exponential,log_binning,100000,100,82,0.615652437609,0.715533340962,0.0998809033524,0.665592889285,5144,0.05144,0.515013363651,0.664479681414,0.663891604338,0.0288948052467,0.615682914743,0.715525852059,0.704823109547,0.714410348239
exponential,log_binning,100000,100,83,0.715533340962,0.831618508676,0.116085167715,0.773575924819,5487,0.05487,0.472670204817,0.772756027512,0.771937917208,0.0337599422421,0.715540419572,0.831614798255,0.819656471425,0.830516125644
exponential,log_binning,100000,100,84,0.831618508676,0.966536853536,0.13491834486,0.899077681106,5490,0.0549,0.406912789043,0.897593125357,0.896888309306,0.0386826314103,0.831624609405,0.966512565907,0.952513133316,0.964830289222
exponential,log_binning,100000,100,85,0.966536853536,1.12334379225,0.156806938716,1.04494032289,5416,0.05416,0.345392878934,1.04262973544,1.04161229424,0.0454641936088,0.966571626113,1.12327202241,1.10581226545,1.12140709328
exponential,log_binning,100000,100,86,1.12334379225,1.3055904397,0.182246647445,1.21446711597,5400,0.054,0.296301746875,1.20945354087,1.20771755757,0.0527874848646,1.12338892647,1.30553437037,1.28396778448,1.30320390574
exponential,log_binning,100000,100,87,1.3055904397,1.51740402892,0.211813589225,1.41149723431,5186,0.05186,0.244837926545,1.40726276506,1.4045580803,0.0607770213466,1.30564425749,1.51736682832,1.49334712149,1.51489144484
exponential,log_binning,100000,100,88,1.51740402892,1.76358137819,0.246177349265,1.64049270355,4825,0.04825,0.195996910943,1.6354280919,1.63209155409,0.0711984810001,1.5174104503,1.76343492243,1.73560670982,1.76080578943
exponential,log_binning,100000,100,89,1.76358137819,2.04969752169,0.286116143506,1.90663944994,4173,0.04173,0.145849861838,1.89974250533,1.89732737549,0.0820640600508,1.76360824943,2.04965026926,2.01649294056,2.04646145678
exponential,log_binning,100000,100,90,2.04969752169,2.38223196411,0.332534442421,2.2159647429,3646,0.03646,0.109642777856,2.20966948321,2.2057642965,0.0961396212063,2.04972680154,2.38223020636,2.34625198629,2.37845240556
exponential,log_binning,100000,100,91,2.38223196411,2.76871541815,0.386483454032,2.57547369113,2971,0.02971,0.0768726311309,2.56405809514,2.55782544522,0.112527283433,2.38238023359,2.76853788659,2.72544316693,2.76354600868
exponential,log_binning,100000,100,92,2.76871541815,3.21790034814,0.449184929997,2.99330788315,2290,0.0229,0.0509812294908,2.97437184668,2.96719186182,0.129796180425,2.7689357334,3.21764888767,3.16122088584,3.21229748015
exponential,log_binning,100000,100,93,3.21790034814,3.73995918205,0.522058833907,3.4789297651,1586,0.01586,0.0303797177059,3.46009035695,3.45334217738,0.150538223896,3.218600519,3.7399424295,3.67375042379,3.73468081916
exponential,log_binning,100000,100,94,3.73995918205,4.34671468042,0.60675549837,4.04333693124,1079,0.01079,0.0177831103781,4.01992971344,4.00574049527,0.170743284208,3.74018917751,4.34589866124,4.26871692871,4.33587894965
exponential,log_binning,100000,100,95,4.34671468042,5.05190767954,0.705192999124,4.69931117998,662,0.00662,0.00938750102203,4.67130190765,4.66598850094,0.202120939595,4.34740216198,5.0508428551,4.9734281028,5.03848459965
exponential,log_binning,100000,100,96,5.05190767954,5.87150827212,0.819600592576,5.46170797583,363,0.00363,0.00442898654891,5.41339506611,5.39878298892,0.2383898562,5.05240257394,5.87041737305,5.77156734899,5.85960370498
exponential,log_binning,100000,100,97,5.87150827212,6.82407747259,0.952569200469,6.34779287236,183,0.00183,0.00192112027042,6.25526916548,6.22274196181,0.26359394036,5.87385822064,6.82041013039,6.60174734466,6.81022983551
exponential,log_binning,100000,100,98,6.82407747259,7.93118755755,1.10711008496,7.37763251507,54,0.00054,0.000487756373404,7.29616497352,7.27292630643,0.333753350329,6.82523952029,7.92119741483,7.74749541278,7.91377026296
exponential,log_binning,100000,100,99,7.93118755755,9.21791060048,1.28672304293,8.57454907901,29,0.00029,0.000225378725899,8.55244107236,8.61264958022,0.382750766104,7.93653205327,9.13902120763,8.96785138164,9.12799190048
exponential,log_binning,100000,100,100,9.21791060048,10.7133862643,1.49547566379,9.96564843237,6,6e-05,4.01210139709e-05,9.84330550406,9.76036045271,0.579896595421,9.26926640673,10.7133862643,10.4841544973,10.6904630876
lognormal,cut,100000,25,1,-0.0761124816375,3.76237083693,3.83848331857,1.84312917765,90756,0.90756,0.236437135368,1.14117886475,0.892064055762,0.857798740717,0.0175090627179,3.76228387906,2.46512620448,3.58231872347
lognormal,cut,100000,25,2,3.76237083693,7.50723261115,3.74486177422,5.63480172404,7048,0.07048,0.0188204543317,5.08001293815,4.84076362119,1.01399691046,3.76237918482,7.50425629083,6.6721053539,7.41221066583
lognormal,cut,100000,25,3,7.50723261115,11.2520943854,3.74486177422,9.37966349826,1412,0.01412,0.0037704996476,9.00152944213,8.85466724936,1.05515281792,7.5074308566,11.2449424543,10.6378643703,11.2041549416
lognormal,cut,100000,25,4,11.2520943854,14.9969561596,3.74486177422,13.1245252725,440,0.0044,0.00117494323296,12.894362638,12.814731132,1.03782275364,11.252099819,14.9967595409,14.449746079,14.8842464332
lognormal,cut,100000,25,5,14.9969561596,18.7418179338,3.74486177422,16.8693870467,180,0.0018,0.000480658595303,16.74507533,16.7000728344,1.10552135165,15.017311992,18.7311552028,18.402340349,18.6836207477
lognormal,cut,100000,25,6,18.7418179338,22.486679708,3.74486177422,20.6142488209,68,0.00068,0.000181582136004,20.3894546849,20.4170063364,1.13657684478,18.7464840293,22.4256754843,22.0723213849,22.3985898648
lognormal,cut,100000,25,7,22.486679708,26.2315414822,3.74486177422,24.3591105951,42,0.00042,0.000112153672237,24.144978012,24.2285873409,1.10965792789,22.5048125639,26.0777098851,25.5693110167,26.0634811772
lognormal,cut,100000,25,8,26.2315414822,29.9764032564,3.74486177422,28.1039723693,14,0.00014,3.73845574125e-05,28.3235642423,28.4056089352,1.1705652184,26.382730918,29.9311308418,29.6752481064,29.9042341209
lognormal,cut,100000,25,9,29.9764032564,33.7212650307,3.74486177422,31.8488341435,8,8e-05,2.13626042357e-05,31.6175746782,31.6296987019,1.31217680349,30.0540060198,33.2543824665,33.1379123295,33.2427354528
lognormal,cut,100000,25,10,33.7212650307,37.4661268049,3.74486177422,35.5936959178,6,6e-05,1.60219531768e-05,35.1407156527,34.5450660447,1.42847001551,34.00218972,37.4530627207,36.8748072647,37.3952371751
lognormal,cut,100000,25,11,37.4661268049,41.2109885791,3.74486177422,39.338557692,7,7e-05,1.86922787062e-05,39.5579139705,39.858961958,1.1448793141,37.55665625,40.6109189889,40.5766572779,40.6074928178
lognormal,cut,100000,25,12,41.2109885791,44.9558503533,3.74486177422,43.0834194662,4,4e-05,1.06813021179e-05,42.5138697137,42.1949099991,0.928378368347,41.78915168,43.8765071766,43.3749635958,43.8263528185
lognormal,cut,100000,25,13,44.9558503533,48.7007121275,3.74486177422,46.8282812404,2,2e-05,5.34065105893e-06,47.2398324549,47.2398324549,1.99692249406,45.8277950179,48.651869892,48.3694624046,48.6236291432
lognormal,cut,100000,25,14,48.7007121275,52.4455739017,3.74486177422,50.5731430146,4,4e-05,1.06813021179e-05,49.6968012936,48.9465090238,1.66129413722,48.7160780401,52.1781090866,51.2483783245,52.0851360104
lognormal,cut,100000,25,15,52.4455739017,56.1904356759,3.74486177422,54.3180047888,2,2e-05,5.34065105893e-06,54.3314145916,54.3314145916,2.28870462263,52.7130560328,55.9497731504,55.6261014386,55.9174059792
lognormal,cut,100000,25,16,56.1904356759,59.9352974502,3.74486177422,58.0628665631,2,2e-05,5.34065105893e-06,59.0690909861,59.0690909861,0.785670420039,58.5135381043,59.6246438679,59.5135332916,59.6135328103
lognormal,cut,100000,25,17,59.9352974502,63.6801592244,3.74486177422,61.8077283373,,0,0,,,,,,,
lognormal,cut,100000,25,18,63.6801592244,67.4250209986,3.74486177422,65.5525901115,1,1e-05,2.67032552946e-06,65.9876737232,65.9876737232,,65.9876737232,65.9876737232,65.9876737232,65.9876737232
lognormal,cut,100000,25,19,67.4250209986,71.1698827728,3.74486177422,69.2974518857,1,1e-05,2.67032552946e-06,69.3970945252,69.3970945252,,69.3970945252,69.3970945252,69.3970945252,69.3970945252
lognormal,cut,100000,25,20,71.1698827728,74.914744547,3.74486177422,73.0423136599,,0,0,,,,,,,
lognormal,cut,100000,25,21,74.914744547,78.6596063212,3.74486177422,76.7871754341,1,1e-05,2.67032552946e-06,76.4155158879,76.4155158879,,76.4155158879,76.4155158879,76.4155158879,76.4155158879
lognormal,cut,100000,25,22,78.6596063212,82.4044680955,3.74486177422,80.5320372083,,0,0,,,,,,,
lognormal,cut,100000,25,23,82.4044680955,86.1493298697,3.74486177422,84.2768989826,,0,0,,,,,,,
lognormal,cut,100000,25,24,86.1493298697,89.8941916439,3.74486177422,88.0217607568,1,1e-05,2.67032552946e-06,88.1474512961,88.1474512961,,88.1474512961,88.1474512961,88.1474512961,88.1474512961
lognormal,cut,100000,25,25,89.8941916439,93.6390534181,3.74486177422,91.766622531,1,1e-05,2.67032552946e-06,93.6390534181,93.6390534181,,93.6390534181,93.6390534181,93.6390534181,93.6390534181
lognormal,qcut,100000,25,1,0.0175090627179,0.174369234396,0.156860171678,0.0959391485568,4000,0.04,0.255004183485,0.123832429597,0.129159314203,0.0355891878029,0.0175090627179,0.17432081637,0.166259681523,0.173639237675
lognormal,qcut,100000,25,2,0.174369234396,0.246174301544,0.0718050671486,0.21027176797,4000,0.04,0.557063750351,0.21167922915,0.212111447234,0.020548331082,0.174371251813,0.246169661707,0.239479011889,0.245622917606
lognormal,qcut,100000,25,3,0.246174301544,0.309685531949,0.0635112304051,0.277929916747,4000,0.04,0.629809873701,0.278454025678,0.278994562729,0.0184526671879,0.246174705008,0.309679507021,0.30374472366,0.3091864207
lognormal,qcut,100000,25,4,0.309685531949,0.370821428032,0.0611358960826,0.340253479991,4000,0.04,0.654280096688,0.340335680512,0.340305988436,0.0176704019119,0.309686353531,0.370811004252,0.364818853112,0.37031055338
lognormal,qcut,100000,25,5,0.370821428032,0.433136803695,0.0623153756633,0.401979115864,4000,0.04,0.641896154428,0.401611252298,0.401498995118,0.0181401763098,0.370823413514,0.433131643511,0.426969292667,0.432494774049
lognormal,qcut,100000,25,6,0.433136803695,0.495234482957,0.0620976792617,0.464185643326,4000,0.04,0.644146455642,0.463645129505,0.46339738624,0.0179431571901,0.433138093741,0.495215909938,0.488684755538,0.494686984024
lognormal,qcut,100000,25,7,0.495234482957,0.558894460033,0.063659977076,0.527064471495,4000,0.04,0.628338272134,0.526911543357,0.526755661878,0.0183172756828,0.495240348121,0.558884219923,0.552796803246,0.558244639133
lognormal,qcut,100000,25,8,0.558894460033,0.627411613191,0.0685171531582,0.593153036612,4000,0.04,0.583795417005,0.593013524014,0.593043464446,0.0198527508642,0.558898442298,0.627388698128,0.620519464092,0.626700547869
lognormal,qcut,100000,25,9,0.627411613191,0.69941078449,0.0719991712994,0.663411198841,4000,0.04,0.555561949924,0.663191242717,0.663101395765,0.0206837957503,0.62742239675,0.69940930509,0.691809510537,0.698637860945
lognormal,qcut,100000,25,10,0.69941078449,0.77624773915,0.0768369546595,0.73782926182,4000,0.04,0.520582839042,0.737430935358,0.73724860675,0.0221915129614,0.699411616653,0.776237395327,0.768217102689,0.775215798934
lognormal,qcut,100000,25,11,0.77624773915,0.860908477326,0.0846607381755,0.818578108238,4000,0.04,0.472474028245,0.817583850008,0.817411397655,0.024514028759,0.776254635032,0.86090825052,0.85152956416,0.859881460241
lognormal,qcut,100000,25,12,0.860908477326,0.951626674591,0.0907181972656,0.906267575958,4000,0.04,0.440925869403,0.905532152301,0.905648128346,0.0258482535092,0.86090865553,0.951604803493,0.941747774649,0.950356936478
lognormal,qcut,100000,25,13,0.951626674591,1.05263894584,0.101012271246,1.00213281021,4000,0.04,0.395991491991,1.00216956407,1.00233252481,0.0288974352282,0.951646863297,1.0526332607,1.04258684998,1.05163857274
lognormal,qcut,100000,25,14,1.05263894584,1.16528351922,0.112644573387,1.10896123253,4000,0.04,0.355099218695,1.10796803736,1.1065743861,0.0330200478404,1.05264510473,1.16527295163,1.15400278042,1.16419867661
lognormal,qcut,100000,25,15,1.16528351922,1.2915500179,0.12626649868,1.22841676856,4000,0.04,0.316790284187,1.22697972009,1.2259612945,0.0361238989151,1.16529696889,1.29154031137,1.27729971659,1.28983182027
lognormal,qcut,100000,25,16,1.2915500179,1.4319491783,0.140399160399,1.3617495981,4000,0.04,0.284901988632,1.36048184721,1.3596597987,0.0404631222344,1.2915645777,1.4319402522,1.41720102075,1.43004706829
lognormal,qcut,100000,25,17,1.4319491783,1.59692624874,0.164977070441,1.51443771352,4000,0.04,0.242457936082,1.51333589787,1.51185466429,0.046787684006,1.43196504693,1.59691133118,1.57828357233,1.59475577846
lognormal,qcut,100000,25,18,1.59692624874,1.79037979781,0.193453549062,1.69365302328,4000,0.04,0.206767982257,1.69031839283,1.68739490027,0.0556557433288,1.59695794857,1.79036851536,1.76966253323,1.7880484237
lognormal,qcut,100000,25,19,1.79037979781,2.01968182701,0.229302029205,1.90503081241,4000,0.04,0.174442416139,1.90090367179,1.89778008286,0.0653809991804,1.79040880981,2.01968025273,1.99320142993,2.01677002861
lognormal,qcut,100000,25,20,2.01968182701,2.31554237731,0.295860550295,2.16761210216,4000,0.04,0.135198829179,2.16116966223,2.15945153412,0.0842927383718,2.01968681224,2.31553613068,2.28134906988,2.31274566938
lognormal,qcut,100000,25,21,2.31554237731,2.70608737048,0.390544993173,2.51081487389,4000,0.04,0.102420977606,2.50129956435,2.49634215846,0.11400174468,2.31556736382,2.70607438785,2.66212154193,2.70230370468
lognormal,qcut,100000,25,22,2.70608737048,3.23910510328,0.5330177328,2.97259623688,4000,0.04,0.0750444076033,2.9575025504,2.95030782417,0.153997918798,2.7061555293,3.23904160603,3.17763381525,3.23310181036
lognormal,qcut,100000,25,23,3.23910510328,4.06709645343,0.827991350152,3.65310077835,4000,0.04,0.0483096834196,3.6228067835,3.61034651667,0.236308221344,3.2395707498,4.06709576458,3.96448227411,4.0533957553
lognormal,qcut,100000,25,24,4.06709645343,5.76996871803,1.7028722646,4.91853258573,4000,0.04,0.023489724292,4.78803943895,4.72805121135,0.482542834391,4.06710437516,5.76991733958,5.52360403696,5.74172303046
lognormal,qcut,100000,25,25,5.76996871803,93.6390534181,87.8690847001,49.7045110681,4000,0.04,0.000455222677424,9.45181769036,7.80193375073,5.40853441307,5.77120180094,93.6390534181,14.3112515181,29.9323595936
lognormal,log_binning,100000,25,1,0.0175090627179,0.0246825862365,0.0071735235186,0.0210958244772,8,8e-05,0.0111521206828,0.0210747639131,0.0216798708026,0.00244666070656,0.0175090627179,0.0241544024881,0.0235839613721,0.0240973583765
lognormal,log_binning,100000,25,2,0.0246825862365,0.0347951271371,0.0101125409007,0.0297388566868,25,0.00025,0.0247217788739,0.030681740659,0.0312876237143,0.00278015500919,0.0255933142008,0.0346052820696,0.0336759871604,0.0344267561106
lognormal,log_binning,100000,25,3,0.0347951271371,0.0490508110006,0.0142556838634,0.0419229690689,90,0.0009,0.0631327131425,0.0433403973375,0.0441926792529,0.00384108033226,0.0350512435584,0.0490503979948,0.0481659495025,0.0490476789954
lognormal,log_binning,100000,25,4,0.0490508110006,0.0691470978201,0.0200962868195,0.0590989544103,243,0.00243,0.120917860191,0.0593894644572,0.0598399828231,0.00590981789341,0.049051298627,0.0690174410298,0.0670677624077,0.0689098440776
lognormal,log_binning,100000,25,5,0.0691470978201,0.0974769028158,0.0283298049957,0.0833120003179,601,0.00601,0.212144065267,0.0853740381735,0.0865570821205,0.0079723027431,0.0692338436369,0.0974628189303,0.0955135282349,0.0971656171545
lognormal,log_binning,100000,25,6,0.0974769028158,0.137413526845,0.0399366240293,0.11744521483,1335,0.01335,0.334279632405,0.118804860467,0.119558077346,0.0113626387351,0.0974973141963,0.137411938703,0.134172855173,0.13691472528
lognormal,log_binning,100000,25,7,0.137413526845,0.193712323787,0.0562987969419,0.165562925316,2647,0.02647,0.470169904826,0.166468956288,0.1671733143,0.0158711114965,0.137423656634,0.193699449719,0.188060594042,0.193167679076
lognormal,log_binning,100000,25,8,0.193712323787,0.273076932442,0.0793646086555,0.233394628115,4696,0.04696,0.591699509335,0.23406021518,0.234043947614,0.0228027370351,0.193721678754,0.273071239752,0.265477895932,0.272386077107
lognormal,log_binning,100000,25,9,0.273076932442,0.384957495602,0.111880563159,0.329017214022,7311,0.07311,0.653464712151,0.329574411942,0.329638183797,0.0322527432395,0.273078467416,0.384884295287,0.374305062533,0.383876818029
lognormal,log_binning,100000,25,10,0.384957495602,0.542675912221,0.15771841662,0.463816703911,10038,0.10038,0.636450721174,0.463557281124,0.463092058066,0.0453322974461,0.384961697947,0.542675562626,0.526528751957,0.541004378926
lognormal,log_binning,100000,25,11,0.542675912221,0.765012109311,0.22233619709,0.653844010766,12423,0.12423,0.55874842525,0.650375040612,0.648703111609,0.0640538202767,0.54270282066,0.765001735051,0.740669709901,0.762539818783
lognormal,log_binning,100000,25,12,0.765012109311,1.07844021489,0.313428105581,0.921726162101,13545,0.13545,0.432156521985,0.913628360815,0.908978667031,0.0905645043122,0.765057997822,1.07840745187,1.04277580419,1.07469693086
lognormal,log_binning,100000,25,13,1.07844021489,1.52028089875,0.441840683855,1.29936055682,13224,0.13224,0.299293398802,1.28438036796,1.27651188055,0.126862469913,1.07845271131,1.52027306052,1.46740615003,1.51413777439
lognormal,log_binning,100000,25,14,1.52028089875,2.14314523808,0.622864339329,1.83171306841,11588,0.11588,0.186043722016,1.80198300599,1.78910215053,0.178108494117,1.52030364962,2.1431297086,2.06212370012,2.13521931675
lognormal,log_binning,100000,25,15,2.14314523808,3.02119925026,0.878054012189,2.58217224417,8741,0.08741,0.0995496846282,2.53337977345,2.50958391276,0.252339682589,2.14316444836,3.02116978683,2.90172350699,3.0085065495
lognormal,log_binning,100000,25,16,3.02119925026,4.25899502639,1.23779577613,3.64009713833,6134,0.06134,0.049555832378,3.56011038498,3.52950416316,0.352104280433,3.0212472117,4.25848909047,4.07690581535,4.24333783209
lognormal,log_binning,100000,25,17,4.25899502639,6.00392001065,1.74492498426,5.13145751852,3671,0.03671,0.0210381536921,4.99453688381,4.92636800014,0.497557108469,4.25926208188,6.00356718272,5.73504291555,5.97303466614
lognormal,log_binning,100000,25,18,6.00392001065,8.4637467926,2.45982678195,7.23383340163,2023,0.02023,0.00822415633022,7.01045513682,6.93558325262,0.687406484031,6.00516030564,8.45933903052,8.0289291374,8.41697225771
lognormal,log_binning,100000,25,19,8.4637467926,11.9313731099,3.46762631732,10.1975599513,975,0.00975,0.00281172165273,9.85924126574,9.68787280275,0.954076416444,8.46578751563,11.9224877552,11.2658041524,11.877088162
lognormal,log_binning,100000,25,20,11.9313731099,16.8196979159,4.88832480598,14.3755355129,434,0.00434,0.000887829711048,13.8583761675,13.5937682372,1.3258901066,11.9342859091,16.7799152125,15.8568846354,16.7152701792
lognormal,log_binning,100000,25,21,16.8196979159,23.7107862922,6.89108837632,20.2652421041,169,0.00169,0.000245244278945,19.3412973408,18.7464840293,1.92855733109,16.8337248167,23.5997978002,22.4415029002,23.4905088001
lognormal,log_binning,100000,25,22,23.7107862922,33.4251773966,9.71439110433,28.5679818444,47,0.00047,4.83818280479e-05,27.0877911918,26.0430057195,2.7144431486,23.8140273044,33.2543824665,30.6552878523,33.1778449479
lognormal,log_binning,100000,25,23,33.4251773966,47.1195881158,13.6944107192,40.2723827562,18,0.00018,1.31440485969e-05,39.0907203101,39.5643828838,3.498368335,34.00218972,45.8277950179,42.7062388215,45.4960760849
lognormal,log_binning,100000,25,24,47.1195881158,66.4246462438,19.305058128,56.7721171798,10,0.0001,5.17998958288e-06,54.0227759945,52.4455825597,5.88895279804,48.651869892,65.9876737232,60.2609468534,65.4150010362
lognormal,log_binning,100000,25,25,66.4246462438,93.6390534181,27.2144071743,80.0318498309,4,4e-05,1.46980971306e-06,81.8997787818,82.281483592,11.0036090132,69.3970945252,93.6390534181,91.9915727815,93.4743053544
lognormal,cut,100000,50,1,-0.0761124816375,1.88993994983,1.96605243146,0.906913734094,73826,0.73826,0.37550371912,0.802122682511,0.716709923671,0.47439820663,0.0175090627179,1.88990205313,1.52975205255,1.8496964514
lognormal,cut,100000,50,2,1.88993994983,3.76237083693,1.87243088711,2.82615539338,16930,0.1693,0.0904172224276,2.61968812108,2.52589753418,0.525157940952,1.8900335316,3.76228387906,3.42892022235,3.73054657876
lognormal,cut,100000,50,3,3.76237083693,5.63480172404,1.87243088711,4.69858628049,5046,0.05046,0.0269489252433,4.53559347002,4.45955211144,0.529061777399,3.76237918482,5.63418683079,5.32959517024,5.60886830066
lognormal,cut,100000,50,4,5.63480172404,7.50723261115,1.87243088711,6.57101716759,2002,0.02002,0.01069198342,6.45221105815,6.37886934059,0.53292747088,5.63507994153,7.50425629083,7.23461928419,7.47051790488
lognormal,cut,100000,50,5,7.50723261115,9.37966349826,1.87243088711,8.4434480547,921,0.00921,0.00491873962527,8.3468286946,8.3004321181,0.554723526093,7.5074308566,9.37951803346,9.15297057758,9.35606670202
lognormal,cut,100000,50,6,9.37966349826,11.2520943854,1.87243088711,10.3158789418,491,0.00491,0.00262225966993,10.2295933698,10.1637406105,0.557992486492,9.3817009681,11.2449424543,11.0417315024,11.2284265298
lognormal,cut,100000,50,7,11.2520943854,13.1245252725,1.87243088711,12.1883098289,265,0.00265,0.00141527253062,12.1820233361,12.1893762337,0.562199448752,11.252099819,13.1219141791,12.9572681636,13.1129353662
lognormal,cut,100000,50,8,13.1245252725,14.9969561596,1.87243088711,14.060740716,175,0.00175,0.000934613935312,13.9730478667,13.9467738887,0.542995286384,13.1350044633,14.9967595409,14.7806675541,14.9605074267
lognormal,cut,100000,50,9,14.9969561596,16.8693870467,1.87243088711,15.9331716031,98,0.00098,0.000523383803775,15.8780629895,15.8246425377,0.56382768749,15.017311992,16.8658334901,16.6746980059,16.8346880769
lognormal,cut,100000,50,10,16.8693870467,18.7418179338,1.87243088711,17.8056024902,82,0.00082,0.000437933386832,17.78126081,17.7440067479,0.568991921599,16.8709766152,18.7311552028,18.5810431316,18.7052193725
lognormal,cut,100000,50,11,18.7418179338,20.6142488209,1.87243088711,19.6780333773,38,0.00038,0.000202944740239,19.528784069,19.4392317286,0.58068361717,18.7464840293,20.5164282492,20.4103810002,20.5090069049
lognormal,cut,100000,50,12,20.6142488209,22.486679708,1.87243088711,21.5504642645,30,0.0003,0.000160219531768,21.479637465,21.3344087245,0.595132625342,20.6187247078,22.4256754843,22.3521694626,22.413951858
lognormal,cut,100000,50,13,22.486679708,24.3591105951,1.87243088711,23.4228951516,23,0.00023,0.000122834974355,23.2728985034,23.1994012514,0.610328216012,22.5048125639,24.2404710057,24.2125442519,24.2402234894
lognormal,cut,100000,50,14,24.3591105951,26.2315414822,1.87243088711,25.2953260387,19,0.00019,0.00010147237012,25.2006532065,25.1256551756,0.448663701422,24.4805301095,26.0777098851,25.8055627069,26.0714631353
lognormal,cut,100000,50,15,26.2315414822,28.1039723693,1.87243088711,27.1677569258,6,6e-05,3.20439063536e-05,27.1548257369,27.2403705814,0.501403904974,26.382730918,27.7350953751,27.6206185667,27.7236476943
lognormal,cut,100000,50,16,28.1039723693,29.9764032564,1.87243088711,29.0401878129,8,8e-05,4.27252084714e-05,29.2001181213,29.2317946901,0.562316247009,28.3790634945,29.9311308418,29.7863023444,29.9166479921
lognormal,cut,100000,50,17,29.9764032564,31.8488341435,1.87243088711,30.9126187,4,4e-05,2.13626042357e-05,30.4437453859,30.3881288787,0.37419667841,30.0540060198,30.9447177665,30.8000028094,30.9302462708
lognormal,cut,100000,50,18,31.8488341435,33.7212650307,1.87243088711,32.7850495871,4,4e-05,2.13626042357e-05,32.7914039706,32.7982768892,0.450771421301,32.3146796373,33.2543824665,33.2044666935,33.2493908892
lognormal,cut,100000,50,19,33.7212650307,35.5936959178,1.87243088711,34.6574804742,4,4e-05,2.13626042357e-05,34.2736698467,34.1086249304,0.413381593069,34.00218972,34.8752398059,34.6771355492,34.8554293802
lognormal,cut,100000,50,20,35.5936959178,37.4661268049,1.87243088711,36.5299113613,2,2e-05,1.06813021179e-05,36.8748072647,36.8748072647,0.817776708259,36.2965518088,37.4530627207,37.3374116295,37.4414976115
lognormal,cut,100000,50,21,37.4661268049,39.338557692,1.87243088711,38.4023422484,3,3e-05,1.60219531768e-05,38.4881067738,38.637860262,0.866336089828,37.55665625,39.2698038095,39.1434151,39.2571649385
lognormal,cut,100000,50,22,39.338557692,41.2109885791,1.87243088711,40.2747731355,4,4e-05,2.13626042357e-05,40.360269368,40.4855982625,0.343926529082,39.858961958,40.6109189889,40.5937881334,40.6092059033
lognormal,cut,100000,50,23,41.2109885791,43.0834194662,1.87243088711,42.1472040226,3,3e-05,1.60219531768e-05,42.0596572261,42.1851247575,0.234468950581,41.78915168,42.2046952407,42.2007811441,42.2043038311
lognormal,cut,100000,50,24,43.0834194662,44.9558503533,1.87243088711,44.0196349097,1,1e-05,5.34065105893e-06,43.8765071766,43.8765071766,,43.8765071766,43.8765071766,43.8765071766,43.8765071766
lognormal,cut,100000,50,25,44.9558503533,46.8282812404,1.87243088711,45.8920657969,1,1e-05,5.34065105893e-06,45.8277950179,45.8277950179,,45.8277950179,45.8277950179,45.8277950179,45.8277950179
lognormal,cut,100000,50,26,46.8282812404,48.7007121275,1.87243088711,47.764496684,1,1e-05,5.34065105893e-06,48.651869892,48.651869892,,48.651869892,48.651869892,48.651869892,48.651869892
lognormal,cut,100000,50,27,48.7007121275,50.5731430146,1.87243088711,49.6369275711,3,3e-05,1.60219531768e-05,48.8696986959,48.8140115013,0.187763342721,48.7160780401,49.0790065462,49.0260075372,49.0737066453
lognormal,cut,100000,50,28,50.5731430146,52.4455739017,1.87243088711,51.5093584582,1,1e-05,5.34065105893e-06,52.1781090866,52.1781090866,,52.1781090866,52.1781090866,52.1781090866,52.1781090866
lognormal,cut,100000,50,29,52.4455739017,54.3180047888,1.87243088711,53.3817893453,1,1e-05,5.34065105893e-06,52.7130560328,52.7130560328,,52.7130560328,52.7130560328,52.7130560328,52.7130560328
lognormal,cut,100000,50,30,54.3180047888,56.1904356759,1.87243088711,55.2542202324,1,1e-05,5.34065105893e-06,55.9497731504,55.9497731504,,55.9497731504,55.9497731504,55.9497731504,55.9497731504
lognormal,cut,100000,50,31,56.1904356759,58.0628665631,1.87243088711,57.1266511195,,0,0,,,,,,,
lognormal,cut,100000,50,32,58.0628665631,59.9352974502,1.87243088711,58.9990820066,2,2e-05,1.06813021179e-05,59.0690909861,59.0690909861,0.785670420039,58.5135381043,59.6246438679,59.5135332916,59.6135328103
lognormal,cut,100000,50,33,59.9352974502,61.8077283373,1.87243088711,60.8715128937,,0,0,,,,,,,
lognormal,cut,100000,50,34,61.8077283373,63.6801592244,1.87243088711,62.7439437808,,0,0,,,,,,,
lognormal,cut,100000,50,35,63.6801592244,65.5525901115,1.87243088711,64.6163746679,,0,0,,,,,,,
lognormal,cut,100000,50,36,65.5525901115,67.4250209986,1.87243088711,66.488805555,1,1e-05,5.34065105893e-06,65.9876737232,65.9876737232,,65.9876737232,65.9876737232,65.9876737232,65.9876737232
lognormal,cut,100000,50,37,67.4250209986,69.2974518857,1.87243088711,68.3612364421,,0,0,,,,,,,
lognormal,cut,100000,50,38,69.2974518857,71.1698827728,1.87243088711,70.2336673293,1,1e-05,5.34065105893e-06,69.3970945252,69.3970945252,,69.3970945252,69.3970945252,69.3970945252,69.3970945252
lognormal,cut,100000,50,39,71.1698827728,73.0423136599,1.87243088711,72.1060982164,,0,0,,,,,,,
lognormal,cut,100000,50,40,73.0423136599,74.914744547,1.87243088711,73.9785291035,,0,0,,,,,,,
lognormal,cut,100000,50,41,74.914744547,76.7871754341,1.87243088711,75.8509599906,1,1e-05,5.34065105893e-06,76.4155158879,76.4155158879,,76.4155158879,76.4155158879,76.4155158879,76.4155158879
lognormal,cut,100000,50,42,76.7871754341,78.6596063212,1.87243088711,77.7233908777,,0,0,,,,,,,
lognormal,cut,100000,50,43,78.6596063212,80.5320372083,1.87243088711,79.5958217648,,0,0,,,,,,,
lognormal,cut,100000,50,44,80.5320372083,82.4044680955,1.87243088711,81.4682526519,,0,0,,,,,,,
lognormal,cut,100000,50,45,82.4044680955,84.2768989826,1.87243088711,83.340683539,,0,0,,,,,,,
lognormal,cut,100000,50,46,84.2768989826,86.1493298697,1.87243088711,85.2131144261,,0,0,,,,,,,
lognormal,cut,100000,50,47,86.1493298697,88.0217607568,1.87243088711,87.0855453132,,0,0,,,,,,,
lognormal,cut,100000,50,48,88.0217607568,89.8941916439,1.87243088711,88.9579762003,1,1e-05,5.34065105893e-06,88.1474512961,88.1474512961,,88.1474512961,88.1474512961,88.1474512961,88.1474512961
lognormal,cut,100000,50,49,89.8941916439,91.766622531,1.87243088711,90.8304070874,,0,0,,,,,,,
lognormal,cut,100000,50,50,91.766622531,93.6390534181,1.87243088711,92.7028379745,1,1e-05,5.34065105893e-06,93.6390534181,93.6390534181,,93.6390534181,93.6390534181,93.6390534181,93.6390534181
lognormal,qcut,100000,50,1,0.0175090627179,0.129166670956,0.111657608238,0.073337866837,2000,0.02,0.179119007791,0.0944331469261,0.0986301633987,0.0252877400756,0.0175090627179,0.12915165092,0.123834366386,0.128842172785
lognormal,qcut,100000,50,2,0.129166670956,0.174369234396,0.0452025634396,0.151767952676,2000,0.02,0.442452783164,0.153231712268,0.153751167761,0.0128391587497,0.129166977487,0.17432081637,0.170745801809,0.17396417252
lognormal,qcut,100000,50,3,0.174369234396,0.212112706739,0.0377434723433,0.193240970567,2000,0.02,0.529892952564,0.193967600097,0.194667104843,0.0110343958987,0.174371251813,0.212110015979,0.208822227811,0.211825889412
lognormal,qcut,100000,50,4,0.212112706739,0.246174301544,0.0340615948053,0.229143504142,2000,0.02,0.587171567107,0.229390858204,0.229579766166,0.00975723752049,0.21211287849,0.246169661707,0.243039787348,0.245945644204
lognormal,qcut,100000,50,5,0.246174301544,0.278998737731,0.032824436187,0.262586519638,2000,0.02,0.609302163975,0.262469334916,0.262264182175,0.00955232059335,0.246174705008,0.278989343975,0.27570923484,0.278676685131
lognormal,qcut,100000,50,6,0.278998737731,0.309685531949,0.030686794218,0.29434213484,2000,0.02,0.651746150409,0.294438716439,0.29442452732,0.00886842962233,0.278999781482,0.309679507021,0.306627609027,0.309462851435
lognormal,qcut,100000,50,7,0.309685531949,0.340307677466,0.0306221455169,0.324996604708,2000,0.02,0.653122100441,0.325011243301,0.325085784572,0.00882236202547,0.309686353531,0.340303642562,0.337216813416,0.340031484042
lognormal,qcut,100000,50,8,0.340307677466,0.370821428032,0.0305137505657,0.355564552749,2000,0.02,0.655442206521,0.355660117724,0.355517612819,0.00876907223405,0.340308334311,0.370811004252,0.367659677193,0.370570750273
lognormal,qcut,100000,50,9,0.370821428032,0.401505529991,0.0306841019589,0.386163479011,2000,0.02,0.651803335382,0.38589836073,0.38573838456,0.00885137786147,0.370823413514,0.40148878438,0.398483554851,0.401044266111
lognormal,qcut,100000,50,10,0.401505529991,0.433136803695,0.0316312737044,0.417321166843,2000,0.02,0.63228563563,0.417324143865,0.417536822747,0.00926891455699,0.401509205857,0.433131643511,0.430024499186,0.432826251048
lognormal,qcut,100000,50,11,0.433136803695,0.463397976063,0.0302611723677,0.448267389879,2000,0.02,0.660912926869,0.448089897354,0.447850626251,0.00875056416386,0.433138093741,0.463396332983,0.46041000442,0.463169629228
lognormal,qcut,100000,50,12,0.463397976063,0.495234482957,0.031836506894,0.47931622951,2000,0.02,0.628209623203,0.479200361657,0.479168074872,0.00912852040671,0.463398439496,0.495215909938,0.491896408541,0.494899149042
lognormal,qcut,100000,50,13,0.495234482957,0.526759013634,0.0315245306769,0.510996748295,2000,0.02,0.63442657418,0.511118780031,0.511251733881,0.00909039705447,0.495240348121,0.526748679054,0.523512720527,0.526389815476
lognormal,qcut,100000,50,14,0.526759013634,0.558894460033,0.0321354463991,0.542826736833,2000,0.02,0.622365712666,0.542704306684,0.542815744237,0.00946073043636,0.526762644702,0.558884219923,0.555681191408,0.558578351951
lognormal,qcut,100000,50,15,0.558894460033,0.593045719352,0.0341512593187,0.575970089692,2000,0.02,0.585629941589,0.57574244285,0.575720248415,0.00967317558606,0.558898442298,0.593037827183,0.58922890397,0.592687510055
lognormal,qcut,100000,50,16,0.593045719352,0.627411613191,0.0343658938395,0.610228666271,2000,0.02,0.581972350069,0.610284605179,0.610227721284,0.00990006786107,0.593049101709,0.627388698128,0.624144248314,0.627098081676
lognormal,qcut,100000,50,17,0.627411613191,0.663107218138,0.0356956049466,0.645259415664,2000,0.02,0.56029306773,0.645298325213,0.64510762352,0.010295143524,0.62742239675,0.663083200849,0.659687972342,0.662828209745
lognormal,qcut,100000,50,18,0.663107218138,0.69941078449,0.0363035663528,0.681259001314,2000,0.02,0.550910062269,0.681084160221,0.681101247565,0.0104512936782,0.663119590681,0.69940930509,0.695605353109,0.698983520438
lognormal,qcut,100000,50,19,0.69941078449,0.737250429796,0.0378396453056,0.718330607143,2000,0.02,0.52854618056,0.71818306434,0.718380438938,0.0108703129217,0.699411616653,0.737241010726,0.733157547684,0.736918632263
lognormal,qcut,100000,50,20,0.737250429796,0.77624773915,0.038997309354,0.756749084473,2000,0.02,0.512855895223,0.756678806377,0.756668379384,0.0112105933585,0.737256202774,0.776237395327,0.772058997597,0.775734480643
lognormal,qcut,100000,50,21,0.77624773915,0.817412276404,0.0411645372539,0.796830007777,2000,0.02,0.485855091159,0.79636795593,0.795891111643,0.0121648357047,0.776254635032,0.817405905472,0.813174327165,0.816959506357
lognormal,qcut,100000,50,22,0.817412276404,0.860908477326,0.0434962009217,0.839160376865,2000,0.02,0.459810272534,0.838799744086,0.838757933032,0.0123900742926,0.817416889838,0.86090825052,0.855977035571,0.860417272837
lognormal,qcut,100000,50,23,0.860908477326,0.90564856477,0.0447400874443,0.883278521048,2000,0.02,0.44702639495,0.883292052314,0.883466541548,0.0129334528831,0.86090865553,0.905642673046,0.900917024151,0.904909830095
lognormal,qcut,100000,50,24,0.90564856477,0.951626674591,0.0459781098212,0.92863761968,2000,0.02,0.434989608702,0.927772252288,0.927491386745,0.0134009508751,0.905653583646,0.951604803493,0.94642768478,0.950913600083
lognormal,qcut,100000,50,25,0.951626674591,1.00233252481,0.0507058502197,0.976979599701,2000,0.02,0.394431804483,0.977284758251,0.977222017071,0.014704833802,0.951646863297,1.00231989418,0.997502377682,1.00193963467
lognormal,qcut,100000,50,26,1.00233252481,1.05263894584,0.050306421026,1.02748573532,2000,0.02,0.3975635633,1.02705436989,1.02692215537,0.0146690982418,1.00234515544,1.0526332607,1.04743810321,1.05209291339
lognormal,qcut,100000,50,27,1.05263894584,1.10657431348,0.0539353676409,1.07960662966,2000,0.02,0.370814196228,1.07925065039,1.07930926562,0.0155745835535,1.05264510473,1.10657347836,1.10119312123,1.10597243011
lognormal,qcut,100000,50,28,1.10657431348,1.16528351922,0.0587092057462,1.13592891635,2000,0.02,0.340662077536,1.13668542433,1.13760034043,0.016983025961,1.10657529384,1.16527295163,1.15958143985,1.16477943958
lognormal,qcut,100000,50,29,1.16528351922,1.22596124819,0.0606777289614,1.1956223837,2000,0.02,0.329610226723,1.19572313092,1.19619966648,0.0173525769654,1.16529696889,1.22596100501,1.21975558643,1.225358802
lognormal,qcut,100000,50,30,1.22596124819,1.2915500179,0.0655887697182,1.25875563304,2000,0.02,0.304930250803,1.25823630927,1.25842977239,0.0188278202552,1.22596158399,1.29154031137,1.28437672108,1.29044951273
lognormal,qcut,100000,50,31,1.2915500179,1.3596576042,0.0681075862982,1.32560381105,2000,0.02,0.293653043472,1.32538912691,1.32609758789,0.0193057285647,1.2915645777,1.35965065497,1.35183857939,1.35897136348
lognormal,qcut,100000,50,32,1.3596576042,1.4319491783,0.0722915741012,1.39580339125,2000,0.02,0.276657414763,1.39557456752,1.39553430907,0.0209381531218,1.35966894243,1.4319402522,1.42452737765,1.43084337144
lognormal,qcut,100000,50,33,1.4319491783,1.51184836836,0.0798991900542,1.47189877333,2000,0.02,0.25031542856,1.47287986348,1.47349198941,0.0227055324317,1.43196504693,1.51183498951,1.50375273005,1.51133478195
lognormal,qcut,100000,50,34,1.51184836836,1.59692624874,0.0850778803869,1.55438730855,2000,0.02,0.235078729148,1.55379193225,1.55419578785,0.0242633404906,1.51187433907,1.59691133118,1.58730416935,1.59566493788
lognormal,qcut,100000,50,35,1.59692624874,1.68738953424,0.0904632855007,1.64215789149,2000,0.02,0.221084165684,1.64214757911,1.64303760161,0.0259386235349,1.59695794857,1.6873814852,1.67756338137,1.68623888375
lognormal,qcut,100000,50,36,1.68738953424,1.79037979781,0.102990263561,1.73888466603,2000,0.02,0.194193114072,1.73848920656,1.73824359483,0.0296763326265,1.68740831534,1.79036851536,1.7798120319,1.78904037889
lognormal,qcut,100000,50,37,1.79037979781,1.89777537024,0.107395572435,1.84407758402,2000,0.02,0.186227416518,1.84454727807,1.84446824817,0.0314965570295,1.79040880981,1.89777026491,1.88868801123,1.89659903414
lognormal,qcut,100000,50,38,1.89777537024,2.01968182701,0.12190645677,1.95872859863,2000,0.02,0.16406021904,1.95726006551,1.95773181111,0.0347014632497,1.89778990081,2.01968025273,2.00549488919,2.01850422643
lognormal,qcut,100000,50,39,2.01968182701,2.15944501098,0.139763183968,2.08956341899,2000,0.02,0.143099201321,2.08858906227,2.08739017593,0.0403808269088,2.01968681224,2.15943988566,2.1456260155,2.15788058169
lognormal,qcut,100000,50,40,2.15944501098,2.31554237731,0.156097366326,2.23749369414,2000,0.02,0.128125159769,2.23375026219,2.23073125257,0.0451920031972,2.15946318258,2.31553613068,2.2969014676,2.31390996222
lognormal,qcut,100000,50,41,2.31554237731,2.49632769314,0.18078531583,2.40593503522,2000,0.02,0.110628454021,2.40242360707,2.39964635325,0.0527719345224,2.31556736382,2.49631955639,2.47769428992,2.49463107814
lognormal,qcut,100000,50,42,2.49632769314,2.70608737048,0.209759677343,2.60120753181,2000,0.02,0.0953472099754,2.60017552162,2.60034736265,0.0604295354737,2.49636476053,2.70607438785,2.68451089637,2.70446267588
lognormal,qcut,100000,50,43,2.70608737048,2.9502886811,0.244201310624,2.82818802579,2000,0.02,0.0818996423437,2.8242225256,2.82333773527,0.0700756232217,2.7061555293,2.95028123658,2.92389276868,2.94747172355
lognormal,qcut,100000,50,44,2.9502886811,3.23910510328,0.288816422175,3.09469689219,2000,0.02,0.0692481398716,3.09078257519,3.08701451977,0.0835887920707,2.95033441177,3.23904160603,3.20890183385,3.23590666389
lognormal,qcut,100000,50,45,3.23910510328,3.61025391007,0.371148806794,3.42467950668,2000,0.02,0.0538867420126,3.41923154069,3.41832851978,0.109088049254,3.2395707498,3.61023075842,3.57515690705,3.60731616539
lognormal,qcut,100000,50,46,3.61025391007,4.06709645343,0.456842543357,3.83867518175,2000,0.02,0.0437787598611,3.8263820263,3.82058860972,0.129937141094,3.61046227491,4.06709576458,4.01278284302,4.06103382365
lognormal,qcut,100000,50,47,4.06709645343,4.72769391569,0.660597462256,4.39739518456,2000,0.02,0.0302756234208,4.37603041029,4.35865825174,0.18839647588,4.06710437516,4.72764519355,4.64542185711,4.72279526728
lognormal,qcut,100000,50,48,4.72769391569,5.76996871803,1.04227480235,5.24883131686,2000,0.02,0.0191887973834,5.2000484676,5.17361403395,0.301074256964,4.72845722915,5.76991733958,5.63389540491,5.75656602258
lognormal,qcut,100000,50,49,5.76996871803,7.80167469205,2.03170597402,6.78582170504,2000,0.02,0.00984394408234,6.64290421641,6.57284803839,0.57609324087,5.77120180094,7.80166389794,7.50036074574,7.77530378112
lognormal,qcut,100000,50,50,7.80167469205,93.6390534181,85.837378726,50.7203640551,2000,0.02,0.000232998727324,12.2607311643,10.3075331246,6.51147873079,7.80220360352,93.6390534181,17.8378906346,40.5543871657
lognormal,log_binning,100000,50,1,0.0175090627179,0.0207886736098,0.0032796108919,0.0191488681638,3,3e-05,0.00914742662738,0.018435171115,0.0178682581971,0.00130540791837,0.0175090627179,0.01992819243,0.0195162055834,0.0198869937453
lognormal,log_binning,100000,50,2,0.0207886736098,0.0246825862365,0.0038939126267,0.0227356299231,5,5e-05,0.012840555193,0.022658519592,0.0224389672587,0.00112373261414,0.0212405485385,0.0241544024881,0.0238284361361,0.0241218058529
lognormal,log_binning,100000,50,3,0.0246825862365,0.0293058650473,0.00462327881085,0.0269942256419,8,8e-05,0.0173037368658,0.0270986239137,0.027184306043,0.000922521550128,0.0255933142008,0.0280315594515,0.0280289483201,0.0280312983384
lognormal,log_binning,100000,50,4,0.0293058650473,0.0347951271371,0.00548926208983,0.0320504960922,17,0.00017,0.0309695542348,0.032367913245,0.0324818440664,0.0013346612918,0.0301461308286,0.0346052820696,0.0338599274063,0.0344862647636
lognormal,log_binning,100000,50,5,0.0347951271371,0.041312579258,0.00651745212081,0.0380538531976,31,0.00031,0.0475645995174,0.0388062188526,0.0393600290646,0.00168280637135,0.0350512435584,0.0410593206159,0.0406256963592,0.0410341555082
lognormal,log_binning,100000,50,6,0.041312579258,0.0490508110006,0.00773823174262,0.0451816951293,59,0.00059,0.0762448088432,0.0457227623041,0.046140610965,0.00210072112557,0.0414048578939,0.0490503979948,0.0482955049521,0.0490486260626
lognormal,log_binning,100000,50,7,0.0490508110006,0.058238485784,0.0091876747834,0.0536446483923,109,0.00109,0.118637198823,0.0536976221366,0.0541909052171,0.00286420490698,0.049051298627,0.05799020646,0.0572926408372,0.0579598912332
lognormal,log_binning,100000,50,8,0.058238485784,0.0691470978201,0.0109086120361,0.063692791802,134,0.00134,0.122838725547,0.0640193958971,0.0640370944903,0.00295625108099,0.0582406098991,0.0690174410298,0.0680759290919,0.0689707615105
lognormal,log_binning,100000,50,9,0.0691470978201,0.082098994721,0.0129518969009,0.0756230462705,205,0.00205,0.158277973928,0.0759282648508,0.0761456773007,0.00367648748844,0.0692338436369,0.0820380200905,0.0807643489253,0.0819994529081
lognormal,log_binning,100000,50,10,0.082098994721,0.0974769028158,0.0153779080948,0.0897879487684,396,0.00396,0.257512268613,0.0902638955754,0.0905230238295,0.00439156529897,0.0821908028161,0.0974628189303,0.0963307601663,0.0971894416585
lognormal,log_binning,100000,50,11,0.0974769028158,0.115735236648,0.0182583338317,0.106606069732,535,0.00535,0.293016879268,0.106955467516,0.107334284717,0.0053822300579,0.0974973141963,0.115670334271,0.114007311055,0.115600468153
lognormal,log_binning,100000,50,12,0.115735236648,0.137413526845,0.0216782901976,0.126574381746,800,0.008,0.369032793965,0.126729142003,0.12680642009,0.0062698291219,0.115745191447,0.137411938703,0.135329244146,0.136984014161
lognormal,log_binning,100000,50,13,0.137413526845,0.163152363161,0.0257388363156,0.150282945003,1142,0.01142,0.443687502417,0.150799861806,0.151395846592,0.00726061311043,0.137423656634,0.163137037741,0.160649377811,0.162781082543
lognormal,log_binning,100000,50,14,0.163152363161,0.193712323787,0.0305599606263,0.178432343474,1505,0.01505,0.492474456497,0.178358727648,0.178276027024,0.0086762053547,0.163187330475,0.193699449719,0.190183493078,0.193452302689
lognormal,log_binning,100000,50,15,0.193712323787,0.229996450312,0.0362841265249,0.211854387049,2083,0.02083,0.574080238248,0.212110558987,0.211938812264,0.0105475995878,0.193721678754,0.229969659307,0.22667124484,0.229683451341
lognormal,log_binning,100000,50,16,0.229996450312,0.273076932442,0.0430804821306,0.251536691377,2613,0.02613,0.606539172908,0.251557778842,0.25174889654,0.0124679808457,0.23001943355,0.273071239752,0.269035000284,0.272691017072
lognormal,log_binning,100000,50,17,0.273076932442,0.324226791027,0.0511498585844,0.298651861735,3306,0.03306,0.646336097791,0.298960039001,0.299098059422,0.0146740214939,0.273078467416,0.324219729812,0.319200724119,0.32382018843
lognormal,log_binning,100000,50,18,0.324226791027,0.384957495602,0.0607307045746,0.354592143314,4005,0.04005,0.659468719827,0.35484560219,0.354893242639,0.0175714230767,0.324254932614,0.384884295287,0.379166686879,0.384276355279
lognormal,log_binning,100000,50,19,0.384957495602,0.457063628056,0.0721061324547,0.421010561829,4639,0.04639,0.643357207227,0.421406347453,0.421859320218,0.0208760658933,0.384961697947,0.457057280253,0.449986016824,0.456205157078
lognormal,log_binning,100000,50,20,0.457063628056,0.542675912221,0.085612284165,0.499869770139,5399,0.05399,0.630633798953,0.49977476238,0.50008103145,0.0246535943474,0.457118427035,0.542675562626,0.533578663369,0.541775746764
lognormal,log_binning,100000,50,21,0.542675912221,0.64432417639,0.101648264169,0.593500044306,5970,0.0597,0.587319424372,0.592866446274,0.592687488365,0.0294909041833,0.54270282066,0.644319623759,0.634248749911,0.643323720679
lognormal,log_binning,100000,50,22,0.64432417639,0.765012109311,0.120687932921,0.70466814285,6453,0.06453,0.534684772854,0.703579179493,0.703166015046,0.0346897721781,0.644352011421,0.765001735051,0.752245125381,0.763585788165
lognormal,log_binning,100000,50,23,0.765012109311,0.908306018674,0.143293909363,0.836659063993,6737,0.06737,0.470152571727,0.83505047829,0.834099855919,0.0419507819403,0.765057997822,0.908297721395,0.894067677278,0.907213267492
lognormal,log_binning,100000,50,24,0.908306018674,1.07844021489,0.170134196217,0.993373116783,6808,0.06808,0.400154710303,0.991386761898,0.991862058939,0.0491910241078,0.908313018138,1.07840745187,1.06006370518,1.07664381687
lognormal,log_binning,100000,50,25,1.07844021489,1.28044213424,0.202001919349,1.17944117457,6714,0.06714,0.332373079504,1.17640301471,1.1751627433,0.0581957216601,1.07845271131,1.2803045355,1.25855364963,1.27764959621
lognormal,log_binning,100000,50,26,1.28044213424,1.52028089875,0.239838764506,1.40036151649,6510,0.0651,0.271432352206,1.39574134334,1.39285134445,0.0690846145127,1.2804425157,1.52027306052,1.49328693157,1.51742675279
lognormal,log_binning,100000,50,27,1.52028089875,1.80504370271,0.284762803961,1.66266230073,6095,0.06095,0.214037785666,1.65577269005,1.65339267319,0.0821712545451,1.52030364962,1.80501971531,1.77355330653,1.80158657094
lognormal,log_binning,100000,50,28,1.80504370271,2.14314523808,0.338101535367,1.97409447039,5493,0.05493,0.162465988036,1.96421709951,1.95941531983,0.0968851899819,1.80508494264,2.1431297086,2.10318571238,2.1392889801
lognormal,log_binning,100000,50,29,2.14314523808,2.54457634715,0.401431109076,2.34386079261,4686,0.04686,0.116732358157,2.32985108739,2.32442919002,0.115498352778,2.14316444836,2.54451304354,2.49553748951,2.53862476669
lognormal,log_binning,100000,50,30,2.54457634715,3.02119925026,0.476622903113,2.78288779871,4055,0.04055,0.0850777411977,2.76857963113,2.76026658501,0.136553184871,2.54486899765,3.02116978683,2.96451573615,3.01631608226
lognormal,log_binning,100000,50,31,3.02119925026,3.58709807234,0.56589882208,3.3041486613,3359,0.03359,0.059356900367,3.28361913537,3.26825846316,0.163672057414,3.0212472117,3.5868469582,3.52076349525,3.58124141275
lognormal,log_binning,100000,50,32,3.58709807234,4.25899502639,0.671896954048,3.92304654937,2775,0.02775,0.0413009760393,3.89478934262,3.877429096,0.192489665816,3.58712314797,4.25848909047,4.17241092731,4.25222612935
lognormal,log_binning,100000,50,33,4.25899502639,5.056744552,0.797749525613,4.6578697892,2114,0.02114,0.0264995456861,4.62565885092,4.60873918237,0.231534160273,4.25926208188,5.05607951385,4.95821099727,5.04279455517
lognormal,log_binning,100000,50,34,5.056744552,6.00392001065,0.947175458649,5.53033228133,1557,0.01557,0.0164383482045,5.49537706462,5.47992212879,0.27429423573,5.0574222644,6.00356718272,5.89526202843,5.98898023636
lognormal,log_binning,100000,50,35,6.00392001065,7.12851027447,1.12459026381,6.56621514256,1190,0.0119,0.0105816317133,6.51665382672,6.49553502622,0.330945860025,6.00516030564,7.1280865706,7.00432568877,7.10624826264
lognormal,log_binning,100000,50,36,7.12851027447,8.4637467926,1.33523651813,7.79612853353,833,0.00833,0.00623859510048,7.71588557981,7.6729277892,0.380612974483,7.12907465427,8.45933903052,8.28430833094,8.43917102801
lognormal,log_binning,100000,50,37,8.4637467926,10.0490855748,1.58533878224,9.25641618372,594,0.00594,0.00374683321101,9.19557005157,9.17479721965,0.434842902682,8.46578751563,10.0462704881,9.82307261261,10.0098337327
lognormal,log_binning,100000,50,38,10.0490855748,11.9313731099,1.88228753509,10.9902293424,381,0.00381,0.00202413283252,10.8939412689,10.8620054612,0.525488538659,10.0589696819,11.9224877552,11.6633776056,11.9116898193
lognormal,log_binning,100000,50,39,11.9313731099,14.1662306712,2.23485756132,13.0488018906,273,0.00273,0.00122155436089,12.9837597152,12.9577861313,0.614467140655,11.9342859091,14.127224529,13.8866902624,14.1086632026
lognormal,log_binning,100000,50,40,14.1662306712,16.8196979159,2.65346724466,15.4929642936,161,0.00161,0.000606753297309,15.3414214561,15.1952257642,0.772854837475,14.2101688255,16.7799152125,16.4870924295,16.7631257119
lognormal,log_binning,100000,50,41,16.8196979159,19.9701843453,3.15048642936,18.3949411306,111,0.00111,0.000352326545404,18.1145246366,18.0516761762,0.824579882664,16.8337248167,19.9276420676,19.152669498,19.7746907996
lognormal,log_binning,100000,50,42,19.9701843453,23.7107862922,3.74060194696,21.8404853187,58,0.00058,0.00015505525801,21.6890864818,21.631005523,1.05382407685,20.0360653272,23.5997978002,23.0635411968,23.5574490555
lognormal,log_binning,100000,50,43,23.7107862922,28.1520379019,4.44125160967,25.9314120971,31,0.00031,6.98001435733e-05,25.3736981813,25.1256551756,1.06054629016,23.8140273044,27.7350953751,27.0443554763,27.6664092901
lognormal,log_binning,100000,50,44,28.1520379019,33.4251773966,5.27313949467,30.7886076492,16,0.00016,3.03424554123e-05,30.4088463998,29.9925684308,1.58413883011,28.3790634945,33.2543824665,32.7982768892,33.22942458
lognormal,log_binning,100000,50,45,33.4251773966,39.6860251427,6.2608477461,36.5556012696,9,9e-05,1.4375050097e-05,36.2565126931,36.2965518088,2.06499891049,34.00218972,39.2698038095,38.7642489715,39.2192483257
lognormal,log_binning,100000,50,46,39.6860251427,47.1195881158,7.43356297315,43.4028066292,9,9e-05,1.21072492861e-05,41.9249279272,41.78915168,1.91549348809,39.858961958,45.8277950179,44.2667647448,45.6716919906
lognormal,log_binning,100000,50,47,47.1195881158,55.9455268252,8.82593870937,51.5325574705,6,6e-05,6.79814374151e-06,50.0253551832,48.9465090238,1.88794507159,48.651869892,52.7130560328,52.4455825597,52.6863086855
lognormal,log_binning,100000,50,48,55.9455268252,66.4246462438,10.4791194186,61.1850865345,4,4e-05,3.81711462596e-06,60.0189072114,59.0690909861,4.26636478402,55.9497731504,65.9876737232,64.0787647666,65.7967828275
lognormal,log_binning,100000,50,49,66.4246462438,78.8666025508,12.441956307,72.6456243973,2,2e-05,1.60746425293e-06,72.9063052065,72.9063052065,4.96277333881,69.3970945252,76.4155158879,75.7136737516,76.3453316743
lognormal,log_binning,100000,50,50,78.8666025508,93.6390534181,14.7724508673,86.2528279844,2,2e-05,1.35387148549e-06,90.8932523571,90.8932523571,3.88314910003,88.1474512961,93.6390534181,93.0898932059,93.5841373969
lognormal,cut,100000,100,1,-0.0761124816375,0.953724506272,1.02983698791,0.438806012317,48073,0.48073,0.466802033374,0.505947801577,0.495843581988,0.237366629515,0.0175090627179,0.953708537722,0.844223062453,0.941567675908
lognormal,cut,100000,100,2,0.953724506272,1.88993994983,0.936215443554,1.42183222805,25753,0.25753,0.275075573441,1.35499089403,1.32444113981,0.265654726229,0.953783888912,1.88990205313,1.75144772328,1.87577925959
lognormal,cut,100000,100,3,1.88993994983,2.82615539338,0.936215443554,2.3580476716,11199,0.11199,0.119619902418,2.29735838422,2.26663473013,0.268704422384,1.8900335316,2.82614955955,2.69655652684,2.81215611098
lognormal,cut,100000,100,4,2.82615539338,3.76237083693,0.936215443554,3.29426311516,5731,0.05731,0.0612145424374,3.24955563513,3.22121713052,0.271744097996,2.82616013077,3.76228387906,3.64854684717,3.75180992061
lognormal,cut,100000,100,5,3.76237083693,4.69858628049,0.936215443554,4.23047855871,3167,0.03167,0.0338276838072,4.18463925756,4.16641664259,0.267096108912,3.76237918482,4.69845544067,4.56925495138,4.68468131827
lognormal,cut,100000,100,6,4.69858628049,5.63480172404,0.936215443554,5.16669400226,1879,0.01879,0.0200701666795,5.12711661576,5.10396376604,0.271789452389,4.69877826106,5.63418683079,5.53490685794,5.62366714837
lognormal,cut,100000,100,7,5.63480172404,6.57101716759,0.936215443554,6.10290944582,1195,0.01195,0.0127641560308,6.07233927838,6.05294491347,0.263983052824,5.63507994153,6.56789306818,6.45541554645,6.56002972726
lognormal,cut,100000,100,8,6.57101716759,7.50723261115,0.936215443554,7.03912488937,807,0.00807,0.00861981080911,7.01472255359,7.01553091416,0.266651880187,6.57103867872,7.50425629083,7.40202299304,7.49461611755
lognormal,cut,100000,100,9,7.50723261115,8.4434480547,0.936215443554,7.97534033293,534,0.00534,0.00570381533093,7.93345642668,7.91812444536,0.273856443896,7.5074308566,8.44145829224,8.33646673662,8.4369194127
lognormal,cut,100000,100,10,8.4434480547,9.37966349826,0.936215443554,8.91155577648,387,0.00387,0.00413366391961,8.9172183356,8.90735992144,0.259387304326,8.44456961736,9.37951803346,9.27392400923,9.37212453954
lognormal,cut,100000,100,11,9.37966349826,10.3158789418,0.936215443554,9.84777122003,276,0.00276,0.00294803938453,9.79859695775,9.78819427941,0.268193629147,9.3817009681,10.3100921653,10.1706660057,10.2994145893
lognormal,cut,100000,100,12,10.3158789418,11.2520943854,0.936215443554,10.7839866636,215,0.00215,0.00229647995534,10.7828724848,10.7618167978,0.270855301633,10.3163619429,11.2449424543,11.1678424395,11.2401497722
lognormal,cut,100000,100,13,11.2520943854,12.1883098289,0.936215443554,11.7202021071,132,0.00132,0.00140993187956,11.6932332106,11.6777329707,0.280073382052,11.252099819,12.1830298749,12.0978878621,12.1684831212
lognormal,cut,100000,100,14,12.1883098289,13.1245252725,0.936215443554,12.6564175507,133,0.00133,0.00142061318167,12.6671383478,12.6894144734,0.279739839078,12.1893762337,13.1219141791,13.0330122221,13.1185804894
lognormal,cut,100000,100,15,13.1245252725,14.060740716,0.936215443554,13.5926329942,100,0.001,0.00106813021179,13.5669711855,13.525440166,0.276297763124,13.1350044633,14.0566463437,13.9634640298,14.0510670155
lognormal,cut,100000,100,16,14.060740716,14.9969561596,0.936215443554,14.5288484378,75,0.00075,0.000801097658839,14.5144834416,14.487634512,0.26683498112,14.0650100128,14.9967595409,14.8623485758,14.9893098091
lognormal,cut,100000,100,17,14.9969561596,15.9331716031,0.936215443554,15.4650638814,56,0.00056,0.0005981529186,15.4495827146,15.4314791371,0.277237034857,15.017311992,15.9101281809,15.8301309469,15.8961169831
lognormal,cut,100000,100,18,15.9331716031,16.8693870467,0.936215443554,16.4012793249,42,0.00042,0.00044861468895,16.4493700227,16.4693135653,0.25275789625,15.9437072721,16.8658334901,16.7591531768,16.852668934
lognormal,cut,100000,100,19,16.8693870467,17.8056024902,0.936215443554,17.3374947685,43,0.00043,0.000459295991068,17.308011373,17.3028360961,0.256187442335,16.8709766152,17.8011358864,17.6618867585,17.8007104783
lognormal,cut,100000,100,20,17.8056024902,18.7418179338,0.936215443554,18.273710212,39,0.00039,0.000416570782596,18.3030486508,18.376159702,0.291033384081,17.8243894009,18.7311552028,18.6231959311,18.7189877762
lognormal,cut,100000,100,21,18.7418179338,19.6780333773,0.936215443554,19.2099256556,23,0.00023,0.000245669948711,19.120357689,19.0876128956,0.275386080767,18.7464840293,19.6663697832,19.5301287089,19.6655758621
lognormal,cut,100000,100,22,19.6780333773,20.6142488209,0.936215443554,20.1461410991,15,0.00015,0.000160219531768,20.1550378518,20.1099360512,0.278791754546,19.7309809726,20.5164282492,20.4941682282,20.513620173
lognormal,cut,100000,100,23,20.6142488209,21.5504642645,0.936215443554,21.0823565427,17,0.00017,0.000181582136004,21.0259056598,20.9550844316,0.256298301774,20.6187247078,21.4125436586,21.325032144,21.4075433336
lognormal,cut,100000,100,24,21.5504642645,22.486679708,0.936215443554,22.0185719862,13,0.00013,0.000138856927532,22.0729790565,22.0955553166,0.308726248326,21.5792282595,22.4256754843,22.3806891707,22.4208243286
lognormal,cut,100000,100,25,22.486679708,23.4228951516,0.936215443554,22.9547874298,14,0.00014,0.00014953822965,22.8452890157,22.7994368972,0.243718936767,22.5048125639,23.2218960509,23.208737675,23.2207056342
lognormal,cut,100000,100,26,23.4228951516,24.3591105951,0.936215443554,23.8910028733,9,9e-05,9.61317190607e-05,23.9380688177,24.1401990253,0.331825173725,23.4740415264,24.2404710057,24.2395709464,24.2403809998
lognormal,cut,100000,100,27,24.3591105951,25.2953260387,0.936215443554,24.8272183169,12,0.00012,0.000128175625414,24.9266979694,24.9907007087,0.232975417999,24.4805301095,25.2328464143,25.2167769409,25.2321924827
lognormal,cut,100000,100,28,25.2953260387,26.2315414822,0.936215443554,25.7634337604,7,7e-05,7.4769114825e-05,25.6702907557,25.6109358348,0.311394029549,25.3047930723,26.0777098851,26.0568873857,26.0756276352
lognormal,cut,100000,100,29,26.2315414822,27.1677569258,0.936215443554,26.699649204,3,3e-05,3.20439063536e-05,26.7504438672,26.8242452073,0.336929877546,26.382730918,27.0443554763,27.0003334225,27.0399532709
lognormal,cut,100000,100,30,27.1677569258,28.1039723693,0.936215443554,27.6358646476,3,3e-05,3.20439063536e-05,27.5592076067,27.5061417583,0.156265343909,27.4363856866,27.7350953751,27.6893046518,27.7305163028
lognormal,cut,100000,100,31,28.1039723693,29.0401878129,0.936215443554,28.5720800911,2,2e-05,2.13626042357e-05,28.4056089352,28.4056089352,0.0375409223002,28.3790634945,28.432154376,28.4268452878,28.4316234672
lognormal,cut,100000,100,32,29.0401878129,29.9764032564,0.936215443554,29.5082955347,6,6e-05,6.40878127071e-05,29.4649545166,29.3991647515,0.325167039992,29.1098238411,29.9311308418,29.8276819151,29.9207859491
lognormal,cut,100000,100,33,29.9764032564,30.9126187,0.936215443554,30.4445109782,3,3e-05,3.20439063536e-05,30.2767545924,30.3139231812,0.206686188422,30.0540060198,30.4623345762,30.4326522972,30.4593663483
lognormal,cut,100000,100,34,30.9126187,31.8488341435,0.936215443554,31.3807264218,1,1e-05,1.06813021179e-05,30.9447177665,30.9447177665,,30.9447177665,30.9447177665,30.9447177665,30.9447177665
lognormal,cut,100000,100,35,31.8488341435,32.7850495871,0.936215443554,32.3169418653,2,2e-05,2.13626042357e-05,32.4116184297,32.4116184297,0.137092154843,32.3146796373,32.508557222,32.4891694635,32.5066184461
lognormal,cut,100000,100,36,32.7850495871,33.7212650307,0.936215443554,33.2531573089,2,2e-05,2.13626042357e-05,33.1711895115,33.1711895115,0.117652605246,33.0879965565,33.2543824665,33.2377438755,33.2527186074
lognormal,cut,100000,100,37,33.7212650307,34.6574804742,0.936215443554,34.1893727524,3,3e-05,3.20439063536e-05,34.0731465269,34.0023575773,0.12275545472,34.00218972,34.2148922834,34.1723853422,34.2106415893
lognormal,cut,100000,100,38,34.6574804742,35.5936959178,0.936215443554,35.125588196,1,1e-05,1.06813021179e-05,34.8752398059,34.8752398059,,34.8752398059,34.8752398059,34.8752398059,34.8752398059
lognormal,cut,100000,100,39,35.5936959178,36.5299113613,0.936215443554,36.0618036395,1,1e-05,1.06813021179e-05,36.2965518088,36.2965518088,,36.2965518088,36.2965518088,36.2965518088,36.2965518088
lognormal,cut,100000,100,40,36.5299113613,37.4661268049,0.936215443554,36.9980190831,1,1e-05,1.06813021179e-05,37.4530627207,37.4530627207,,37.4530627207,37.4530627207,37.4530627207,37.4530627207
lognormal,cut,100000,100,41,37.4661268049,38.4023422484,0.936215443554,37.9342345266,1,1e-05,1.06813021179e-05,37.55665625,37.55665625,,37.55665625,37.55665625,37.55665625,37.55665625
lognormal,cut,100000,100,42,38.4023422484,39.338557692,0.936215443554,38.8704499702,2,2e-05,2.13626042357e-05,38.9538320357,38.9538320357,0.44685156778,38.637860262,39.2698038095,39.2066094547,39.263484374
lognormal,cut,100000,100,43,39.338557692,40.2747731355,0.936215443554,39.8066654138,1,1e-05,1.06813021179e-05,39.858961958,39.858961958,,39.858961958,39.858961958,39.858961958,39.858961958
lognormal,cut,100000,100,44,40.2747731355,41.2109885791,0.936215443554,40.7428808573,3,3e-05,3.20439063536e-05,40.527371838,40.5538161372,0.0994423111168,40.4173803879,40.6109189889,40.5994984186,40.6097769319
lognormal,cut,100000,100,45,41.2109885791,42.1472040226,0.936215443554,41.6790963009,1,1e-05,1.06813021179e-05,41.78915168,41.78915168,,41.78915168,41.78915168,41.78915168,41.78915168
lognormal,cut,100000,100,46,42.1472040226,43.0834194662,0.936215443554,42.6153117444,2,2e-05,2.13626042357e-05,42.1949099991,42.1949099991,0.0138384214,42.1851247575,42.2046952407,42.2027381924,42.2044995359
lognormal,cut,100000,100,47,43.0834194662,44.0196349097,0.936215443554,43.551527188,1,1e-05,1.06813021179e-05,43.8765071766,43.8765071766,,43.8765071766,43.8765071766,43.8765071766,43.8765071766
lognormal,cut,100000,100,48,44.0196349097,44.9558503533,0.936215443554,44.4877426315,,0,0,,,,,,,
lognormal,cut,100000,100,49,44.9558503533,45.8920657969,0.936215443554,45.4239580751,1,1e-05,1.06813021179e-05,45.8277950179,45.8277950179,,45.8277950179,45.8277950179,45.8277950179,45.8277950179
lognormal,cut,100000,100,50,45.8920657969,46.8282812404,0.936215443554,46.3601735186,,0,0,,,,,,,
lognormal,cut,100000,100,51,46.8282812404,47.764496684,0.936215443554,47.2963889622,,0,0,,,,,,,
lognormal,cut,100000,100,52,47.764496684,48.7007121275,0.936215443554,48.2326044057,1,1e-05,1.06813021179e-05,48.651869892,48.651869892,,48.651869892,48.651869892,48.651869892,48.651869892
lognormal,cut,100000,100,53,48.7007121275,49.6369275711,0.936215443554,49.1688198493,3,3e-05,3.20439063536e-05,48.8696986959,48.8140115013,0.187763342721,48.7160780401,49.0790065462,49.0260075372,49.0737066453
lognormal,cut,100000,100,54,49.6369275711,50.5731430146,0.936215443554,50.1050352928,,0,0,,,,,,,
lognormal,cut,100000,100,55,50.5731430146,51.5093584582,0.936215443554,51.0412507364,,0,0,,,,,,,
lognormal,cut,100000,100,56,51.5093584582,52.4455739017,0.936215443554,51.97746618,1,1e-05,1.06813021179e-05,52.1781090866,52.1781090866,,52.1781090866,52.1781090866,52.1781090866,52.1781090866
lognormal,cut,100000,100,57,52.4455739017,53.3817893453,0.936215443554,52.9136816235,1,1e-05,1.06813021179e-05,52.7130560328,52.7130560328,,52.7130560328,52.7130560328,52.7130560328,52.7130560328
lognormal,cut,100000,100,58,53.3817893453,54.3180047888,0.936215443554,53.8498970671,,0,0,,,,,,,
lognormal,cut,100000,100,59,54.3180047888,55.2542202324,0.936215443554,54.7861125106,,0,0,,,,,,,
lognormal,cut,100000,100,60,55.2542202324,56.1904356759,0.936215443554,55.7223279542,1,1e-05,1.06813021179e-05,55.9497731504,55.9497731504,,55.9497731504,55.9497731504,55.9497731504,55.9497731504
lognormal,cut,100000,100,61,56.1904356759,57.1266511195,0.936215443554,56.6585433977,,0,0,,,,,,,
lognormal,cut,100000,100,62,57.1266511195,58.0628665631,0.936215443554,57.5947588413,,0,0,,,,,,,
lognormal,cut,100000,100,63,58.0628665631,58.9990820066,0.936215443554,58.5309742848,1,1e-05,1.06813021179e-05,58.5135381043,58.5135381043,,58.5135381043,58.5135381043,58.5135381043,58.5135381043
lognormal,cut,100000,100,64,58.9990820066,59.9352974502,0.936215443554,59.4671897284,1,1e-05,1.06813021179e-05,59.6246438679,59.6246438679,,59.6246438679,59.6246438679,59.6246438679,59.6246438679
lognormal,cut,100000,100,65,59.9352974502,60.8715128937,0.936215443554,60.4034051719,,0,0,,,,,,,
lognormal,cut,100000,100,66,60.8715128937,61.8077283373,0.936215443554,61.3396206155,,0,0,,,,,,,
lognormal,cut,100000,100,67,61.8077283373,62.7439437808,0.936215443554,62.275836059,,0,0,,,,,,,
lognormal,cut,100000,100,68,62.7439437808,63.6801592244,0.936215443554,63.2120515026,,0,0,,,,,,,
lognormal,cut,100000,100,69,63.6801592244,64.6163746679,0.936215443554,64.1482669462,,0,0,,,,,,,
lognormal,cut,100000,100,70,64.6163746679,65.5525901115,0.936215443554,65.0844823897,,0,0,,,,,,,
lognormal,cut,100000,100,71,65.5525901115,66.488805555,0.936215443554,66.0206978333,1,1e-05,1.06813021179e-05,65.9876737232,65.9876737232,,65.9876737232,65.9876737232,65.9876737232,65.9876737232
lognormal,cut,100000,100,72,66.488805555,67.4250209986,0.936215443554,66.9569132768,,0,0,,,,,,,
lognormal,cut,100000,100,73,67.4250209986,68.3612364421,0.936215443554,67.8931287204,,0,0,,,,,,,
lognormal,cut,100000,100,74,68.3612364421,69.2974518857,0.936215443554,68.8293441639,,0,0,,,,,,,
lognormal,cut,100000,100,75,69.2974518857,70.2336673293,0.936215443554,69.7655596075,1,1e-05,1.06813021179e-05,69.3970945252,69.3970945252,,69.3970945252,69.3970945252,69.3970945252,69.3970945252
lognormal,cut,100000,100,76,70.2336673293,71.1698827728,0.936215443554,70.701775051,,0,0,,,,,,,
lognormal,cut,100000,100,77,71.1698827728,72.1060982164,0.936215443554,71.6379904946,,0,0,,,,,,,
lognormal,cut,100000,100,78,72.1060982164,73.0423136599,0.936215443554,72.5742059381,,0,0,,,,,,,
lognormal,cut,100000,100,79,73.0423136599,73.9785291035,0.936215443554,73.5104213817,,0,0,,,,,,,
lognormal,cut,100000,100,80,73.9785291035,74.914744547,0.936215443554,74.4466368252,,0,0,,,,,,,
lognormal,cut,100000,100,81,74.914744547,75.8509599906,0.936215443554,75.3828522688,,0,0,,,,,,,
lognormal,cut,100000,100,82,75.8509599906,76.7871754341,0.936215443554,76.3190677124,1,1e-05,1.06813021179e-05,76.4155158879,76.4155158879,,76.4155158879,76.4155158879,76.4155158879,76.4155158879
lognormal,cut,100000,100,83,76.7871754341,77.7233908777,0.936215443554,77.2552831559,,0,0,,,,,,,
lognormal,cut,100000,100,84,77.7233908777,78.6596063212,0.936215443554,78.1914985995,,0,0,,,,,,,
lognormal,cut,100000,100,85,78.6596063212,79.5958217648,0.936215443554,79.127714043,,0,0,,,,,,,
lognormal,cut,100000,100,86,79.5958217648,80.5320372083,0.936215443554,80.0639294866,,0,0,,,,,,,
lognormal,cut,100000,100,87,80.5320372083,81.4682526519,0.936215443554,81.0001449301,,0,0,,,,,,,
lognormal,cut,100000,100,88,81.4682526519,82.4044680955,0.936215443554,81.9363603737,,0,0,,,,,,,
lognormal,cut,100000,100,89,82.4044680955,83.340683539,0.936215443554,82.8725758172,,0,0,,,,,,,
lognormal,cut,100000,100,90,83.340683539,84.2768989826,0.936215443554,83.8087912608,,0,0,,,,,,,
lognormal,cut,100000,100,91,84.2768989826,85.2131144261,0.936215443554,84.7450067043,,0,0,,,,,,,
lognormal,cut,100000,100,92,85.2131144261,86.1493298697,0.936215443554,85.6812221479,,0,0,,,,,,,
lognormal,cut,100000,100,93,86.1493298697,87.0855453132,0.936215443554,86.6174375914,,0,0,,,,,,,
lognormal,cut,100000,100,94,87.0855453132,88.0217607568,0.936215443554,87.553653035,,0,0,,,,,,,
lognormal,cut,100000,100,95,88.0217607568,88.9579762003,0.936215443554,88.4898684786,1,1e-05,1.06813021179e-05,88.1474512961,88.1474512961,,88.1474512961,88.1474512961,88.1474512961,88.1474512961
lognormal,cut,100000,100,96,88.9579762003,89.8941916439,0.936215443554,89.4260839221,,0,0,,,,,,,
lognormal,cut,100000,100,97,89.8941916439,90.8304070874,0.936215443554,90.3622993657,,0,0,,,,,,,
lognormal,cut,100000,100,98,90.8304070874,91.766622531,0.936215443554,91.2985148092,,0,0,,,,,,,
lognormal,cut,100000,100,99,91.766622531,92.7028379745,0.936215443554,92.2347302528,,0,0,,,,,,,
lognormal,cut,100000,100,100,92.7028379745,93.6390534181,0.936215443554,93.1709456963,1,1e-05,1.06813021179e-05,93.6390534181,93.6390534181,,93.6390534181,93.6390534181,93.6390534181,93.6390534181
lognormal,qcut,100000,100,1,0.0175090627179,0.0986344317637,0.0811253690459,0.0580717472408,1000,0.01,0.123266003195,0.0738080714427,0.077788064953,0.018730263575,0.0175090627179,0.0986258079243,0.0952811584073,0.0980976430443
lognormal,qcut,100000,100,2,0.0986344317637,0.129166670956,0.0305322391924,0.11390055136,1000,0.01,0.327522653579,0.11505822241,0.115628046486,0.00878167501518,0.0986345188732,0.12915165092,0.126714179652,0.129018703186
lognormal,qcut,100000,100,3,0.129166670956,0.153781952149,0.0246152811931,0.141474311553,1000,0.01,0.406251706879,0.142241852332,0.142509382103,0.00711603029063,0.129166977487,0.153718418411,0.151737087267,0.153572627456
lognormal,qcut,100000,100,4,0.153781952149,0.174369234396,0.0205872822465,0.164075593272,1000,0.01,0.485736770899,0.164221572205,0.164176711573,0.0061171298853,0.15378391711,0.17432081637,0.172474802414,0.174174581639
lognormal,qcut,100000,100,5,0.174369234396,0.194680638018,0.0203114036223,0.184524936207,1000,0.01,0.492334266305,0.184399927216,0.184398723264,0.00584211718295,0.174371251813,0.194652067982,0.192593896458,0.194503816732
lognormal,qcut,100000,100,6,0.194680638018,0.212112706739,0.017432068721,0.203396672378,1000,0.01,0.573655379636,0.203535272978,0.203659995659,0.00512282535084,0.194682141704,0.212110015979,0.210541732886,0.211925595842
lognormal,qcut,100000,100,7,0.212112706739,0.22958586113,0.017473154391,0.220849283934,1000,0.01,0.57230650953,0.221034912172,0.221218825654,0.00509226005604,0.21211287849,0.229572678999,0.227875853331,0.229408693009
lognormal,qcut,100000,100,8,0.22958586113,0.246174301544,0.0165884404143,0.237880081337,1000,0.01,0.602829425204,0.237746804237,0.237670504833,0.00497876520057,0.229586853333,0.246169661707,0.244781349621,0.24601336001
lognormal,qcut,100000,100,9,0.246174301544,0.262264230053,0.016089928509,0.254219265799,1000,0.01,0.621506801253,0.254141314039,0.254267085995,0.00456502154444,0.246174705008,0.262264123786,0.260514623756,0.262071847146
lognormal,qcut,100000,100,10,0.262264230053,0.278998737731,0.016734507678,0.270631483892,1000,0.01,0.597567624479,0.270797355794,0.270873110968,0.0047848573344,0.262264240563,0.278989343975,0.277354794816,0.278811170648
lognormal,qcut,100000,100,11,0.278998737731,0.29443464695,0.0154359092192,0.286716692341,1000,0.01,0.64784003702,0.286759793153,0.286654410468,0.00442737175423,0.278999781482,0.294411553435,0.292753366613,0.294320300271
lognormal,qcut,100000,100,12,0.29443464695,0.309685531949,0.0152508849989,0.30206008945,1000,0.01,0.655699652889,0.302117639726,0.301861628457,0.00444133083695,0.294437501205,0.309679507021,0.308204668124,0.309601409953
lognormal,qcut,100000,100,13,0.309685531949,0.32512906622,0.015443534271,0.317407299085,1000,0.01,0.647520174108,0.317379794573,0.317363882341,0.00446590108975,0.309686353531,0.325027295857,0.323633338211,0.324881444473
lognormal,qcut,100000,100,14,0.32512906622,0.340307677466,0.0151786112459,0.332718371843,1000,0.01,0.658821801153,0.332642692028,0.33251036298,0.00438259841603,0.325144273286,0.340303642562,0.338856171302,0.340154837354
lognormal,qcut,100000,100,15,0.340307677466,0.35553787611,0.0152301986436,0.347922776788,1000,0.01,0.656590254269,0.348067443124,0.34813729791,0.00439974746816,0.340308334311,0.355488665261,0.354146876172,0.355326504363
lognormal,qcut,100000,100,16,0.35553787611,0.370821428032,0.0152835519221,0.363179652071,1000,0.01,0.654298166486,0.363252792323,0.363090403295,0.00437031160564,0.355546560377,0.370811004252,0.369343360013,0.370757901621
lognormal,qcut,100000,100,17,0.370821428032,0.385739947581,0.0149185195494,0.378280687807,1000,0.01,0.670307798766,0.378238420938,0.378172399239,0.00424272287288,0.370823413514,0.385736016346,0.38405398887,0.385503360039
lognormal,qcut,100000,100,18,0.385739947581,0.401505529991,0.0157655824095,0.393622738786,1000,0.01,0.634293091131,0.393558300522,0.393708967163,0.00461569994489,0.385740752774,0.40148878438,0.399809677614,0.401334707898
lognormal,qcut,100000,100,19,0.401505529991,0.417541183321,0.0160356533298,0.409523356656,1000,0.01,0.623610388324,0.409280026023,0.409210520026,0.00470149446415,0.401509205857,0.417529789565,0.415985211845,0.417390165276
lognormal,qcut,100000,100,20,0.417541183321,0.433136803695,0.0155956203747,0.425338993508,1000,0.01,0.641205656444,0.425368261708,0.425209199921,0.00450136576696,0.41754385593,0.433131643511,0.43158523132,0.4329613702
lognormal,qcut,100000,100,21,0.433136803695,0.447851463879,0.0147146601836,0.440494133787,1000,0.01,0.679594355237,0.440520314542,0.44059638474,0.0042766048532,0.433138093741,0.447849182065,0.446264206883,0.44772340099
lognormal,qcut,100000,100,22,0.447851463879,0.463397976063,0.0155465121841,0.455624719971,1000,0.01,0.643231091424,0.455659480166,0.455441975284,0.00449668395156,0.447852070437,0.463396332983,0.461891625189,0.463290808578
lognormal,qcut,100000,100,23,0.463397976063,0.479169626265,0.0157716502023,0.471283801164,1000,0.01,0.634049060926,0.471303201755,0.471172688634,0.00451664599691,0.463398439496,0.479165201922,0.477496665399,0.479081723992
lognormal,qcut,100000,100,24,0.479169626265,0.495234482957,0.0160648566917,0.487202054611,1000,0.01,0.622476763527,0.487097521559,0.487008470588,0.00463551159208,0.479170947822,0.495215909938,0.493758891801,0.495079736324
lognormal,qcut,100000,100,25,0.495234482957,0.51125229931,0.0160178163531,0.503243391133,1000,0.01,0.624304822802,0.503252972847,0.503209874035,0.00459820721371,0.495240348121,0.511250603022,0.509634459878,0.511122606256
lognormal,qcut,100000,100,26,0.51125229931,0.526759013634,0.0155067143238,0.519005656472,1000,0.01,0.644881938958,0.518984587216,0.51913801885,0.00451044727616,0.511252864739,0.526748679054,0.525152314228,0.526524112626
lognormal,qcut,100000,100,27,0.526759013634,0.542827398868,0.0160683852342,0.534793206251,1000,0.01,0.622340070533,0.534466830525,0.534147905042,0.00462717164143,0.526762644702,0.542790408083,0.541201131966,0.542590178263
lognormal,qcut,100000,100,28,0.542827398868,0.558894460033,0.0160670611649,0.55086092945,1000,0.01,0.622391356912,0.550941782843,0.55103535623,0.00467352581865,0.542841080391,0.558884219923,0.557296236729,0.558737913191
lognormal,qcut,100000,100,29,0.558894460033,0.575730652406,0.0168361923734,0.56731255622,1000,0.01,0.593958525668,0.567388957512,0.56749413511,0.00484730869194,0.558898442298,0.575695477006,0.574038144282,0.575589659222
lognormal,qcut,100000,100,30,0.575730652406,0.593045719352,0.0173150669453,0.584388185879,1000,0.01,0.577531697199,0.584095928189,0.584005555033,0.0049027317421,0.575745019824,0.593037827183,0.590936442291,0.592822725562
lognormal,qcut,100000,100,31,0.593045719352,0.610230518523,0.0171847991718,0.601638118937,1000,0.01,0.581909622571,0.601769052675,0.601747595288,0.00503968080715,0.593049101709,0.610220360128,0.608648010678,0.610094038342
lognormal,qcut,100000,100,32,0.610230518523,0.627411613191,0.0171810946678,0.618821065857,1000,0.01,0.582035091092,0.618800157682,0.6189269092,0.0050545000548,0.61023508244,0.627388698128,0.625802599854,0.6271889359
lognormal,qcut,100000,100,33,0.627411613191,0.645114018229,0.0177024050375,0.63626281571,1000,0.01,0.56489499471,0.636369997899,0.636504789504,0.00497860659259,0.62742239675,0.645088815553,0.643234752484,0.644913697502
lognormal,qcut,100000,100,34,0.645114018229,0.663107218138,0.0179931999091,0.654110618183,1000,0.01,0.555765514224,0.654226652527,0.654278566003,0.00526401804039,0.645126431487,0.663083200849,0.661352190051,0.662962779818
lognormal,qcut,100000,100,35,0.663107218138,0.681101903199,0.0179946850612,0.672104560668,1000,0.01,0.555719645329,0.672101528281,0.672323801384,0.00531484943118,0.663119590681,0.681099062119,0.67951832972,0.680985532715
lognormal,qcut,100000,100,36,0.681101903199,0.69941078449,0.0183088812916,0.690256343845,1000,0.01,0.546183015812,0.690066792161,0.689948420418,0.00536506323167,0.681103433011,0.69940930509,0.697537928688,0.699187061649
lognormal,qcut,100000,100,37,0.69941078449,0.718383375232,0.0189725907417,0.708897079861,1000,0.01,0.52707614559,0.708804901798,0.708344131928,0.00550528661867,0.699411616653,0.718369145499,0.716516207274,0.718180571625
lognormal,qcut,100000,100,38,0.718383375232,0.737250429796,0.0188670545639,0.727816902514,1000,0.01,0.530024438428,0.727561226881,0.727523151373,0.00548284287692,0.718391732377,0.737241010726,0.735346440574,0.737045549035
lognormal,qcut,100000,100,39,0.737250429796,0.756668417818,0.019417988022,0.746959423807,1000,0.01,0.514986413045,0.746923901266,0.746954367873,0.00557360619582,0.737256202774,0.756668204686,0.754570406141,0.756498040621
lognormal,qcut,100000,100,40,0.756668417818,0.77624773915,0.0195793213319,0.766458078484,1000,0.01,0.510742932835,0.766433711488,0.766481710392,0.00546888194983,0.756668554083,0.776237395327,0.773849400858,0.775946756358
lognormal,qcut,100000,100,41,0.77624773915,0.795893530018,0.0196457908681,0.786070634584,1000,0.01,0.509014886045,0.785692902994,0.785623606038,0.0055830362024,0.776254635032,0.795877676226,0.793740808577,0.795739857649
lognormal,qcut,100000,100,42,0.795893530018,0.817412276404,0.0215187463858,0.806652903211,1000,0.01,0.464711085894,0.807043008865,0.80724672623,0.00606651807495,0.79590454706,0.817405905472,0.815393652479,0.817108973251
lognormal,qcut,100000,100,43,0.817412276404,0.838758902551,0.0213466261474,0.828085589478,1000,0.01,0.468458103448,0.828081629257,0.827799045614,0.00609727641491,0.817416889838,0.838751007894,0.836608386009,0.838569107236
lognormal,qcut,100000,100,44,0.838758902551,0.860908477326,0.0221495747743,0.849833689938,1000,0.01,0.451475935854,0.849517858915,0.84965459562,0.00632604244044,0.83876485817,0.86090825052,0.858462342794,0.860647911815
lognormal,qcut,100000,100,45,0.860908477326,0.883469105021,0.0225606276954,0.872188791173,1000,0.01,0.443250078633,0.872036613878,0.872124434002,0.00648914788714,0.86090865553,0.883440906816,0.881084421513,0.883188267626
lognormal,qcut,100000,100,46,0.883469105021,0.90564856477,0.0221794597489,0.894558834895,1000,0.01,0.450867609635,0.894547490751,0.89443628688,0.00624366848084,0.88349217628,0.905642673046,0.903171796275,0.9052084441
lognormal,qcut,100000,100,47,0.90564856477,0.927491814646,0.0218432498757,0.916570189708,1000,0.01,0.45780733439,0.916109161005,0.916322920746,0.00634989196873,0.905653583646,0.927484255076,0.924971999792,0.927192379453
lognormal,qcut,100000,100,48,0.927491814646,0.951626674591,0.0241348599455,0.939559244618,1000,0.01,0.414338430907,0.939435343571,0.939471071241,0.00683387749813,0.927498518414,0.951604803493,0.948967771768,0.951291888444
lognormal,qcut,100000,100,49,0.951626674591,0.977222365911,0.0255956913202,0.964424520251,1000,0.01,0.390690756303,0.964517021938,0.964553253836,0.00731367904671,0.951646863297,0.977204575059,0.974577382773,0.976921453292
lognormal,qcut,100000,100,50,0.977222365911,1.00233252481,0.0251101588995,0.989777445361,1000,0.01,0.398245189926,0.990052494565,0.990466755489,0.00726871955693,0.977239459083,1.00231989418,0.999988157885,1.0022477473
lognormal,qcut,100000,100,51,1.00233252481,1.02692211487,0.0245895900564,1.01462731984,1000,0.01,0.406676157555,1.01433955566,1.01444847824,0.00717414886135,1.00234515544,1.0269201303,1.02450157712,1.02669796572
lognormal,qcut,100000,100,52,1.02692211487,1.05263894584,0.0257168309696,1.03978053035,1000,0.01,0.388850399639,1.03976918413,1.0395457253,0.00744682573632,1.02692418044,1.0526332607,1.05011366036,1.05242283777
lognormal,qcut,100000,100,53,1.05263894584,1.07930918067,0.0266702348363,1.06597406326,1000,0.01,0.374949829328,1.0658210911,1.06584570902,0.00779800927057,1.05264510473,1.07930784979,1.07676785994,1.07903838285
lognormal,qcut,100000,100,54,1.07930918067,1.10657431348,0.0272651328047,1.09294174708,1000,0.01,0.366768798511,1.09268020967,1.09237142472,0.00796881266402,1.07931068145,1.10657347836,1.10387235093,1.10639098772
lognormal,qcut,100000,100,55,1.10657431348,1.13759948459,0.0310251711092,1.12208689903,1000,0.01,0.322318931451,1.12196442691,1.12163478968,0.00891445178635,1.10657529384,1.13759178203,1.13417682441,1.13736183537
lognormal,qcut,100000,100,56,1.13759948459,1.16528351922,0.027684034637,1.15144150191,1000,0.01,0.361219025013,1.15140642174,1.15158893889,0.0079886308851,1.13760889882,1.16527295163,1.16244624436,1.16498505976
lognormal,qcut,100000,100,57,1.16528351922,1.19619909252,0.0309155732916,1.18074130587,1000,0.01,0.323461574064,1.18078078348,1.1808530873,0.00891868973239,1.16529696889,1.19619556671,1.19355309176,1.19584532882
lognormal,qcut,100000,100,58,1.19619909252,1.22596124819,0.0297621556698,1.21108017035,1000,0.01,0.335997167374,1.21066547836,1.21051911221,0.00871709544133,1.19620376626,1.22596100501,1.2230526755,1.22566500883
lognormal,qcut,100000,100,59,1.22596124819,1.25841951072,0.0324582625329,1.24219037945,1000,0.01,0.308087963423,1.2418678286,1.24144510403,0.00920034705238,1.22596158399,1.25837276312,1.25519630445,1.25790340219
lognormal,qcut,100000,100,60,1.25841951072,1.2915500179,0.0331305071853,1.27498476431,1000,0.01,0.301836610712,1.27460478995,1.2739405919,0.00939634913331,1.25848678166,1.29154031137,1.28782959535,1.29116342466
lognormal,qcut,100000,100,61,1.2915500179,1.32609382638,0.0345438084788,1.30882192214,1000,0.01,0.289487478086,1.30875116907,1.30825275721,0.00999212046849,1.2915645777,1.32608049012,1.32269707141,1.32572826416
lognormal,qcut,100000,100,62,1.32609382638,1.3596576042,0.0335637778194,1.34287571529,1000,0.01,0.29794023944,1.34202708475,1.34141593767,0.00957890620318,1.32611468567,1.35965065497,1.35568162224,1.35925966527
lognormal,qcut,100000,100,63,1.3596576042,1.39552124818,0.0358636439758,1.37758942619,1000,0.01,0.278833907864,1.37741683357,1.37727455545,0.0104778636401,1.35966894243,1.39548407486,1.39186907629,1.39528553212
lognormal,qcut,100000,100,64,1.39552124818,1.4319491783,0.0364279301254,1.41373521324,1000,0.01,0.274514636587,1.41373230147,1.41401861877,0.0103633517592,1.39558454329,1.4319402522,1.42769990982,1.43122867504
lognormal,qcut,100000,100,65,1.4319491783,1.47348446063,0.0415352823252,1.45271681947,1000,0.01,0.240759167633,1.45321956786,1.45361831959,0.0117024379674,1.43196504693,1.47346689348,1.46903404456,1.47306612992
lognormal,qcut,100000,100,66,1.47348446063,1.51184836836,0.0383639077291,1.49266641449,1000,0.01,0.260661663317,1.4925401591,1.49205258654,0.0109919576462,1.47351708533,1.51183498951,1.50819905814,1.51150843513
lognormal,qcut,100000,100,67,1.51184836836,1.55419370587,0.0423453375113,1.53302103711,1000,0.01,0.236153507983,1.5326913529,1.53241560542,0.011971206724,1.51187433907,1.55418966438,1.54905097798,1.5536200487
lognormal,qcut,100000,100,68,1.55419370587,1.59692624874,0.0427325428756,1.57555997731,1000,0.01,0.234013689031,1.5748925116,1.57422060646,0.0119724113657,1.55420191131,1.59691133118,1.5920675309,1.59621230118
lognormal,qcut,100000,100,69,1.59692624874,1.6430364009,0.0461101521531,1.61998132482,1000,0.01,0.216871980097,1.61969122883,1.61960236194,0.0134640743247,1.59695794857,1.64303444184,1.63826640606,1.64272375882
lognormal,qcut,100000,100,70,1.6430364009,1.68738953424,0.0443531333476,1.66521296757,1000,0.01,0.225463214101,1.66460392939,1.66410902029,0.0124672230016,1.64304076138,1.6873814852,1.68196002096,1.68692097218
lognormal,qcut,100000,100,71,1.68738953424,1.73822399264,0.050834458399,1.71280676344,1000,0.01,0.196716957649,1.71275210625,1.71206421949,0.0146288811174,1.68740831534,1.73819692296,1.73271615052,1.73757707748
lognormal,qcut,100000,100,72,1.73822399264,1.79037979781,0.0521558051621,1.76430189522,1000,0.01,0.191733211076,1.76422630687,1.76428343415,0.0149038267663,1.7382902667,1.79036851536,1.78515173856,1.78959880511
lognormal,qcut,100000,100,73,1.79037979781,1.84444590666,0.0540661088523,1.81741285223,1000,0.01,0.184958751652,1.81723209299,1.81755120234,0.0158401339407,1.79040880981,1.84441967966,1.83892945186,1.84364826858
lognormal,qcut,100000,100,74,1.84444590666,1.89777537024,0.0533294635827,1.87111063845,1000,0.01,0.187513605579,1.87186246314,1.87171235322,0.0155053857866,1.84451681669,1.89777026491,1.89272186243,1.89707898098
lognormal,qcut,100000,100,75,1.89777537024,1.95771898907,0.0599436188257,1.92774717965,1000,0.01,0.166823428347,1.92734414726,1.9269526288,0.0172579145011,1.89778990081,1.95770616702,1.95178111341,1.95736889649
lognormal,qcut,100000,100,76,1.95771898907,2.01968182701,0.0619628379442,1.98870040804,1000,0.01,0.161387056045,1.98717598375,1.98678767307,0.0178895735727,1.9577574552,2.01968025273,2.01207665718,2.01909406177
lognormal,qcut,100000,100,77,2.01968182701,2.08738888612,0.0677070591109,2.05353535657,1000,0.01,0.147695087208,2.0538637672,2.05398623329,0.0199176509702,2.01968681224,2.0873877874,2.08115257435,2.08712484255
lognormal,qcut,100000,100,78,2.08738888612,2.15944501098,0.0720561248574,2.12341694855,1000,0.01,0.138780707675,2.12331435734,2.12372965427,0.0212611252085,2.08739256446,2.15943988566,2.15305958479,2.15855068125
lognormal,qcut,100000,100,79,2.15944501098,2.23070920605,0.071264195069,2.19507710851,1000,0.01,0.140322920792,2.19458388114,2.19347081573,0.0205558255841,2.15946318258,2.23069324133,2.22369420449,2.22983660122
lognormal,qcut,100000,100,80,2.23070920605,2.31554237731,0.0848331712573,2.27312579168,1000,0.01,0.117878417744,2.27291664324,2.27258140262,0.0243527167084,2.2307692638,2.31553613068,2.30761627403,2.31486031344
lognormal,qcut,100000,100,81,2.31554237731,2.39964574731,0.0841033700051,2.35759406231,1000,0.01,0.118901299667,2.35667129578,2.35689841537,0.024394405947,2.31556736382,2.39964537593,2.3907181814,2.39918792987
lognormal,qcut,100000,100,82,2.39964574731,2.49632769314,0.0966819458253,2.44798672022,1000,0.01,0.103431927385,2.44817591837,2.44806114944,0.0280484590164,2.39964733057,2.49631955639,2.48769346461,2.49540099657
lognormal,qcut,100000,100,83,2.49632769314,2.60024316041,0.10391546727,2.54828542677,1000,0.01,0.0962320649921,2.54812423287,2.54785170145,0.0303388390703,2.49636476053,2.60018948046,2.59005011076,2.59931520485
lognormal,qcut,100000,100,84,2.60024316041,2.70608737048,0.105844210073,2.65316526544,1000,0.01,0.0944784792016,2.65222681036,2.6513948581,0.0310253174918,2.60050524485,2.70607438785,2.69614307331,2.70541689002
lognormal,qcut,100000,100,85,2.70608737048,2.82332145089,0.117234080409,2.76470441068,1000,0.01,0.0852994279918,2.76362054086,2.7617452234,0.0333922710796,2.7061555293,2.82331447187,2.81103033512,2.82254098608
lognormal,qcut,100000,100,86,2.82332145089,2.9502886811,0.126967230216,2.886805066,1000,0.01,0.078760480031,2.88482451035,2.8843394776,0.0368578894801,2.82336099867,2.95028123658,2.93659291539,2.94849670744
lognormal,qcut,100000,100,87,2.9502886811,3.08699099386,0.136702312753,3.01863983748,1000,0.01,0.073151651926,3.01866681369,3.01916617892,0.0405937752709,2.95033441177,3.086982728,3.07382339328,3.08562244199
lognormal,qcut,100000,100,88,3.08699099386,3.23910510328,0.152114109422,3.16304804857,1000,0.01,0.0657401212682,3.16289833669,3.16272480561,0.0438353044644,3.08704631154,3.23904160603,3.22230451663,3.23762402592
lognormal,qcut,100000,100,89,3.23910510328,3.41829467191,0.17918956863,3.32869988759,1000,0.01,0.0558068199865,3.32503846149,3.32192200289,0.0527497983503,3.2395707498,3.41828512507,3.39928468651,3.41664159231
lognormal,qcut,100000,100,90,3.41829467191,3.61025391007,0.191959238164,3.51427429099,1000,0.01,0.0520943930369,3.51342461989,3.51505903918,0.0571606603914,3.41837191449,3.61023075842,3.59239937533,3.60798227339
lognormal,qcut,100000,100,91,3.61025391007,3.82044076697,0.210186856895,3.71534733852,1000,0.01,0.0475767141091,3.71398776638,3.71456580736,0.0585967229448,3.61046227491,3.82040831368,3.795423429,3.81754022355
lognormal,qcut,100000,100,92,3.82044076697,4.06709645343,0.246655686462,3.9437686102,1000,0.01,0.0405423452564,3.93877628623,3.93927081557,0.0711366033372,3.82076890575,4.06709576458,4.03879014856,4.063304524
lognormal,qcut,100000,100,93,4.06709645343,4.3582507514,0.291154297969,4.21267360241,1000,0.01,0.0343460497398,4.21363603573,4.21215472248,0.0838246725353,4.06710437516,4.35818441414,4.3281240517,4.35419598863
lognormal,qcut,100000,100,94,4.3582507514,4.72769391569,0.369443164287,4.54297233354,1000,0.01,0.0270677629651,4.53842478485,4.53343768719,0.105824169457,4.35913208934,4.72764519355,4.68860369605,4.72533232687
lognormal,qcut,100000,100,95,4.72769391569,5.17359385795,0.445899942264,4.95064388682,1000,0.01,0.0224265559426,4.93999573861,4.93554800875,0.127473384876,4.72845722915,5.17359161617,5.12213131688,5.16832605748
lognormal,qcut,100000,100,96,5.17359385795,5.76996871803,0.596374860082,5.47178128799,1000,0.01,0.0167679771052,5.4601011966,5.45270530273,0.172460010033,5.17363645172,5.76991733958,5.70890645372,5.76560741679
lognormal,qcut,100000,100,97,5.76996871803,6.57276204112,0.802793323087,6.17136537958,1000,0.01,0.0124565061921,6.14680967493,6.13605019619,0.226403987721,5.77120180094,6.57275655193,6.48316410283,6.56475729747
lognormal,qcut,100000,100,98,6.57276204112,7.80167469205,1.22891265093,7.18721836659,1000,0.01,0.00813727484409,7.1389987579,7.10816940544,0.346594855497,6.57293952484,7.80166389794,7.63309116937,7.79242750312
lognormal,qcut,100000,100,99,7.80167469205,10.3050252647,2.50335057264,9.05334997837,1000,0.01,0.00399464625901,8.88369919953,8.8299549677,0.702864440491,7.80220360352,10.3049740839,9.89415519225,10.2489371326
lognormal,qcut,100000,100,100,10.3050252647,93.6390534181,83.3340281534,51.9720393414,1000,0.01,0.000119998999467,15.6377631291,13.2671363213,7.84318893021,10.3100921653,93.6390534181,22.3498682558,49.1099975716
lognormal,log_binning,100000,100,1,0.0175090627179,0.0190785269362,0.00156946421832,0.018293794827,2,2e-05,0.0127432022767,0.0176886604575,0.0176886604575,0.000253989559146,0.0175090627179,0.0178682581971,0.0178323386492,0.0178646662423
lognormal,log_binning,100000,100,2,0.0190785269362,0.0207886736098,0.00171014667358,0.019933600273,1,1e-05,0.00584745165691,0.01992819243,0.01992819243,,0.01992819243,0.01992819243,0.01992819243,0.01992819243
lognormal,log_binning,100000,100,3,0.0207886736098,0.0226521131269,0.00186343951715,0.0217203933683,3,3e-05,0.0160992614592,0.0219329029546,0.0221191930668,0.000620548033268,0.0212405485385,0.0224389672587,0.0223750124203,0.0224325717748
lognormal,log_binning,100000,100,4,0.0226521131269,0.0246825862365,0.00203047310954,0.0236673496817,2,2e-05,0.00984992113709,0.0237469445481,0.0237469445481,0.000576232544891,0.0233394866081,0.0241544024881,0.0240729109001,0.0241462533293
lognormal,log_binning,100000,100,5,0.0246825862365,0.0268950653701,0.00221247913368,0.0257888258033,4,4e-05,0.0180792665526,0.026314467354,0.0263998241197,0.000530399337806,0.0255933142008,0.0268649069758,0.0267422904794,0.0268526453262
lognormal,log_binning,100000,100,6,0.0268950653701,0.0293058650473,0.00241079967717,0.0281004652087,4,4e-05,0.0165920048766,0.0278827804734,0.027997928666,0.000254387905417,0.0275037051103,0.0280315594515,0.0280304403952,0.0280314475459
lognormal,log_binning,100000,100,7,0.0293058650473,0.0319327621759,0.00262689712863,0.0306193136116,6,6e-05,0.0228406355719,0.0308619442635,0.0309113105664,0.00058325029826,0.0301461308286,0.0316590255311,0.0314733246227,0.0316404554403
lognormal,log_binning,100000,100,8,0.0319327621759,0.0347951271371,0.0028623649612,0.0333639446565,11,0.00011,0.038429760527,0.0331893508712,0.0331692588152,0.000759619293999,0.0319674111043,0.0346052820696,0.0338614239071,0.0345308962533
lognormal,log_binning,100000,100,9,0.0347951271371,0.0379140666197,0.00311893948257,0.0363545968784,8,8e-05,0.0256497442311,0.0363023739264,0.0364983990395,0.000629890760073,0.0350512435584,0.0371214247481,0.0368057433926,0.0370898566126
lognormal,log_binning,100000,100,10,0.0379140666197,0.041312579258,0.00339851263824,0.0396133229388,23,0.00023,0.0676766646125,0.0396771214357,0.0396571659413,0.000814053451714,0.0379532760963,0.0410593206159,0.0407830458871,0.0410408662036
lognormal,log_binning,100000,100,11,0.041312579258,0.0450157252205,0.00370314596255,0.0431641522392,23,0.00023,0.0621093530544,0.0435036543462,0.0432160429259,0.00113639611302,0.0414048578939,0.0449520452029,0.0448689909991,0.0449399558233
lognormal,log_binning,100000,100,12,0.0450157252205,0.0490508110006,0.00403508578007,0.0470332681105,36,0.00036,0.0892174341816,0.0471405257216,0.047048732135,0.00109441369471,0.0450858442094,0.0490503979948,0.0485100794182,0.0490493287254
lognormal,log_binning,100000,100,13,0.0490508110006,0.0534475907703,0.00439677976973,0.0512492008854,48,0.00048,0.109170807987,0.0507937061505,0.0506602938059,0.00116494041582,0.049051298627,0.0530610614662,0.0524989289868,0.0530127856074
lognormal,log_binning,100000,100,14,0.0534475907703,0.058238485784,0.00479089501368,0.0558430382771,61,0.00061,0.1273248523,0.0559826707814,0.0559846498026,0.00128409533884,0.0536576527124,0.05799020646,0.0576413925032,0.05797258209
lognormal,log_binning,100000,100,15,0.058238485784,0.0634588234479,0.00522033766397,0.060848654616,58,0.00058,0.111103924178,0.0611721086383,0.0613538567937,0.00150891417837,0.0582406098991,0.063349700724,0.0629009431755,0.0632899343375
lognormal,log_binning,100000,100,16,0.0634588234479,0.0691470978201,0.00568827437213,0.066302960634,76,0.00076,0.133608182426,0.0661923256473,0.0662081138063,0.00164726873247,0.0634670138485,0.0690174410298,0.0683462114808,0.0689869010845
lognormal,log_binning,100000,100,17,0.0691470978201,0.0753452534597,0.00619815563961,0.0722461756399,91,0.00091,0.146817868558,0.0724313329703,0.0725997104615,0.00188906702078,0.0692338436369,0.0752859623487,0.0748315282763,0.0752742254966
lognormal,log_binning,100000,100,18,0.0753452534597,0.082098994721,0.00675374126133,0.0787221240903,114,0.00114,0.16879533223,0.078719675387,0.07871921651,0.00196231137681,0.075437301328,0.0820380200905,0.0812997351385,0.0820282900619
lognormal,log_binning,100000,100,19,0.082098994721,0.0894581227709,0.00735912804989,0.085778558746,175,0.00175,0.237799911638,0.0860015869688,0.0859712093719,0.00203049602657,0.0821908028161,0.0893839891247,0.0887792917075,0.0893769871305
lognormal,log_binning,100000,100,20,0.0894581227709,0.0974769028158,0.00801878004488,0.0934675127933,221,0.00221,0.275603020363,0.0936390268251,0.0935494308657,0.00233911894804,0.0894688245769,0.0974628189303,0.0967704014956,0.0973853371104
lognormal,log_binning,100000,100,21,0.0974769028158,0.106214464246,0.00873756143015,0.101845683531,235,0.00235,0.268953760015,0.101660393343,0.101821771719,0.00250887610332,0.0974973141963,0.106183755343,0.105170207091,0.106151811804
lognormal,log_binning,100000,100,22,0.106214464246,0.115735236648,0.00952077240157,0.110974850447,300,0.003,0.315100484863,0.111103275619,0.11123243153,0.00274077549861,0.106245495189,0.115670334271,0.114760529807,0.115615079801
lognormal,log_binning,100000,100,23,0.115735236648,0.126109424898,0.01037418825,0.120922330773,382,0.00382,0.368221581095,0.121035276795,0.121173925823,0.00299777113825,0.115745191447,0.126105948126,0.12512800283,0.125974241861
lognormal,log_binning,100000,100,24,0.126109424898,0.137413526845,0.0113041019476,0.131761475871,418,0.00418,0.369777273718,0.131932626476,0.132213723526,0.0032048512907,0.126112759372,0.137411938703,0.135947291796,0.137143101945
lognormal,log_binning,100000,100,25,0.137413526845,0.149730897396,0.012317370551,0.143572212121,514,0.00514,0.417296855586,0.14391417735,0.144144662229,0.0037136825461,0.137423656634,0.149719402805,0.14873010353,0.149575218755
lognormal,log_binning,100000,100,26,0.149730897396,0.163152363161,0.0134214657647,0.156441630278,628,0.00628,0.467907165291,0.156435597172,0.156293243046,0.00373743281766,0.14973403761,0.163137037741,0.161630413734,0.162987991488
lognormal,log_binning,100000,100,27,0.163152363161,0.177776892197,0.0146245290362,0.170464627679,729,0.00729,0.498477590762,0.170628662487,0.170879109752,0.00421759075061,0.163187330475,0.177744175478,0.176188071635,0.177657640067
lognormal,log_binning,100000,100,28,0.177776892197,0.193712323787,0.0159354315901,0.185744607992,776,0.00776,0.486965160382,0.185620605874,0.185481657313,0.00451282576407,0.177844770783,0.193699449719,0.192026174484,0.193556064751
lognormal,log_binning,100000,100,29,0.193712323787,0.21107616363,0.0173638398428,0.202394243708,981,0.00981,0.564967201311,0.202474283896,0.20257935915,0.00505108208281,0.193721678754,0.211062515146,0.209336278524,0.210889509198
lognormal,log_binning,100000,100,30,0.21107616363,0.229996450312,0.0189202866821,0.220536306971,1102,0.01102,0.582443605912,0.220688767576,0.220784275674,0.00559277342564,0.211102976404,0.229969659307,0.228171793806,0.229764858631
lognormal,log_binning,100000,100,31,0.229996450312,0.250612699446,0.0206162491346,0.240304574879,1238,0.01238,0.60049720583,0.240265251921,0.240326116082,0.00607393004447,0.23001943355,0.250585569377,0.248529525152,0.250412755988
lognormal,log_binning,100000,100,32,0.250612699446,0.273076932442,0.0224642329961,0.261844815944,1375,0.01375,0.612084107319,0.261725159445,0.261531141996,0.00662951574772,0.250615851631,0.273071239752,0.270961604645,0.272920962499
lognormal,log_binning,100000,100,33,0.273076932442,0.29755479749,0.0244778650475,0.285315864966,1560,0.0156,0.637310483154,0.285539748987,0.285724733619,0.00699106932258,0.273078467416,0.297542941467,0.295127022978,0.297312803996
lognormal,log_binning,100000,100,34,0.29755479749,0.324226791027,0.0266719935369,0.310890794258,1746,0.01746,0.65461923481,0.310950676128,0.310807399034,0.00770014271596,0.297572369217,0.324219729812,0.321640610253,0.323998030311
lognormal,log_binning,100000,100,35,0.324226791027,0.353289588696,0.0290627976686,0.338758189861,1898,0.01898,0.653068579853,0.338828606049,0.338862473885,0.0084386473537,0.324254932614,0.353289406253,0.350439734724,0.353029817374
lognormal,log_binning,100000,100,36,0.353289588696,0.384957495602,0.031667906906,0.369123542149,2107,0.02107,0.665342362617,0.36927382178,0.36935532057,0.0091319698847,0.353310390162,0.384884295287,0.381774685982,0.384542750075
lognormal,log_binning,100000,100,37,0.384957495602,0.419464026571,0.0345065309694,0.402210761086,2160,0.0216,0.625968458526,0.402010571582,0.401968419966,0.00990229533507,0.384961697947,0.419462142407,0.415985211845,0.419102268685
lognormal,log_binning,100000,100,38,0.419464026571,0.457063628056,0.0375996014854,0.438263827314,2479,0.02479,0.659315498587,0.438306257046,0.438606180402,0.0107990375912,0.419469027693,0.457057280253,0.453294249129,0.456573708723
lognormal,log_binning,100000,100,39,0.457063628056,0.49803355439,0.040969926334,0.477548591223,2580,0.0258,0.629730202336,0.477422905136,0.477379381844,0.011770979052,0.457118427035,0.498022472659,0.494007402971,0.49759762898
lognormal,log_binning,100000,100,40,0.49803355439,0.542675912221,0.044642357831,0.520354733306,2819,0.02819,0.631463062653,0.520231588094,0.520316730283,0.0127051631184,0.498059522284,0.542675562626,0.53773274046,0.542142946536
lognormal,log_binning,100000,100,41,0.542675912221,0.591319888207,0.0486439759853,0.566997900214,2929,0.02929,0.602130056327,0.566775057401,0.566911914117,0.0140022035676,0.54270282066,0.591310058449,0.586097626507,0.590803422428
lognormal,log_binning,100000,100,42,0.591319888207,0.64432417639,0.0530042881834,0.617822032298,3041,0.03041,0.573727165145,0.617996889553,0.617740447564,0.0152046610922,0.591353891616,0.644319623759,0.639076607649,0.643864917267
lognormal,log_binning,100000,100,43,0.64432417639,0.702079623163,0.0577554467726,0.673201899776,3174,0.03174,0.549558557221,0.6730638899,0.673168411996,0.0165026344644,0.644352011421,0.702059500419,0.69603270441,0.701500506322
lognormal,log_binning,100000,100,44,0.702079623163,0.765012109311,0.0629324861483,0.733545866237,3279,0.03279,0.521034556345,0.733117309768,0.732779175679,0.0181813350197,0.702093340716,0.765001735051,0.758542903507,0.764138489497
lognormal,log_binning,100000,100,45,0.765012109311,0.833585690404,0.0685735810928,0.799298899857,3344,0.03344,0.487651358834,0.798473963229,0.798350895985,0.0200477816861,0.765057997822,0.833564448895,0.826355802064,0.832871845996
lognormal,log_binning,100000,100,46,0.833585690404,0.908306018674,0.0747203282706,0.870945854539,3393,0.03393,0.454093294092,0.871098773711,0.870883533934,0.0219078153078,0.833608611585,0.908297721395,0.901285874517,0.907714076728
lognormal,log_binning,100000,100,47,0.908306018674,0.989724071631,0.081418052957,0.949015045153,3315,0.03315,0.407157857454,0.947680509446,0.946910118569,0.0235357648761,0.908313018138,0.98960891085,0.980804754135,0.988681541734
lognormal,log_binning,100000,100,48,0.989724071631,1.07844021489,0.0887161432603,1.03408214326,3493,0.03493,0.393727665748,1.03286578476,1.03239246991,0.0256271863873,0.989742244978,1.07840745187,1.068513825,1.07741873557
lognormal,log_binning,100000,100,49,1.07844021489,1.17510862919,0.0966684143028,1.12677442204,3356,0.03356,0.347166137378,1.12610307623,1.12616849619,0.028310833291,1.07845271131,1.17510203069,1.16483641803,1.17424075909
lognormal,log_binning,100000,100,50,1.17510862919,1.28044213424,0.105333505047,1.22777538172,3358,0.03358,0.318796948655,1.22667299492,1.22590092351,0.0302373210706,1.17515939026,1.2803045355,1.26972262358,1.27873926217
lognormal,log_binning,100000,100,51,1.28044213424,1.39521744493,0.114775310689,1.33782978959,3313,0.03313,0.288650928507,1.33698917699,1.33624315356,0.0328448307698,1.2804425157,1.39519541599,1.38349309308,1.39365478327
lognormal,log_binning,100000,100,52,1.39521744493,1.52028089875,0.125063453817,1.45774917184,3197,0.03197,0.255630234288,1.45662527425,1.45695364761,0.0362760926406,1.39528543779,1.52027306052,1.50672131684,1.51881798554
lognormal,log_binning,100000,100,53,1.52028089875,1.65655469654,0.136273797794,1.58841779764,3138,0.03138,0.230271706726,1.58698091506,1.58508124166,0.0398985483956,1.52030364962,1.65655346169,1.64374973814,1.65530913893
lognormal,log_binning,100000,100,54,1.65655469654,1.80504370271,0.148489006168,1.73079919962,2957,0.02957,0.199139321915,1.7287752568,1.72822148538,0.0433097563986,1.65678568152,1.80501971531,1.78932463932,1.80330131817
lognormal,log_binning,100000,100,55,1.80504370271,1.96684285493,0.161799152219,1.88594327882,2896,0.02896,0.178987340804,1.88491584431,1.88438843442,0.046449309416,1.80508494264,1.9667729585,1.95091613145,1.96506535123
lognormal,log_binning,100000,100,56,1.96684285493,2.14314523808,0.176302383149,2.0549940465,2597,0.02597,0.147303737682,2.05264853388,2.05253714947,0.0511237782018,1.96687218486,2.1431297086,2.12447804125,2.14128386478
lognormal,log_binning,100000,100,57,2.14314523808,2.33525088188,0.192105643804,2.23919805998,2476,0.02476,0.12888741585,2.2355247306,2.23158086112,0.0558303586338,2.14316444836,2.33522525437,2.31572293801,2.33363184351
lognormal,log_binning,100000,100,58,2.33525088188,2.54457634715,0.209325465272,2.43991361451,2210,0.0221,0.105577216662,2.43553075228,2.43416456878,0.0604450960407,2.3353056341,2.54451304354,2.52057164281,2.54234387307
lognormal,log_binning,100000,100,59,2.54457634715,2.77266517132,0.228088824169,2.65862075924,2127,0.02127,0.0932531441532,2.65606711185,2.6538912633,0.0658052981595,2.54486899765,2.77256973699,2.74845047718,2.7703240301
lognormal,log_binning,100000,100,60,2.77266517132,3.02119925026,0.248534078944,2.89693221079,1928,0.01928,0.0775748745682,2.89270521646,2.88942414477,0.0711564933444,2.77278666205,3.02116978683,2.99186054431,3.01806178206
lognormal,log_binning,100000,100,61,3.02119925026,3.29201124038,0.270811990116,3.15660524532,1818,0.01818,0.0671314441883,3.15286607945,3.15156418996,0.0780009265548,3.0212472117,3.29177632396,3.26102211108,3.28868374338
lognormal,log_binning,100000,100,62,3.29201124038,3.58709807234,0.295086831964,3.43955465636,1541,0.01541,0.0522219168421,3.43787549855,3.43661403631,0.0850962587231,3.29214254512,3.5868469582,3.55834943617,3.58354255692
lognormal,log_binning,100000,100,63,3.58709807234,3.9086356762,0.32153760386,3.74786687427,1509,0.01509,0.0469307471937,3.74212044697,3.73942141437,0.0913842265738,3.58712314797,3.90838643509,3.87009767166,3.9042945847
lognormal,log_binning,100000,100,64,3.9086356762,4.25899502639,0.350359350188,4.0838153513,1266,0.01266,0.0361343289203,4.07676198364,4.07013505169,0.101746573993,3.90874378121,4.25848909047,4.22347727612,4.25467311844
lognormal,log_binning,100000,100,65,4.25899502639,4.64075962497,0.381764598575,4.44987732568,1136,0.01136,0.0297565569003,4.43906289423,4.43459698062,0.111755562434,4.25926208188,4.64005697648,4.59740937765,4.63610782371
lognormal,log_binning,100000,100,66,4.64075962497,5.056744552,0.415984927038,4.84875208849,978,0.00978,0.0235104672413,4.84240016667,4.83789447462,0.117991854566,4.64083659719,5.05607951385,5.00794047932,5.04785961385
lognormal,log_binning,100000,100,67,5.056744552,5.51001722362,0.453272671611,5.28338088781,822,0.00822,0.0181347796036,5.27049631123,5.26756350987,0.129857476845,5.0574222644,5.50994655435,5.45403976303,5.50355677092
lognormal,log_binning,100000,100,68,5.51001722362,6.00392001065,0.493902787038,5.75696861713,735,0.00735,0.0148814709957,5.74687635615,5.73504291555,0.143738494897,5.51026383946,6.00356718272,5.95405038704,5.99543495002
lognormal,log_binning,100000,100,69,6.00392001065,6.5420948849,0.538174874246,6.27300744778,649,0.00649,0.0120592772175,6.25409772355,6.24250827462,0.15613853273,6.00516030564,6.5418677925,6.48654900764,6.5353601331
lognormal,log_binning,100000,100,70,6.5420948849,7.12851027447,0.586415389569,6.83530257968,541,0.00541,0.00922554233098,6.83162408727,6.83365310342,0.172228347987,6.5452952179,7.1280865706,7.06752002221,7.11057741953
lognormal,log_binning,100000,100,71,7.12851027447,7.76749032645,0.638980051985,7.44800030046,465,0.00465,0.00727722248222,7.42312451412,7.41969622377,0.181292877643,7.12907465427,7.75892744612,7.67477740165,7.75333354819
lognormal,log_binning,100000,100,72,7.76749032645,8.4637467926,0.696256466147,8.11561855953,368,0.00368,0.00528540872355,8.08581464381,8.06948242429,0.202597451028,7.76887767788,8.45933903052,8.37272772793,8.4467730954
lognormal,log_binning,100000,100,73,8.4637467926,9.22241377312,0.758666980518,8.84308028286,318,0.00318,0.00419156241363,8.84780512955,8.83601868743,0.209695413407,8.46578751563,9.22123984135,9.14365296181,9.2105751788
lognormal,log_binning,100000,100,74,9.22241377312,10.0490855748,0.82667180172,9.63574967398,276,0.00276,0.00333868893829,9.59625572261,9.57827008348,0.236793954535,9.22500591093,10.0462704881,9.94674895007,10.0251968471
lognormal,log_binning,100000,100,75,10.0490855748,10.9498579629,0.900772388028,10.4994717689,214,0.00214,0.00237573889746,10.4995849022,10.505429138,0.267931900506,10.0589696819,10.9482693158,10.8652998163,10.9364869809
lognormal,log_binning,100000,100,76,10.9498579629,11.9313731099,0.981515147057,11.4406155364,167,0.00167,0.00170145107287,11.399284158,11.3439298958,0.287428604751,10.9677413077,11.9224877552,11.8430984097,11.9162010134
lognormal,log_binning,100000,100,77,11.9313731099,13.0008685748,1.0694954649,12.4661208424,142,0.00142,0.00132772886525,12.4829043149,12.4773779681,0.303022533503,11.9342859091,12.9835386646,12.9015048678,12.9771972621
lognormal,log_binning,100000,100,78,13.0008685748,14.1662306712,1.16536209642,13.583549623,131,0.00131,0.00112411413073,13.5266716757,13.4687577528,0.345495670748,13.0025234302,14.127224529,14.0361173535,14.1157192145
lognormal,log_binning,100000,100,79,14.1662306712,15.4360526203,1.26982194908,14.8011416458,93,0.00093,0.000732386143329,14.7681212982,14.7785105538,0.35151028155,14.2101688255,15.4073895457,15.2973174566,15.3877385492
lognormal,log_binning,100000,100,80,15.4360526203,16.8196979159,1.38364529558,16.1278752681,68,0.00068,0.000491455434547,16.1254937309,16.1392137852,0.420205241307,15.4555687285,16.7799152125,16.6944000738,16.7700289995
lognormal,log_binning,100000,100,81,16.8196979159,18.3273693697,1.50767145376,17.5735336428,63,0.00063,0.000417862922606,17.4987859148,17.4314266228,0.41381346597,16.8337248167,18.3105461086,18.0602322804,18.2896812706
lognormal,log_binning,100000,100,82,18.3273693697,19.9701843453,1.6428149756,19.1487768575,48,0.00048,0.000292181412472,18.9226817089,18.7861734002,0.436144373079,18.3543983662,19.9276420676,19.6638436706,19.8573377878
lognormal,log_binning,100000,100,83,19.9701843453,21.7602567362,1.79007239097,20.8652205407,32,0.00032,0.000178763720179,20.8519124405,20.8722373627,0.512115366299,20.0360653272,21.7163699299,21.5625597994,21.7106492775
lognormal,log_binning,100000,100,84,21.7602567362,23.7107862922,1.95052955599,22.7355215142,26,0.00026,0.000133297134207,22.7194545327,22.6960837421,0.453444620643,22.0330909326,23.5997978002,23.3479687887,23.5812237894
lognormal,log_binning,100000,100,85,23.7107862922,25.8361559521,2.1253696599,24.7734711222,23,0.00023,0.000108216469041,24.849346678,24.9835603988,0.5301759088,23.8140273044,25.7462019538,25.5406568655,25.7164434076
lognormal,log_binning,100000,100,86,25.8361559521,28.1520379019,2.31588194977,26.994096927,8,8e-05,3.45440751019e-05,26.8812087533,26.9343003418,0.660564872895,26.0430057195,27.7350953751,27.5748278434,27.719068622
lognormal,log_binning,100000,100,87,28.1520379019,30.6755091391,2.52347123725,29.4137735205,11,0.00011,4.35907484803e-05,29.4937462498,29.5609500483,0.694829569688,28.3790634945,30.4623345762,30.3139231812,30.4474934367
lognormal,log_binning,100000,100,88,30.6755091391,33.4251773966,2.74966825742,32.0503432678,5,5e-05,1.81840117858e-05,32.4220667298,32.508557222,0.913480236774,30.9447177665,33.2543824665,33.1878281025,33.2477270301
lognormal,log_binning,100000,100,89,33.4251773966,36.4213183528,2.99614095626,34.9232478747,5,5e-05,1.66881334122e-05,34.6782462391,34.2148922834,0.972920111158,34.00218972,36.2965518088,35.7280270077,36.2396993287
lognormal,log_binning,100000,100,90,36.4213183528,39.6860251427,3.26470678983,38.0536717477,4,4e-05,1.22522488465e-05,38.2293457605,38.097258256,0.876463268878,37.4530627207,39.2698038095,39.0802207452,39.2508455031
lognormal,log_binning,100000,100,91,39.6860251427,43.2433712686,3.55734612596,41.4646982056,7,7e-05,1.96775904063e-05,41.08857845,40.6109189889,0.950046156211,39.858961958,42.2046952407,42.1929529508,42.2035210117
lognormal,log_binning,100000,100,92,43.2433712686,47.1195881158,3.87621684719,45.1814796922,2,2e-05,5.15967005678e-06,44.8521510972,44.8521510972,1.37976886465,43.8765071766,45.8277950179,45.6326662337,45.8082821395
lognormal,log_binning,100000,100,93,47.1195881158,51.3432583785,4.22367026272,49.2314232472,4,4e-05,9.4704362585e-06,48.8152414949,48.7650447707,0.188057780652,48.651869892,49.0790065462,48.9995080327,49.0710566949
lognormal,log_binning,100000,100,94,51.3432583785,55.9455268252,4.60226844665,53.6443926018,2,2e-05,4.34568305431e-06,52.4455825597,52.4455825597,0.378264613195,52.1781090866,52.7130560328,52.6595613382,52.7077065633
lognormal,log_binning,100000,100,95,55.9455268252,60.9603299555,5.01480313034,58.4529283903,3,3e-05,5.98228868018e-06,58.0293183742,58.5135381043,1.88468041267,55.9497731504,59.6246438679,59.4024227152,59.6024217526
lognormal,log_binning,100000,100,96,60.9603299555,66.4246462438,5.46431628829,63.6924880997,1,1e-05,1.83005511988e-06,65.9876737232,65.9876737232,,65.9876737232,65.9876737232,65.9876737232,65.9876737232
lognormal,log_binning,100000,100,97,66.4246462438,72.378768813,5.9541225692,69.4017075284,1,1e-05,1.67950858985e-06,69.3970945252,69.3970945252,,69.3970945252,69.3970945252,69.3970945252,69.3970945252
lognormal,log_binning,100000,100,98,72.378768813,78.8666025508,6.48783373777,75.6226856819,1,1e-05,1.54134652708e-06,76.4155158879,76.4155158879,,76.4155158879,76.4155158879,76.4155158879,76.4155158879
lognormal,log_binning,100000,100,99,78.8666025508,85.9359878581,7.06938530737,82.4012952045,,0,0,,,,,,,
lognormal,log_binning,100000,100,100,85.9359878581,93.6390534181,7.70306555995,89.7875206381,2,2e-05,2.59636891889e-06,90.8932523571,90.8932523571,3.88314910003,88.1474512961,93.6390534181,93.0898932059,93.5841373969
pareto,cut,100000,25,1,-12.0850758921,524.403062241,536.488138133,256.158993174,99990,0.9999,0.00186378771296,2.83843937006,1.5885908475,7.0328759991,1.00000064772,493.067113231,4.63697730546,21.1166133392
pareto,cut,100000,25,2,524.403062241,1047.80612383,523.403061593,786.104593038,8,8e-05,1.5284587705e-07,650.758427819,652.203801351,69.9436658418,550.65973856,773.077312713,717.560295029,767.525610945
pareto,cut,100000,25,3,1047.80612383,1571.20918543,523.403061593,1309.50765463,1,1e-05,1.91057346313e-08,1402.89924774,1402.89924774,,1402.89924774,1402.89924774,1402.89924774,1402.89924774
pareto,cut,100000,25,4,1571.20918543,2094.61224702,523.403061593,1832.91071622,,0,0,,,,,,,
pareto,cut,100000,25,5,2094.61224702,2618.01530861,523.403061593,2356.31377782,,0,0,,,,,,,
pareto,cut,100000,25,6,2618.01530861,3141.41837021,523.403061593,2879.71683941,,0,0,,,,,,,
pareto,cut,100000,25,7,3141.41837021,3664.8214318,523.403061593,3403.119901,,0,0,,,,,,,
pareto,cut,100000,25,8,3664.8214318,4188.22449339,523.403061593,3926.5229626,,0,0,,,,,,,
pareto,cut,100000,25,9,4188.22449339,4711.62755499,523.403061593,4449.92602419,,0,0,,,,,,,
pareto,cut,100000,25,10,4711.62755499,5235.03061658,523.403061593,4973.32908578,,0,0,,,,,,,
pareto,cut,100000,25,11,5235.03061658,5758.43367817,523.403061593,5496.73214738,,0,0,,,,,,,
pareto,cut,100000,25,12,5758.43367817,6281.83673977,523.403061593,6020.13520897,,0,0,,,,,,,
pareto,cut,100000,25,13,6281.83673977,6805.23980136,523.403061593,6543.53827056,,0,0,,,,,,,
pareto,cut,100000,25,14,6805.23980136,7328.64286295,523.403061593,7066.94133216,,0,0,,,,,,,
pareto,cut,100000,25,15,7328.64286295,7852.04592455,523.403061593,7590.34439375,,0,0,,,,,,,
pareto,cut,100000,25,16,7852.04592455,8375.44898614,523.403061593,8113.74745534,,0,0,,,,,,,
pareto,cut,100000,25,17,8375.44898614,8898.85204773,523.403061593,8637.15051694,,0,0,,,,,,,
pareto,cut,100000,25,18,8898.85204773,9422.25510933,523.403061593,9160.55357853,,0,0,,,,,,,
pareto,cut,100000,25,19,9422.25510933,9945.65817092,523.403061593,9683.95664012,,0,0,,,,,,,
pareto,cut,100000,25,20,9945.65817092,10469.0612325,523.403061593,10207.3597017,,0,0,,,,,,,
pareto,cut,100000,25,21,10469.0612325,10992.4642941,523.403061593,10730.7627633,,0,0,,,,,,,
pareto,cut,100000,25,22,10992.4642941,11515.8673557,523.403061593,11254.1658249,,0,0,,,,,,,
pareto,cut,100000,25,23,11515.8673557,12039.2704173,523.403061593,11777.5688865,,0,0,,,,,,,
pareto,cut,100000,25,24,12039.2704173,12562.6734789,523.403061593,12300.9719481,,0,0,,,,,,,
pareto,cut,100000,25,25,12562.6734789,13086.0765405,523.403061593,12824.3750097,1,1e-05,1.91057346313e-08,13086.0765405,13086.0765405,,13086.0765405,13086.0765405,13086.0765405,13086.0765405
pareto,qcut,100000,25,1,1.00000064772,1.02836753239,0.0283668846719,1.01418409006,4000,0.04,1.41009492099,1.01406939029,1.01408561244,0.00813752700499,1.00000064772,1.02836472674,1.02532014057,1.02807903515
pareto,qcut,100000,25,2,1.02836753239,1.05746840941,0.0291008770154,1.0429179709,4000,0.04,1.3745290212,1.04268623321,1.042475377,0.00843839116307,1.0283676493,1.05746603047,1.0545224535,1.05713804515
pareto,qcut,100000,25,3,1.05746840941,1.0890966358,0.0316282263923,1.07328252261,4000,0.04,1.26469311001,1.07299030909,1.07293916465,0.00926675627655,1.05746861627,1.08909138724,1.08595609821,1.08874137706
pareto,qcut,100000,25,4,1.0890966358,1.122614247,0.0335176111945,1.1058554414,4000,0.04,1.19340247036,1.10579578796,1.10582507279,0.00958210815333,1.08909735151,1.12261277759,1.11909526325,1.12220832546
pareto,qcut,100000,25,5,1.122614247,1.15923157118,0.0366173241821,1.14092290909,4000,0.04,1.09237910998,1.14068333827,1.14047406365,0.0106124211249,1.12261452688,1.15923149181,1.1555051702,1.15884847169
pareto,qcut,100000,25,6,1.15923157118,1.20015901839,0.040927447213,1.17969529478,4000,0.04,0.97733923623,1.17921166293,1.17892726796,0.0116665414535,1.15923159102,1.20014636416,1.19552115746,1.19976263855
pareto,qcut,100000,25,7,1.20015901839,1.24430908846,0.0441500700683,1.22223405343,4000,0.04,0.906000827136,1.22192072094,1.22218009218,0.0125893623304,1.20016301446,1.24430679967,1.23939028711,1.24389516244
pareto,qcut,100000,25,8,1.24430908846,1.29238238634,0.0480732978807,1.2683457374,4000,0.04,0.832062740927,1.26784879904,1.26727872229,0.014008507845,1.24430997854,1.29237480021,1.28757363335,1.29191024821
pareto,qcut,100000,25,9,1.29238238634,1.34596328636,0.0535809000229,1.31917283635,4000,0.04,0.746534679016,1.31855772826,1.31844716735,0.0153999131393,1.29238595629,1.34596086272,1.33984134782,1.34532825912
pareto,qcut,100000,25,10,1.34596328636,1.40529874468,0.0593354583127,1.37563101552,4000,0.04,0.674133159791,1.37474383408,1.37354529896,0.0171187504231,1.34596464966,1.40529822067,1.39943673975,1.40480859668
pareto,qcut,100000,25,11,1.40529874468,1.47182320067,0.0665244559942,1.43856097267,4000,0.04,0.601282632112,1.43811502894,1.4377243212,0.0192883806611,1.40529909401,1.47182179576,1.46495818413,1.4712473946
pareto,qcut,100000,25,12,1.47182320067,1.54745376463,0.0756305639614,1.50963848265,4000,0.04,0.52888670803,1.50914928944,1.50890885782,0.0220232648953,1.47182430453,1.54745355397,1.54008820232,1.54661237313
pareto,qcut,100000,25,13,1.54745376463,1.63364455914,0.0861907945035,1.59054916188,4000,0.04,0.464086683855,1.58959943756,1.58870332047,0.0250367685834,1.54745395909,1.6336086305,1.62451428446,1.63278501629
pareto,qcut,100000,25,14,1.63364455914,1.73060168286,0.096957123726,1.682123121,4000,0.04,0.412553492336,1.68044385974,1.67977191902,0.0281097406699,1.63368348182,1.73059501423,1.72021704453,1.72959256579
pareto,qcut,100000,25,15,1.73060168286,1.84978227554,0.119180592679,1.7901919792,4000,0.04,0.335625113964,1.78755517648,1.78594453398,0.0340059874143,1.73061017021,1.84977229413,1.83588681779,1.84832301603
pareto,qcut,100000,25,16,1.84978227554,1.98459074493,0.13480846939,1.91718651023,4000,0.04,0.296717262505,1.91511190236,1.9140673163,0.0387779180066,1.84979724765,1.98455358297,1.96993491219,1.98267939552
pareto,qcut,100000,25,17,1.98459074493,2.14773719825,0.163146453317,2.06616397159,4000,0.04,0.245178483422,2.06256299041,2.06047862534,0.0471084009001,1.98465681063,2.14772950786,2.12920921003,2.14584576543
pareto,qcut,100000,25,18,2.14773719825,2.34783185178,0.200094653532,2.24778452501,4000,0.04,0.199905391243,2.24501423259,2.24331787005,0.0581684560397,2.14775354032,2.34782529885,2.32726070193,2.34605237079
pareto,qcut,100000,25,19,2.34783185178,2.59925333232,0.251421480541,2.47354259205,4000,0.04,0.159095395962,2.46749955561,2.46431178394,0.0721192990999,2.34784870217,2.59924876994,2.57003939052,2.59604537504
pareto,qcut,100000,25,20,2.59925333232,2.93936310305,0.340109770726,2.76930821768,4000,0.04,0.117609088132,2.76322247723,2.76006132182,0.097764787233,2.59926777986,2.93936252709,2.90118502301,2.93646076157
pareto,qcut,100000,25,21,2.93936310305,3.40340411161,0.464041008562,3.17138360733,4000,0.04,0.0861992782146,3.15796975342,3.1517987136,0.133841063518,2.93936540686,3.40338571326,3.35162934743,3.39636431387
pareto,qcut,100000,25,22,3.40340411161,4.12423952779,0.720835416186,3.7638218197,4000,0.04,0.0554911691377,3.74095387211,3.73055876052,0.207813756762,3.40350070292,4.12414460609,4.04179884775,4.11353786603
pareto,qcut,100000,25,23,4.12423952779,5.37460119866,1.25036167087,4.74942036323,4000,0.04,0.0319907439039,4.6820349226,4.63912886085,0.362984163348,4.12493562026,5.37446316108,5.21368740036,5.35920350748
pareto,qcut,100000,25,24,5.37460119866,8.48173642225,3.10713522359,6.92816881046,4000,0.04,0.0128735948459,6.62672833972,6.47988099913,0.872868779136,5.37618863084,8.4817004595,7.96506413943,8.41868119421
pareto,qcut,100000,25,25,8.48173642225,13086.0765405,13077.5948041,6547.27913845,4000,0.04,3.05866641376e-06,26.4731803134,13.5407676807,211.572212803,8.48259952835,13086.0765405,38.2765493712,175.166729265
pareto,log_binning,100000,25,1,1.00000064772,1.46107546614,0.461074818416,1.23053805693,43361,0.43361,0.940433054856,1.19391693263,1.17568508243,0.130541314267,1.00000064772,1.46105777242,1.38992850646,1.45362474184
pareto,log_binning,100000,25,2,1.46107546614,2.13474013503,0.673664668894,1.79790780059,24355,0.24355,0.361530018191,1.74529377552,1.71847524913,0.191622076344,1.46107681207,2.13458010817,2.03171981222,2.12314654821
pareto,log_binning,100000,25,3,2.13474013503,3.11901441762,0.984274282589,2.62687727633,13998,0.13998,0.142216455795,2.55033011862,2.5107604581,0.279830894716,2.13475734079,3.11899504309,2.96766163387,3.10403668473
pareto,log_binning,100000,25,4,3.11901441762,4.55711249238,1.43809807475,3.838063455,7990,0.0799,0.0555594930573,3.72799795559,3.67594453409,0.410244297341,3.11908860504,4.5569356739,4.34104700371,4.53961209709
pareto,log_binning,100000,25,5,4.55711249238,6.65828094633,2.10116845395,5.60769671935,4538,0.04538,0.0215975068133,5.44543757513,5.36471125522,0.595042901599,4.55713734494,6.65795114089,6.34062913716,6.61722294883
pareto,log_binning,100000,25,6,6.65828094633,9.72824463613,3.06996368981,8.19326279123,2512,0.02512,0.00818250720144,7.95670085475,7.85029532521,0.877060595556,6.65945718172,9.72821242146,9.29030684302,9.70206719489
pareto,log_binning,100000,25,7,9.72824463613,14.2136903599,4.48544572379,11.970967498,1396,0.01396,0.00311228824506,11.6533747111,11.4871660482,1.27907812354,9.73309979465,14.2071966045,13.5723513213,14.1455529164
pareto,log_binning,100000,25,8,14.2136903599,20.7672608167,6.55357045683,17.4904755883,812,0.00812,0.00123901925729,16.9862833463,16.7527579534,1.83539677483,14.2151705975,20.7608745731,19.7005428675,20.6664120132
pareto,log_binning,100000,25,9,20.7672608167,30.3425156247,9.57525480798,25.5548882207,448,0.00448,0.00046787266656,24.9466255866,24.6540669247,2.79328235192,20.8097895126,30.3293380347,29.0961178511,30.1330516845
pareto,log_binning,100000,25,10,30.3425156247,44.3326764449,13.9901608202,37.3375960348,289,0.00289,0.000206573751163,36.7479229873,36.2558621644,4.07409006741,30.3630646841,44.2676392321,42.8053039112,44.2376543742
pareto,log_binning,100000,25,11,44.3326764449,64.7733439468,20.4406675019,54.5530101959,130,0.0013,6.35987058583e-05,53.1393880308,52.5077511608,5.38679763131,44.4943318748,64.6733217986,60.8032454579,63.9150828381
pareto,log_binning,100000,25,12,64.7733439468,94.6386824009,29.865338454,79.7060131738,77,0.00077,2.57823965794e-05,77.9851693262,77.7377000145,8.20538555821,65.2069496698,94.5237840923,89.7894424756,94.4586111912
pareto,log_binning,100000,25,13,94.6386824009,138.27416744,43.6354850394,116.456424921,41,0.00041,9.39602251767e-06,112.149403815,112.298382028,10.8917089911,94.741183275,133.419129946,129.630406154,133.373377943
pareto,log_binning,100000,25,14,138.27416744,202.028862789,63.7546953488,170.151515115,19,0.00019,2.9801726596e-06,162.904694541,151.590473783,20.0477728715,138.628845484,194.173472688,191.056583769,194.131260896
pareto,log_binning,100000,25,15,202.028862789,295.179223679,93.1503608897,248.604043234,18,0.00018,1.93235966324e-06,246.493707239,243.198220442,27.2238087277,207.015619065,292.671511501,289.643788447,292.34208861
pareto,log_binning,100000,25,16,295.179223679,431.278842482,136.099618803,363.22903308,3,3e-05,2.20426774622e-07,364.832491163,355.550996515,51.4221089096,318.683242647,420.263234329,407.320786766,418.968989572
pareto,log_binning,100000,25,17,431.278842482,630.130527665,198.851685183,530.704685074,7,7e-05,3.52021155543e-07,534.315269457,550.65973856,81.9120104454,433.172463699,628.97814274,617.824560183,627.862784484
pareto,log_binning,100000,25,18,630.130527665,920.6676581,290.537130434,775.399092883,4,4e-05,1.37676034523e-07,706.40239566,688.551404981,45.0799064847,675.429459963,773.077312713,749.284305134,770.698011955
pareto,log_binning,100000,25,19,920.6676581,1345.16405642,424.496398324,1132.91585726,,0,0,,,,,,,
pareto,log_binning,100000,25,20,1345.16405642,1965.38492775,620.220871325,1655.27449209,1,1e-05,1.61232884321e-08,1402.89924774,1402.89924774,,1402.89924774,1402.89924774,1402.89924774,1402.89924774
pareto,log_binning,100000,25,21,1965.38492775,2871.57383947,906.188911721,2418.47938361,,0,0,,,,,,,
pareto,log_binning,100000,25,22,2871.57383947,4195.58336848,1324.00952901,3533.57860397,,0,0,,,,,,,
pareto,log_binning,100000,25,23,4195.58336848,6130.05995525,1934.47658677,5162.82166186,,0,0,,,,,,,
pareto,log_binning,100000,25,24,6130.05995525,8956.47440526,2826.41445001,7543.26718025,,0,0,,,,,,,
pareto,log_binning,100000,25,25,8956.47440526,13086.0765405,4129.60213522,11021.2754729,1,1e-05,2.42154078591e-09,13086.0765405,13086.0765405,,13086.0765405,13086.0765405,13086.0765405,13086.0765405
pareto,cut,100000,50,1,-12.0850758921,262.701531444,274.786607336,125.308227776,99980,0.9998,0.0036384597113,2.80278491197,1.58850955343,6.01543354519,1.00000064772,262.549216469,4.63451609844,21.0056760628
pareto,cut,100000,50,2,262.701531444,524.403062241,261.701530797,393.552296843,10,0.0001,3.82114692626e-07,359.311711309,337.117119581,79.5453700005,266.288681294,493.067113231,439.465233746,487.706925282
pareto,cut,100000,50,3,524.403062241,786.104593038,261.701530797,655.253827639,8,8e-05,3.056917541e-07,650.758427819,652.203801351,69.9436658418,550.65973856,773.077312713,717.560295029,767.525610945
pareto,cut,100000,50,4,786.104593038,1047.80612383,261.701530797,916.955358436,,0,0,,,,,,,
pareto,cut,100000,50,5,1047.80612383,1309.50765463,261.701530797,1178.65688923,,0,0,,,,,,,
pareto,cut,100000,50,6,1309.50765463,1571.20918543,261.701530797,1440.35842003,1,1e-05,3.82114692626e-08,1402.89924774,1402.89924774,,1402.89924774,1402.89924774,1402.89924774,1402.89924774
pareto,cut,100000,50,7,1571.20918543,1832.91071622,261.701530797,1702.05995083,,0,0,,,,,,,
pareto,cut,100000,50,8,1832.91071622,2094.61224702,261.701530797,1963.76148162,,0,0,,,,,,,
pareto,cut,100000,50,9,2094.61224702,2356.31377782,261.701530797,2225.46301242,,0,0,,,,,,,
pareto,cut,100000,50,10,2356.31377782,2618.01530861,261.701530797,2487.16454322,,0,0,,,,,,,
pareto,cut,100000,50,11,2618.01530861,2879.71683941,261.701530797,2748.86607401,,0,0,,,,,,,
pareto,cut,100000,50,12,2879.71683941,3141.41837021,261.701530797,3010.56760481,,0,0,,,,,,,
pareto,cut,100000,50,13,3141.41837021,3403.119901,261.701530797,3272.26913561,,0,0,,,,,,,
pareto,cut,100000,50,14,3403.119901,3664.8214318,261.701530797,3533.9706664,,0,0,,,,,,,
pareto,cut,100000,50,15,3664.8214318,3926.5229626,261.701530797,3795.6721972,,0,0,,,,,,,
pareto,cut,100000,50,16,3926.5229626,4188.22449339,261.701530797,4057.373728,,0,0,,,,,,,
pareto,cut,100000,50,17,4188.22449339,4449.92602419,261.701530797,4319.07525879,,0,0,,,,,,,
pareto,cut,100000,50,18,4449.92602419,4711.62755499,261.701530797,4580.77678959,,0,0,,,,,,,
pareto,cut,100000,50,19,4711.62755499,4973.32908578,261.701530797,4842.47832039,,0,0,,,,,,,
pareto,cut,100000,50,20,4973.32908578,5235.03061658,261.701530797,5104.17985118,,0,0,,,,,,,
pareto,cut,100000,50,21,5235.03061658,5496.73214738,261.701530797,5365.88138198,,0,0,,,,,,,
pareto,cut,100000,50,22,5496.73214738,5758.43367817,261.701530797,5627.58291278,,0,0,,,,,,,
pareto,cut,100000,50,23,5758.43367817,6020.13520897,261.701530797,5889.28444357,,0,0,,,,,,,
pareto,cut,100000,50,24,6020.13520897,6281.83673977,261.701530797,6150.98597437,,0,0,,,,,,,
pareto,cut,100000,50,25,6281.83673977,6543.53827056,261.701530797,6412.68750517,,0,0,,,,,,,
pareto,cut,100000,50,26,6543.53827056,6805.23980136,261.701530797,6674.38903596,,0,0,,,,,,,
pareto,cut,100000,50,27,6805.23980136,7066.94133216,261.701530797,6936.09056676,,0,0,,,,,,,
pareto,cut,100000,50,28,7066.94133216,7328.64286295,261.701530797,7197.79209756,,0,0,,,,,,,
pareto,cut,100000,50,29,7328.64286295,7590.34439375,261.701530797,7459.49362835,,0,0,,,,,,,
pareto,cut,100000,50,30,7590.34439375,7852.04592455,261.701530797,7721.19515915,,0,0,,,,,,,
pareto,cut,100000,50,31,7852.04592455,8113.74745534,261.701530797,7982.89668995,,0,0,,,,,,,
pareto,cut,100000,50,32,8113.74745534,8375.44898614,261.701530797,8244.59822074,,0,0,,,,,,,
pareto,cut,100000,50,33,8375.44898614,8637.15051694,261.701530797,8506.29975154,,0,0,,,,,,,
pareto,cut,100000,50,34,8637.15051694,8898.85204773,261.701530797,8768.00128234,,0,0,,,,,,,
pareto,cut,100000,50,35,8898.85204773,9160.55357853,261.701530797,9029.70281313,,0,0,,,,,,,
pareto,cut,100000,50,36,9160.55357853,9422.25510933,261.701530797,9291.40434393,,0,0,,,,,,,
pareto,cut,100000,50,37,9422.25510933,9683.95664012,261.701530797,9553.10587473,,0,0,,,,,,,
pareto,cut,100000,50,38,9683.95664012,9945.65817092,261.701530797,9814.80740552,,0,0,,,,,,,
pareto,cut,100000,50,39,9945.65817092,10207.3597017,261.701530797,10076.5089363,,0,0,,,,,,,
pareto,cut,100000,50,40,10207.3597017,10469.0612325,261.701530797,10338.2104671,,0,0,,,,,,,
pareto,cut,100000,50,41,10469.0612325,10730.7627633,261.701530797,10599.9119979,,0,0,,,,,,,
pareto,cut,100000,50,42,10730.7627633,10992.4642941,261.701530797,10861.6135287,,0,0,,,,,,,
pareto,cut,100000,50,43,10992.4642941,11254.1658249,261.701530797,11123.3150595,,0,0,,,,,,,
pareto,cut,100000,50,44,11254.1658249,11515.8673557,261.701530797,11385.0165903,,0,0,,,,,,,
pareto,cut,100000,50,45,11515.8673557,11777.5688865,261.701530797,11646.7181211,,0,0,,,,,,,
pareto,cut,100000,50,46,11777.5688865,12039.2704173,261.701530797,11908.4196519,,0,0,,,,,,,
pareto,cut,100000,50,47,12039.2704173,12300.9719481,261.701530797,12170.1211827,,0,0,,,,,,,
pareto,cut,100000,50,48,12300.9719481,12562.6734789,261.701530797,12431.8227135,,0,0,,,,,,,
pareto,cut,100000,50,49,12562.6734789,12824.3750097,261.701530797,12693.5242443,,0,0,,,,,,,
pareto,cut,100000,50,50,12824.3750097,13086.0765405,261.701530797,12955.2257751,1,1e-05,3.82114692626e-08,13086.0765405,13086.0765405,,13086.0765405,13086.0765405,13086.0765405,13086.0765405
pareto,qcut,100000,50,1,1.00000064772,1.01409736909,0.0140967213654,1.0070490084,2000,0.02,1.41876961895,1.00702372946,1.00710563752,0.00406280023526,1.00000064772,1.01407336594,1.01263028262,1.01393762072
pareto,qcut,100000,50,2,1.01409736909,1.02836753239,0.0142701633065,1.02123245074,2000,0.02,1.40152565675,1.02111505113,1.02112061571,0.0040783737824,1.01409785895,1.02836472674,1.02681585757,1.02824454886
pareto,qcut,100000,50,3,1.02836753239,1.04247787992,0.0141103475252,1.03542270616,2000,0.02,1.41739953352,1.03541647231,1.035420291,0.00419627748322,1.0283676493,1.04247253277,1.04123944577,1.04231271737
pareto,qcut,100000,50,4,1.04247787992,1.05746840941,0.0149905294901,1.04997314466,2000,0.02,1.33417568827,1.04995599412,1.04992523414,0.00436898661603,1.04247822123,1.05746603047,1.05591080768,1.0572963084
pareto,qcut,100000,50,5,1.05746840941,1.07294010486,0.0154716954524,1.06520425714,2000,0.02,1.29268314914,1.06497812019,1.06482870881,0.00455875677716,1.05746861627,1.07293798939,1.0713241309,1.07279586458
pareto,qcut,100000,50,6,1.07294010486,1.0890966358,0.0161565309399,1.08101837033,2000,0.02,1.23788949957,1.08100249799,1.0810774095,0.00474885976719,1.07294033991,1.08909138724,1.0875921322,1.08892686856
pareto,qcut,100000,50,7,1.0890966358,1.10582811521,0.0167314794085,1.09746237551,2000,0.02,1.19535155928,1.09752448142,1.09754381359,0.00482556512198,1.08909735151,1.1058208472,1.1041863276,1.10562133964
pareto,qcut,100000,50,8,1.10582811521,1.122614247,0.016786131786,1.1142211811,2000,0.02,1.19145972729,1.1140670945,1.11400208393,0.00484726453406,1.10582929837,1.12261277759,1.12084892052,1.12241076215
pareto,qcut,100000,50,9,1.122614247,1.14047444266,0.0178601956601,1.13154434483,2000,0.02,1.11980856092,1.13150292816,1.13154147775,0.0051755470151,1.12261452688,1.14047347145,1.13866681362,1.14032924057
pareto,qcut,100000,50,10,1.14047444266,1.15923157118,0.0187571285219,1.14985300692,2000,0.02,1.0662612871,1.14986374837,1.14985314058,0.00546560479856,1.14047465585,1.15923149181,1.15738112068,1.15906121507
pareto,qcut,100000,50,11,1.15923157118,1.1789302085,0.0196986373203,1.16908088984,2000,0.02,1.01529865619,1.16913284121,1.16921841633,0.00565189174334,1.15923159102,1.17892201701,1.17678531027,1.1787959773
pareto,qcut,100000,50,12,1.1789302085,1.20015901839,0.0212288098927,1.18954461344,2000,0.02,0.942115931184,1.18929048466,1.18904619222,0.00608881421248,1.17893251892,1.20014636416,1.19806897718,1.19996514594
pareto,qcut,100000,50,13,1.20015901839,1.22219118508,0.022032166685,1.21117510173,2000,0.02,0.907763647849,1.21108328845,1.21122847853,0.00647587042441,1.20016301446,1.22215698197,1.22007603036,1.22199167534
pareto,qcut,100000,50,14,1.22219118508,1.24430908846,0.0221179033833,1.23325013677,2000,0.02,0.90424483973,1.23275815343,1.23242958338,0.00633317305358,1.22220320238,1.24430679967,1.24180578545,1.24412187864
pareto,qcut,100000,50,15,1.24430908846,1.26727924043,0.0229701519695,1.25579416444,2000,0.02,0.870695153719,1.25565810919,1.25543354676,0.00655670448806,1.24430997854,1.26727742696,1.26472386841,1.26697465264
pareto,qcut,100000,50,16,1.26727924043,1.29238238634,0.0251031459112,1.27983081338,2000,0.02,0.796712892907,1.28003948889,1.2800487479,0.00722563859302,1.26728001763,1.29237480021,1.28991505015,1.2921933403
pareto,qcut,100000,50,17,1.29238238634,1.31844786681,0.0260654804652,1.30541512657,2000,0.02,0.767298344133,1.30522556379,1.30502388527,0.00751170300103,1.29238595629,1.31844498156,1.31556009296,1.31810302054
pareto,qcut,100000,50,18,1.31844786681,1.34596328636,0.0275154195577,1.33220557658,2000,0.02,0.726865165841,1.33188989273,1.33206447509,0.00789534996821,1.31844935315,1.34596086272,1.34306703368,1.34569241097
pareto,qcut,100000,50,19,1.34596328636,1.37354790497,0.0275846186027,1.35975559566,2000,0.02,0.72504174475,1.35998897824,1.36007382296,0.00801537685939,1.34596464966,1.37353444062,1.37060817175,1.37316589016
pareto,qcut,100000,50,20,1.37354790497,1.40529874468,0.03175083971,1.38942332482,2000,0.02,0.629904600404,1.38949868992,1.38948296128,0.0092937725742,1.3735561573,1.40529822067,1.40226844508,1.4050336125
pareto,qcut,100000,50,21,1.40529874468,1.43772632547,0.0324275807978,1.42151253507,2000,0.02,0.61675892891,1.42140371617,1.42128606588,0.00941099106947,1.40529909401,1.43771179449,1.4343903814,1.43743993801
pareto,qcut,100000,50,22,1.43772632547,1.47182320067,0.0340968751964,1.45477476307,2000,0.02,0.586564014585,1.45482634171,1.45502528296,0.00984313270459,1.43773684791,1.47182179576,1.46854579654,1.4715700669
pareto,qcut,100000,50,23,1.47182320067,1.50890939248,0.0370861918077,1.49036629657,2000,0.02,0.539284273341,1.49011738964,1.49029477576,0.0108799188055,1.47182430453,1.50890217453,1.50510305527,1.50864117741
pareto,qcut,100000,50,24,1.50890939248,1.54745376463,0.0385443721537,1.52818157855,2000,0.02,0.518882495225,1.52818118924,1.52806766997,0.0112751753548,1.5089155411,1.54745355397,1.54380617894,1.54698821732
pareto,qcut,100000,50,25,1.54745376463,1.58870332047,0.0412495558405,1.56807854255,2000,0.02,0.484853705513,1.56790281318,1.56788207039,0.0120595338531,1.54745395909,1.58870143023,1.58486416958,1.58834774812
pareto,qcut,100000,50,26,1.58870332047,1.63364455914,0.0449412386631,1.6111739398,2000,0.02,0.445025562156,1.61129606193,1.61130757633,0.0129074701072,1.58870521072,1.6336086305,1.62908329354,1.63320002467
pareto,qcut,100000,50,27,1.63364455914,1.67977176472,0.0461272055861,1.65670816193,2000,0.02,0.433583603122,1.65608079948,1.65565811543,0.0132559908158,1.63368348182,1.67976999032,1.67452889051,1.67906083913
pareto,qcut,100000,50,28,1.67977176472,1.73060168286,0.0508299181399,1.70518672379,2000,0.02,0.393469057829,1.70480691999,1.70457256991,0.0147403446072,1.67977384771,1.73059501423,1.7256238453,1.73007548525
pareto,qcut,100000,50,29,1.73060168286,1.78594017735,0.0553384944874,1.7582709301,2000,0.02,0.36141207283,1.75828265443,1.7579916287,0.0161075829023,1.73061017021,1.78591730505,1.78063440363,1.78518883055
pareto,qcut,100000,50,30,1.78594017735,1.84978227554,0.0638420981912,1.81786122644,2000,0.02,0.313272911866,1.81682769853,1.81642482448,0.0184206466338,1.7859717629,1.84977229413,1.84278551889,1.84895109282
pareto,qcut,100000,50,31,1.84978227554,1.91406642769,0.0642841521551,1.88192435162,2000,0.02,0.311118671236,1.8816303435,1.8812280778,0.0184274052719,1.84979724765,1.91406361377,1.90708123847,1.91347776431
pareto,qcut,100000,50,32,1.91406642769,1.98459074493,0.0705243172352,1.94932858631,2000,0.02,0.283590125847,1.94859346123,1.94806724468,0.020627304252,1.91407101883,1.98455358297,1.9770296207,1.98349671596
pareto,qcut,100000,50,33,1.98459074493,2.06047470592,0.0758839609872,2.02253272542,2000,0.02,0.263560306286,2.02165284524,2.02152443094,0.0216385807301,1.98465681063,2.06046637714,2.05166336482,2.05944596631
pareto,qcut,100000,50,34,2.06047470592,2.14773719825,0.08726249233,2.10410595208,2000,0.02,0.229193545428,2.10347313558,2.10280152948,0.0249465512071,2.06049087354,2.14772950786,2.13869110333,2.14652928512
pareto,qcut,100000,50,35,2.14773719825,2.24331637554,0.0955791772888,2.19552678689,2000,0.02,0.209250597958,2.19462495015,2.19413307373,0.027845098577,2.14775354032,2.24331413376,2.23363603242,2.24226935812
pareto,qcut,100000,50,36,2.24331637554,2.34783185178,0.104515476243,2.29557411366,2000,0.02,0.191359219886,2.29540351503,2.29500143696,0.0302122781838,2.24332160634,2.34782529885,2.33675990313,2.34704361983
pareto,qcut,100000,50,37,2.34783185178,2.46430098245,0.11646913067,2.40606641711,2000,0.02,0.171719320691,2.40492307056,2.40306598458,0.0332732521366,2.34784870217,2.46428928084,2.45170382626,2.46328413684
pareto,qcut,100000,50,38,2.46430098245,2.59925333232,0.134952349872,2.53177715738,2000,0.02,0.148200457561,2.53007604066,2.52988668695,0.0382404034697,2.46433428704,2.59924876994,2.58279727899,2.5980724097
pareto,qcut,100000,50,39,2.59925333232,2.76001417024,0.160760837916,2.67963375128,2000,0.02,0.124408408536,2.67881810115,2.67795734282,0.0466913180909,2.59926777986,2.75997712256,2.74377030552,2.75780021394
pareto,qcut,100000,50,40,2.76001417024,2.93936310305,0.17934893281,2.84968863664,2000,0.02,0.111514463379,2.84762685331,2.8454131783,0.0518197294795,2.76014552107,2.93936252709,2.92171184568,2.93752535076
pareto,qcut,100000,50,41,2.93936310305,3.15178884316,0.212425740116,3.0455759731,2000,0.02,0.0941505487476,3.04257271273,3.04122553546,0.0617852002948,2.93936540686,3.15178329104,3.12881765958,3.14914559899
pareto,qcut,100000,50,42,3.15178884316,3.40340411161,0.251615268446,3.27759647739,2000,0.02,0.0794864322961,3.27336679411,3.27111942932,0.0732948405413,3.15181413616,3.40338571326,3.37554711681,3.40129986481
pareto,qcut,100000,50,43,3.40340411161,3.7304829702,0.32707885859,3.5669435409,2000,0.02,0.0611473333564,3.56134735718,3.55956101801,0.0932158616405,3.40350070292,3.73045349618,3.69333162001,3.72692010345
pareto,qcut,100000,50,44,3.7304829702,4.12423952779,0.393756557596,3.927361249,2000,0.02,0.0507928048795,3.92056038703,3.91643486203,0.114700685151,3.73066402485,4.12414460609,4.08106296569,4.11863241828
pareto,qcut,100000,50,45,4.12423952779,4.638932449,0.514692921201,4.38158598839,2000,0.02,0.0388581213694,4.36991051498,4.36590463671,0.150943000006,4.12493562026,4.63888334603,4.58085353465,4.63416407832
pareto,qcut,100000,50,46,4.638932449,5.37460119866,0.735668749667,5.00676682383,2000,0.02,0.0271861486696,4.99415933022,4.99249150281,0.21414099583,4.63937437567,5.37446316108,5.29161210329,5.36699415804
pareto,qcut,100000,50,47,5.37460119866,6.47939439584,1.10479319718,5.92699779725,2000,0.02,0.0181029355096,5.88669971885,5.85936387663,0.315452168603,5.37618863084,6.47932804085,6.34729683887,6.46617149432
pareto,qcut,100000,50,48,6.47939439584,8.48173642225,2.00234202641,7.48056540905,2000,0.02,0.00998830356464,7.36675696059,7.29856861002,0.573444195451,6.48043395741,8.4817004595,8.19163207289,8.45629579973
pareto,qcut,100000,50,49,8.48173642225,13.5403262774,5.05858985514,11.0110313498,2000,0.02,0.00395367099779,10.5153441615,10.2617583615,1.42533849148,8.48259952835,13.5403078856,12.6649151449,13.4416046342
pareto,qcut,100000,50,50,13.5403262774,13086.0765405,13072.5362142,6549.80843338,2000,0.02,1.52992500248e-06,42.4310164653,21.2347721706,298.389684169,13.5412274757,13086.0765405,57.3591452483,262.586611117
pareto,log_binning,100000,50,1,1.00000064772,1.20874993796,0.208749290234,1.10437529284,24797,0.24797,1.18788427842,1.09616396786,1.09253606113,0.0595773758604,1.00000064772,1.20874511336,1.182212147,1.20588068205
pareto,log_binning,100000,50,2,1.20874993796,1.46107546614,0.252325528182,1.33491270205,18564,0.18564,0.735716284189,1.32449117672,1.31952370373,0.0724458662541,1.20875701854,1.46105777242,1.42950862852,1.45769043365
pareto,log_binning,100000,50,3,1.46107546614,1.76607373512,0.304998268981,1.61357460063,13908,0.13908,0.456002588031,1.60139168562,1.59606724102,0.0874196333126,1.46107681207,1.76606598181,1.72772901844,1.76190922707
pareto,log_binning,100000,50,4,1.76607373512,2.13474013503,0.368666399914,1.95040693508,10447,0.10447,0.2833727186,1.93686937294,1.92976739672,0.105629985782,1.7661011867,2.13458010817,2.08974497907,2.1296393269
pareto,log_binning,100000,50,5,2.13474013503,2.58036533441,0.445625199381,2.35755273472,8049,0.08049,0.180622640084,2.34186126976,2.3336807044,0.128068550084,2.13475734079,2.58035559105,2.52726204786,2.5756220016
pareto,log_binning,100000,50,6,2.58036533441,3.11901441762,0.538649083208,2.84968987602,5949,0.05949,0.110442961577,2.83238857624,2.82489265267,0.153939508019,2.58060592165,3.11899504309,3.05428359393,3.11184336918
pareto,log_binning,100000,50,7,3.11901441762,3.7701060418,0.651091624182,3.44456022971,4518,0.04518,0.0693911552875,3.41657577196,3.4003125974,0.187913373311,3.11908860504,3.76980727251,3.6900316707,3.7618204341
pareto,log_binning,100000,50,8,3.7701060418,4.55711249238,0.787006450572,4.16360926709,3472,0.03472,0.0441165380217,4.13324145375,4.11528426445,0.225625354812,3.7704109212,4.5569356739,4.46053200034,4.54911435941
pareto,log_binning,100000,50,9,4.55711249238,5.5084058745,0.951293382126,5.03275918344,2576,0.02576,0.0270789227424,4.99726044503,4.98681461873,0.275788802895,4.55713734494,5.50829715738,5.38598722891,5.49915643992
pareto,log_binning,100000,50,10,5.5084058745,6.65828094633,1.14987507182,6.08334341041,1962,0.01962,0.0170627231434,6.03386993351,6.00972710427,0.330206186681,5.50966419438,6.65795114089,6.51460275639,6.64237122032
pareto,log_binning,100000,50,11,6.65828094633,8.04819146777,1.38991052145,7.35323620705,1430,0.0143,0.010288432082,7.30015202581,7.26370397365,0.406879451133,6.65945718172,8.04655090595,7.88327192655,8.02874708332
pareto,log_binning,100000,50,12,8.04819146777,9.72824463613,1.68005316836,8.88821805195,1082,0.01082,0.00644027236982,8.82441326268,8.81488840771,0.494093073307,8.04823770109,9.72821242146,9.53846046143,9.72419925033
pareto,log_binning,100000,50,13,9.72824463613,11.7590074838,2.03076284765,10.74362606,783,0.00783,0.00385569393742,10.6797891415,10.6359577491,0.594200243278,9.73309979465,11.7581729284,11.5164225751,11.7401288252
pareto,log_binning,100000,50,14,11.7590074838,14.2136903599,2.45468287614,12.9863489218,613,0.00613,0.00249726759394,12.8969595413,12.8464842174,0.718551294704,11.7602045479,14.2071966045,13.9344062918,14.1690588566
pareto,log_binning,100000,50,15,14.2136903599,17.1807862123,2.96709585239,15.6972382861,462,0.00462,0.00155707810932,15.611080569,15.6311697665,0.850820214991,14.2151705975,17.1792380168,16.8235996505,17.1351011106
pareto,log_binning,100000,50,16,17.1807862123,20.7672608167,3.58647460444,18.9740235145,350,0.0035,0.000975888689039,18.8015510124,18.7336577133,1.03136999085,17.1855261599,20.7608745731,20.205197811,20.6984624738
pareto,log_binning,100000,50,17,20.7672608167,25.1024089644,4.33514814763,22.9348348906,251,0.00251,0.000578988287026,22.8136576827,22.9209259179,1.29962784085,20.8097895126,25.082149784,24.6757651696,25.0267709409
pareto,log_binning,100000,50,18,25.1024089644,30.3425156247,5.24010666035,27.7224622946,197,0.00197,0.000375946546071,27.6642648957,27.7519995755,1.54611570458,25.1391241862,30.3293380347,29.7434190096,30.2769087684
pareto,log_binning,100000,50,19,30.3425156247,36.6764901226,6.33397449792,33.5095028737,153,0.00153,0.000241554493234,33.4633958926,33.7006601972,1.89658249593,30.3630646841,36.6213506393,36.0254050737,36.5756809484
pareto,log_binning,100000,50,20,36.6764901226,44.3326764449,7.6561863223,40.5045832838,136,0.00136,0.00017763413046,40.4430159687,40.3221412831,2.3190829582,36.6772498462,44.2676392321,43.6081049416,44.2445980916
pareto,log_binning,100000,50,21,44.3326764449,53.5870851927,9.25440874777,48.9598808188,72,0.00072,7.78007563339e-05,49.0401445772,48.5820187119,2.66635271951,44.4943318748,53.5808413911,52.4925271731,53.4863053163
pareto,log_binning,100000,50,22,53.5870851927,64.7733439468,11.1862587541,59.1802145698,58,0.00058,5.18493280684e-05,58.2281040421,57.3905936941,3.03983430079,53.783740223,64.6733217986,62.6136137623,64.2908217623
pareto,log_binning,100000,50,23,64.7733439468,78.2947247637,13.5213808169,71.5340343553,40,0.0004,2.95827774853e-05,71.3172064402,70.3095455807,4.0730282208,65.2069496698,78.1913439391,76.4050515032,78.0144228085
pareto,log_binning,100000,50,24,78.2947247637,94.6386824009,16.3439576371,86.4667035823,37,0.00037,2.2638335721e-05,85.1937778517,83.1893114491,4.62127760465,78.4008039783,94.5237840923,91.059771292,94.4929127181
pareto,log_binning,100000,50,25,94.6386824009,114.394427384,19.7557449836,104.516554893,27,0.00027,1.36669105733e-05,105.874207302,106.472422735,6.20353214548,94.741183275,113.56983436,112.731800586,113.567227271
pareto,log_binning,100000,50,26,114.394427384,138.27416744,23.8797400558,126.334297412,14,0.00014,5.86271038432e-06,124.251568518,124.410485874,6.96646897965,115.409333614,133.419129946,133.053534384,133.404260545
pareto,log_binning,100000,50,27,138.27416744,167.138783055,28.8646156146,152.706475248,10,0.0001,3.46444939143e-06,145.752626409,146.132252135,5.24205510666,138.628845484,151.590473783,151.419944989,151.573420903
pareto,log_binning,100000,50,28,167.138783055,202.028862789,34.8900797342,184.583822922,9,9e-05,2.57952978857e-06,181.962548021,180.150188034,9.85123626045,167.836036332,194.173472688,193.985864727,194.154711892
pareto,log_binning,100000,50,29,202.028862789,244.202217187,42.1733543974,223.115539988,9,9e-05,2.1340488867e-06,224.746058387,230.236483708,13.3979613491,207.015619065,240.540423061,239.313833261,240.417764081
pareto,log_binning,100000,50,30,244.202217187,295.179223679,50.9770064923,269.690720433,9,9e-05,1.76550186433e-06,268.24135609,262.549216469,18.2002089661,245.856017823,292.671511501,291.121286134,292.516488964
pareto,log_binning,100000,50,31,295.179223679,356.797637202,61.6184135232,325.98843044,2,2e-05,3.2457830146e-07,337.117119581,337.117119581,26.0694387672,318.683242647,355.550996515,351.864221128,355.182318976
pareto,log_binning,100000,50,32,356.797637202,431.278842482,74.48120528,394.038239842,1,1e-05,1.342620593e-07,420.263234329,420.263234329,,420.263234329,420.263234329,420.263234329,420.263234329
pareto,log_binning,100000,50,33,431.278842482,521.307936429,90.0290939472,476.293389456,3,3e-05,3.33225612796e-07,453.249682096,433.509469359,34.483318573,433.172463699,493.067113231,481.155584456,491.875960353
pareto,log_binning,100000,50,34,521.307936429,630.130527665,108.822591236,575.719232047,4,4e-05,3.67570736422e-07,595.114459978,600.409979306,33.5569743232,550.65973856,628.97814274,623.401351461,628.420463612
pareto,log_binning,100000,50,35,630.130527665,761.669742869,131.539215204,695.900135267,3,3e-05,2.2806886869e-07,684.177423309,683.335522513,9.19785719331,675.429459963,693.76728745,691.680934462,693.558652151
pareto,log_binning,100000,50,36,761.669742869,920.6676581,158.99791523,841.168700485,1,1e-05,6.28939064108e-08,773.077312713,773.077312713,,773.077312713,773.077312713,773.077312713,773.077312713
pareto,log_binning,100000,50,37,920.6676581,1112.85625378,192.188595685,1016.76195594,,0,0,,,,,,,
pareto,log_binning,100000,50,38,1112.85625378,1345.16405642,232.307802639,1229.0101551,,0,0,,,,,,,
pareto,log_binning,100000,50,39,1345.16405642,1625.96591657,280.801860145,1485.5649865,1,1e-05,3.56122997007e-08,1402.89924774,1402.89924774,,1402.89924774,1402.89924774,1402.89924774,1402.89924774
pareto,log_binning,100000,50,40,1625.96591657,1965.38492775,339.419011179,1795.67542216,,0,0,,,,,,,
pareto,log_binning,100000,50,41,1965.38492775,2375.65737071,410.272442962,2170.52114923,,0,0,,,,,,,
pareto,log_binning,100000,50,42,2375.65737071,2871.57383947,495.916468759,2623.61560509,,0,0,,,,,,,
pareto,log_binning,100000,50,43,2871.57383947,3471.01245204,599.438612574,3171.29314576,,0,0,,,,,,,
pareto,log_binning,100000,50,44,3471.01245204,4195.58336848,724.570916437,3833.29791026,,0,0,,,,,,,
pareto,log_binning,100000,50,45,4195.58336848,5071.40785148,875.824482997,4633.49560998,,0,0,,,,,,,
pareto,log_binning,100000,50,46,5071.40785148,6130.05995525,1058.65210377,5600.73390336,,0,0,,,,,,,
pareto,log_binning,100000,50,47,6130.05995525,7409.70479114,1279.6448359,6769.8823732,,0,0,,,,,,,
pareto,log_binning,100000,50,48,7409.70479114,8956.47440526,1546.76961412,8183.0895982,,0,0,,,,,,,
pareto,log_binning,100000,50,49,8956.47440526,10826.1308693,1869.65646408,9891.3026373,,0,0,,,,,,,
pareto,log_binning,100000,50,50,10826.1308693,13086.0765405,2259.94567114,11956.1037049,1,1e-05,4.42488513229e-09,13086.0765405,13086.0765405,,13086.0765405,13086.0765405,13086.0765405,13086.0765405
pareto,cut,100000,100,1,-12.0850758921,131.850766046,143.935841938,59.882845077,99944,0.99944,0.00694364924359,2.73583245538,1.5882661718,4.80658230866,1.00000064772,130.576933047,4.62434623608,20.5281324072
pareto,cut,100000,100,2,131.850766046,262.701531444,130.850765398,197.276148745,36,0.00036,2.7512257869e-06,188.677682719,184.060335787,42.944651334,132.467364756,262.549216469,247.045153703,262.300207765
pareto,cut,100000,100,3,262.701531444,393.552296843,130.850765398,328.126914144,6,6e-05,4.58537631151e-07,302.184138746,291.702620647,30.9823238958,266.288681294,355.550996515,337.117119581,353.707608821
pareto,cut,100000,100,4,393.552296843,524.403062241,130.850765398,458.977679542,4,4e-05,3.056917541e-07,445.003070154,433.340966529,32.6306493033,420.263234329,493.067113231,475.199820069,491.280383914
pareto,cut,100000,100,5,524.403062241,655.253827639,130.850765398,589.82844494,4,4e-05,3.056917541e-07,595.114459978,600.409979306,33.5569743232,550.65973856,628.97814274,623.401351461,628.420463612
pareto,cut,100000,100,6,655.253827639,786.104593038,130.850765398,720.679210339,4,4e-05,3.056917541e-07,706.40239566,688.551404981,45.0799064847,675.429459963,773.077312713,749.284305134,770.698011955
pareto,cut,100000,100,7,786.104593038,916.955358436,130.850765398,851.529975737,,0,0,,,,,,,
pareto,cut,100000,100,8,916.955358436,1047.80612383,130.850765398,982.380741135,,0,0,,,,,,,
pareto,cut,100000,100,9,1047.80612383,1178.65688923,130.850765398,1113.23150653,,0,0,,,,,,,
pareto,cut,100000,100,10,1178.65688923,1309.50765463,130.850765398,1244.08227193,,0,0,,,,,,,
pareto,cut,100000,100,11,1309.50765463,1440.35842003,130.850765398,1374.93303733,1,1e-05,7.64229385251e-08,1402.89924774,1402.89924774,,1402.89924774,1402.89924774,1402.89924774,1402.89924774
pareto,cut,100000,100,12,1440.35842003,1571.20918543,130.850765398,1505.78380273,,0,0,,,,,,,
pareto,cut,100000,100,13,1571.20918543,1702.05995083,130.850765398,1636.63456813,,0,0,,,,,,,
pareto,cut,100000,100,14,1702.05995083,1832.91071622,130.850765398,1767.48533353,,0,0,,,,,,,
pareto,cut,100000,100,15,1832.91071622,1963.76148162,130.850765398,1898.33609892,,0,0,,,,,,,
pareto,cut,100000,100,16,1963.76148162,2094.61224702,130.850765398,2029.18686432,,0,0,,,,,,,
pareto,cut,100000,100,17,2094.61224702,2225.46301242,130.850765398,2160.03762972,,0,0,,,,,,,
pareto,cut,100000,100,18,2225.46301242,2356.31377782,130.850765398,2290.88839512,,0,0,,,,,,,
pareto,cut,100000,100,19,2356.31377782,2487.16454322,130.850765398,2421.73916052,,0,0,,,,,,,
pareto,cut,100000,100,20,2487.16454322,2618.01530861,130.850765398,2552.58992592,,0,0,,,,,,,
pareto,cut,100000,100,21,2618.01530861,2748.86607401,130.850765398,2683.44069131,,0,0,,,,,,,
pareto,cut,100000,100,22,2748.86607401,2879.71683941,130.850765398,2814.29145671,,0,0,,,,,,,
pareto,cut,100000,100,23,2879.71683941,3010.56760481,130.850765398,2945.14222211,,0,0,,,,,,,
pareto,cut,100000,100,24,3010.56760481,3141.41837021,130.850765398,3075.99298751,,0,0,,,,,,,
pareto,cut,100000,100,25,3141.41837021,3272.26913561,130.850765398,3206.84375291,,0,0,,,,,,,
pareto,cut,100000,100,26,3272.26913561,3403.119901,130.850765398,3337.69451831,,0,0,,,,,,,
pareto,cut,100000,100,27,3403.119901,3533.9706664,130.850765398,3468.5452837,,0,0,,,,,,,
pareto,cut,100000,100,28,3533.9706664,3664.8214318,130.850765398,3599.3960491,,0,0,,,,,,,
pareto,cut,100000,100,29,3664.8214318,3795.6721972,130.850765398,3730.2468145,,0,0,,,,,,,
pareto,cut,100000,100,30,3795.6721972,3926.5229626,130.850765398,3861.0975799,,0,0,,,,,,,
pareto,cut,100000,100,31,3926.5229626,4057.373728,130.850765398,3991.9483453,,0,0,,,,,,,
pareto,cut,100000,100,32,4057.373728,4188.22449339,130.850765398,4122.7991107,,0,0,,,,,,,
pareto,cut,100000,100,33,4188.22449339,4319.07525879,130.850765398,4253.64987609,,0,0,,,,,,,
pareto,cut,100000,100,34,4319.07525879,4449.92602419,130.850765398,4384.50064149,,0,0,,,,,,,
pareto,cut,100000,100,35,4449.92602419,4580.77678959,130.850765398,4515.35140689,,0,0,,,,,,,
pareto,cut,100000,100,36,4580.77678959,4711.62755499,130.850765398,4646.20217229,,0,0,,,,,,,
pareto,cut,100000,100,37,4711.62755499,4842.47832039,130.850765398,4777.05293769,,0,0,,,,,,,
pareto,cut,100000,100,38,4842.47832039,4973.32908578,130.850765398,4907.90370309,,0,0,,,,,,,
pareto,cut,100000,100,39,4973.32908578,5104.17985118,130.850765398,5038.75446848,,0,0,,,,,,,
pareto,cut,100000,100,40,5104.17985118,5235.03061658,130.850765398,5169.60523388,,0,0,,,,,,,
pareto,cut,100000,100,41,5235.03061658,5365.88138198,130.850765398,5300.45599928,,0,0,,,,,,,
pareto,cut,100000,100,42,5365.88138198,5496.73214738,130.850765398,5431.30676468,,0,0,,,,,,,
pareto,cut,100000,100,43,5496.73214738,5627.58291278,130.850765398,5562.15753008,,0,0,,,,,,,
pareto,cut,100000,100,44,5627.58291278,5758.43367817,130.850765398,5693.00829548,,0,0,,,,,,,
pareto,cut,100000,100,45,5758.43367817,5889.28444357,130.850765398,5823.85906087,,0,0,,,,,,,
pareto,cut,100000,100,46,5889.28444357,6020.13520897,130.850765398,5954.70982627,,0,0,,,,,,,
pareto,cut,100000,100,47,6020.13520897,6150.98597437,130.850765398,6085.56059167,,0,0,,,,,,,
pareto,cut,100000,100,48,6150.98597437,6281.83673977,130.850765398,6216.41135707,,0,0,,,,,,,
pareto,cut,100000,100,49,6281.83673977,6412.68750517,130.850765398,6347.26212247,,0,0,,,,,,,
pareto,cut,100000,100,50,6412.68750517,6543.53827056,130.850765398,6478.11288787,,0,0,,,,,,,
pareto,cut,100000,100,51,6543.53827056,6674.38903596,130.850765398,6608.96365326,,0,0,,,,,,,
pareto,cut,100000,100,52,6674.38903596,6805.23980136,130.850765398,6739.81441866,,0,0,,,,,,,
pareto,cut,100000,100,53,6805.23980136,6936.09056676,130.850765398,6870.66518406,,0,0,,,,,,,
pareto,cut,100000,100,54,6936.09056676,7066.94133216,130.850765398,7001.51594946,,0,0,,,,,,,
pareto,cut,100000,100,55,7066.94133216,7197.79209756,130.850765398,7132.36671486,,0,0,,,,,,,
pareto,cut,100000,100,56,7197.79209756,7328.64286295,130.850765398,7263.21748026,,0,0,,,,,,,
pareto,cut,100000,100,57,7328.64286295,7459.49362835,130.850765398,7394.06824565,,0,0,,,,,,,
pareto,cut,100000,100,58,7459.49362835,7590.34439375,130.850765398,7524.91901105,,0,0,,,,,,,
pareto,cut,100000,100,59,7590.34439375,7721.19515915,130.850765398,7655.76977645,,0,0,,,,,,,
pareto,cut,100000,100,60,7721.19515915,7852.04592455,130.850765398,7786.62054185,,0,0,,,,,,,
pareto,cut,100000,100,61,7852.04592455,7982.89668995,130.850765398,7917.47130725,,0,0,,,,,,,
pareto,cut,100000,100,62,7982.89668995,8113.74745534,130.850765398,8048.32207265,,0,0,,,,,,,
pareto,cut,100000,100,63,8113.74745534,8244.59822074,130.850765398,8179.17283804,,0,0,,,,,,,
pareto,cut,100000,100,64,8244.59822074,8375.44898614,130.850765398,8310.02360344,,0,0,,,,,,,
pareto,cut,100000,100,65,8375.44898614,8506.29975154,130.850765398,8440.87436884,,0,0,,,,,,,
pareto,cut,100000,100,66,8506.29975154,8637.15051694,130.850765398,8571.72513424,,0,0,,,,,,,
pareto,cut,100000,100,67,8637.15051694,8768.00128234,130.850765398,8702.57589964,,0,0,,,,,,,
pareto,cut,100000,100,68,8768.00128234,8898.85204773,130.850765398,8833.42666503,,0,0,,,,,,,
pareto,cut,100000,100,69,8898.85204773,9029.70281313,130.850765398,8964.27743043,,0,0,,,,,,,
pareto,cut,100000,100,70,9029.70281313,9160.55357853,130.850765398,9095.12819583,,0,0,,,,,,,
pareto,cut,100000,100,71,9160.55357853,9291.40434393,130.850765398,9225.97896123,,0,0,,,,,,,
pareto,cut,100000,100,72,9291.40434393,9422.25510933,130.850765398,9356.82972663,,0,0,,,,,,,
pareto,cut,100000,100,73,9422.25510933,9553.10587473,130.850765398,9487.68049203,,0,0,,,,,,,
pareto,cut,100000,100,74,9553.10587473,9683.95664012,130.850765398,9618.53125742,,0,0,,,,,,,
pareto,cut,100000,100,75,9683.95664012,9814.80740552,130.850765398,9749.38202282,,0,0,,,,,,,
pareto,cut,100000,100,76,9814.80740552,9945.65817092,130.850765398,9880.23278822,,0,0,,,,,,,
pareto,cut,100000,100,77,9945.65817092,10076.5089363,130.850765398,10011.0835536,,0,0,,,,,,,
pareto,cut,100000,100,78,10076.5089363,10207.3597017,130.850765398,10141.934319,,0,0,,,,,,,
pareto,cut,100000,100,79,10207.3597017,10338.2104671,130.850765398,10272.7850844,,0,0,,,,,,,
pareto,cut,100000,100,80,10338.2104671,10469.0612325,130.850765398,10403.6358498,,0,0,,,,,,,
pareto,cut,100000,100,81,10469.0612325,10599.9119979,130.850765398,10534.4866152,,0,0,,,,,,,
pareto,cut,100000,100,82,10599.9119979,10730.7627633,130.850765398,10665.3373806,,0,0,,,,,,,
pareto,cut,100000,100,83,10730.7627633,10861.6135287,130.850765398,10796.188146,,0,0,,,,,,,
pareto,cut,100000,100,84,10861.6135287,10992.4642941,130.850765398,10927.0389114,,0,0,,,,,,,
pareto,cut,100000,100,85,10992.4642941,11123.3150595,130.850765398,11057.8896768,,0,0,,,,,,,
pareto,cut,100000,100,86,11123.3150595,11254.1658249,130.850765398,11188.7404422,,0,0,,,,,,,
pareto,cut,100000,100,87,11254.1658249,11385.0165903,130.850765398,11319.5912076,,0,0,,,,,,,
pareto,cut,100000,100,88,11385.0165903,11515.8673557,130.850765398,11450.441973,,0,0,,,,,,,
pareto,cut,100000,100,89,11515.8673557,11646.7181211,130.850765398,11581.2927384,,0,0,,,,,,,
pareto,cut,100000,100,90,11646.7181211,11777.5688865,130.850765398,11712.1435038,,0,0,,,,,,,
pareto,cut,100000,100,91,11777.5688865,11908.4196519,130.850765398,11842.9942692,,0,0,,,,,,,
pareto,cut,100000,100,92,11908.4196519,12039.2704173,130.850765398,11973.8450346,,0,0,,,,,,,
pareto,cut,100000,100,93,12039.2704173,12170.1211827,130.850765398,12104.6958,,0,0,,,,,,,
pareto,cut,100000,100,94,12170.1211827,12300.9719481,130.850765398,12235.5465654,,0,0,,,,,,,
pareto,cut,100000,100,95,12300.9719481,12431.8227135,130.850765398,12366.3973308,,0,0,,,,,,,
pareto,cut,100000,100,96,12431.8227135,12562.6734789,130.850765398,12497.2480962,,0,0,,,,,,,
pareto,cut,100000,100,97,12562.6734789,12693.5242443,130.850765398,12628.0988616,,0,0,,,,,,,
pareto,cut,100000,100,98,12693.5242443,12824.3750097,130.850765398,12758.949627,,0,0,,,,,,,
pareto,cut,100000,100,99,12824.3750097,12955.2257751,130.850765398,12889.8003924,,0,0,,,,,,,
pareto,cut,100000,100,100,12955.2257751,13086.0765405,130.850765398,13020.6511578,1,1e-05,7.64229385251e-08,13086.0765405,13086.0765405,,13086.0765405,13086.0765405,13086.0765405,13086.0765405
pareto,qcut,100000,100,1,1.00000064772,1.00711172233,0.0071110746114,1.00355618503,1000,0.01,1.406257218,1.00352096946,1.00354437444,0.00208279251802,1.00000064772,1.00709942852,1.00643057191,1.00704071151
pareto,qcut,100000,100,2,1.00711172233,1.01409736909,0.00698564675398,1.01060454571,1000,0.01,1.43150668108,1.01052648946,1.01043922136,0.00203174095025,1.00711184651,1.01407336594,1.01333023509,1.01401182036
pareto,qcut,100000,100,3,1.01409736909,1.02112456742,0.00702719833612,1.01761096826,1000,0.01,1.4230422313,1.01760572312,1.01763809931,0.00204378636592,1.01409785895,1.02111641176,1.02043369785,1.02103724525
pareto,qcut,100000,100,4,1.02112456742,1.02836753239,0.00724296497035,1.02474604991,1000,0.01,1.38065005712,1.02462437913,1.02457848524,0.00210960445257,1.02112481966,1.02836472674,1.02747037868,1.02828570222
pareto,qcut,100000,100,5,1.02836753239,1.03542294848,0.00705541608276,1.03189524044,1000,0.01,1.41735085255,1.03177680218,1.03179555213,0.00212319529867,1.0283676493,1.03541733825,1.03476601137,1.03536083005
pareto,qcut,100000,100,6,1.03542294848,1.04247787992,0.00705493144246,1.0389504142,1000,0.01,1.41744821783,1.03905614244,1.03905809665,0.00205091181737,1.03542324375,1.04247253277,1.04185781064,1.04238614296
pareto,qcut,100000,100,7,1.04247787992,1.04993126093,0.00745338101341,1.04620457043,1000,0.01,1.34167299136,1.04616491554,1.046086931,0.00219732749737,1.04247822123,1.04991822624,1.04919688767,1.04986633342
pareto,qcut,100000,100,8,1.04993126093,1.05746840941,0.00753714847672,1.05369983517,1000,0.01,1.3267617098,1.0537470727,1.05372667317,0.00214327323373,1.04993224204,1.05746603047,1.0567285349,1.05738413914
pareto,qcut,100000,100,9,1.05746840941,1.0648352614,0.00736685199528,1.06115183541,1000,0.01,1.35743191344,1.06100393343,1.06102983003,0.00212342630699,1.05746861627,1.06482071783,1.06391752065,1.06471198162
pareto,qcut,100000,100,10,1.0648352614,1.07294010486,0.00810484345712,1.06888768313,1000,0.01,1.23383012305,1.06895230695,1.06899612313,0.00233590448266,1.06483669978,1.07293798939,1.07219883202,1.07285424084
pareto,qcut,100000,100,11,1.07294010486,1.08108745162,0.008147346758,1.07701377824,1000,0.01,1.2273934444,1.07688644403,1.07685819173,0.00239932273372,1.07294033991,1.08106453498,1.08025383576,1.08100058442
pareto,qcut,100000,100,12,1.08108745162,1.0890966358,0.00800918418188,1.08509204371,1000,0.01,1.24856661714,1.08511855195,1.08522639186,0.00233483290421,1.08109028401,1.08909138724,1.08831625093,1.08898735608
pareto,qcut,100000,100,13,1.0890966358,1.09754403652,0.00844740072033,1.09332033616,1000,0.01,1.1837960967,1.09333348585,1.09344170404,0.00241678002419,1.08909735151,1.09754351233,1.09661001798,1.09746723173
pareto,qcut,100000,100,14,1.09754403652,1.10582811521,0.0082840786882,1.10168607587,1000,0.01,1.20713483978,1.10171547699,1.10173814394,0.0023644427218,1.09754411485,1.1058208472,1.10501628879,1.10571410033
pareto,qcut,100000,100,15,1.10582811521,1.11400424189,0.00817612668086,1.10991617855,1000,0.01,1.22307302594,1.10985624555,1.10977064668,0.00234128521044,1.10582929837,1.11399900112,1.11316930817,1.11391016108
pareto,qcut,100000,100,16,1.11400424189,1.122614247,0.00861000510514,1.11830924444,1000,0.01,1.16143949718,1.11827794345,1.11823059435,0.00245679755669,1.11400516673,1.12261277759,1.12174426569,1.12247695406
pareto,qcut,100000,100,17,1.122614247,1.13154193721,0.00892769020908,1.1270780921,1000,0.01,1.12011055108,1.12698341203,1.12697534554,0.0024748683535,1.12261452688,1.13154078162,1.13045441725,1.13144569
pareto,qcut,100000,100,18,1.13154193721,1.14047444266,0.00893250545106,1.13600818993,1000,0.01,1.11950673356,1.1360224443,1.13612566825,0.00256543728574,1.13154217389,1.14047347145,1.13955255197,1.14038470043
pareto,qcut,100000,100,19,1.14047444266,1.14985952561,0.00938508295102,1.14516698413,1000,0.01,1.06552068343,1.14511985687,1.14514082663,0.00273090827227,1.14047465585,1.14984284216,1.1488251359,1.14979924039
pareto,qcut,100000,100,20,1.14985952561,1.15923157118,0.0093720455709,1.15454554839,1000,0.01,1.06700292101,1.15460763987,1.15471175192,0.00269511542845,1.14986343901,1.15923149181,1.15837006267,1.15917655385
pareto,qcut,100000,100,21,1.15923157118,1.16921900875,0.009987437574,1.16422528997,1000,0.01,1.00125782273,1.16423758765,1.16421876288,0.00286587898534,1.15923159102,1.16921739491,1.16831549844,1.1691168454
pareto,qcut,100000,100,22,1.16921900875,1.1789302085,0.0097111997463,1.17407460863,1000,0.01,1.02973888513,1.17402809476,1.17412601928,0.00278055468291,1.16921943775,1.17892201701,1.17795184918,1.17886947348
pareto,qcut,100000,100,23,1.1789302085,1.18904790571,0.010117697211,1.1839890571,1000,0.01,0.988367193782,1.18401164219,1.18395321039,0.00287188040733,1.17893251892,1.18904301908,1.18806040007,1.18893283572
pareto,qcut,100000,100,24,1.18904790571,1.20015901839,0.0111111126817,1.19460346205,1000,0.01,0.899999872784,1.19456932714,1.19444085279,0.00318568467386,1.18904936535,1.20014636416,1.19909973757,1.20003641842
pareto,qcut,100000,100,25,1.20015901839,1.21123901455,0.0110799961575,1.20569901647,1000,0.01,0.902527388802,1.20543053425,1.20528802205,0.00316032899162,1.20016301446,1.21120740648,1.20974516495,1.21110797455
pareto,qcut,100000,100,26,1.21123901455,1.22219118508,0.0109521705275,1.21671509981,1000,0.01,0.913061020637,1.21673604265,1.21669367913,0.00315544984311,1.21124955057,1.22215698197,1.2211142462,1.22209311229
pareto,qcut,100000,100,27,1.22219118508,1.23243201575,0.0102408306773,1.22731160041,1000,0.01,0.976483286867,1.22730014262,1.22716899137,0.00293786800399,1.22220320238,1.2324242956,1.23140408928,1.23231637234
pareto,qcut,100000,100,28,1.23243201575,1.24430908846,0.011877072706,1.23837055211,1000,0.01,0.84195830467,1.23821616425,1.23811954677,0.00346234590087,1.23243487115,1.24430679967,1.24305697918,1.24424434595
pareto,qcut,100000,100,29,1.24430908846,1.25543473921,0.0111256507517,1.24987191384,1000,0.01,0.89882382821,1.24996411494,1.25001286695,0.00314501977508,1.24430997854,1.25543070759,1.25415339558,1.2552600956
pareto,qcut,100000,100,30,1.25543473921,1.26727924043,0.0118445012177,1.26135698982,1000,0.01,0.844273626738,1.26135210343,1.26151416366,0.00335031081013,1.25543638593,1.26727742696,1.26603704982,1.26714516612
pareto,qcut,100000,100,31,1.26727924043,1.28004893273,0.0127696922978,1.27366408658,1000,0.01,0.783104225752,1.27377629319,1.27398872902,0.00366278442846,1.26728001763,1.28004826153,1.27861996169,1.27987400592
pareto,qcut,100000,100,32,1.28004893273,1.29238238634,0.0123334536134,1.28621565953,1000,0.01,0.810802903506,1.2863026846,1.28616953633,0.00353867260419,1.28004923428,1.29237480021,1.29116843936,1.29233499917
pareto,qcut,100000,100,33,1.29238238634,1.30503146244,0.0126490760988,1.29870692439,1000,0.01,0.790571573914,1.2986861739,1.29855395572,0.00361128455968,1.29238595629,1.30500159949,1.30370418767,1.30479580152
pareto,qcut,100000,100,34,1.30503146244,1.31844786681,0.0134164043664,1.31173966462,1000,0.01,0.745356186867,1.31176495369,1.3116868898,0.00377539622026,1.30504617106,1.31844498156,1.31695659014,1.31826110925
pareto,qcut,100000,100,35,1.31844786681,1.33206806563,0.0136201988269,1.32525796622,1000,0.01,0.734203672583,1.3250695672,1.32496468304,0.00386901451228,1.31844935315,1.33205250664,1.33056811444,1.33177331381
pareto,qcut,100000,100,36,1.33206806563,1.34596328636,0.0138952207308,1.339015676,1000,0.01,0.719671906889,1.33871021825,1.33847865942,0.00407914458697,1.33207644355,1.34596086272,1.34435983546,1.34582918389
pareto,qcut,100000,100,37,1.34596328636,1.36007485281,0.0141115664452,1.35301906959,1000,0.01,0.708638551138,1.3529979433,1.35306595509,0.00407940836026,1.34596464966,1.36006986202,1.35849581229,1.3599074945
pareto,qcut,100000,100,38,1.36007485281,1.37354790497,0.0134730521575,1.36681137889,1000,0.01,0.742222317784,1.36698001319,1.36714551663,0.00375077114996,1.3600777839,1.37353444062,1.37213843311,1.37332577746
pareto,qcut,100000,100,39,1.37354790497,1.3894840119,0.0159361069318,1.38151595843,1000,0.01,0.627505829546,1.38141942186,1.3813458718,0.00457981889441,1.3735561573,1.38947818573,1.38774470351,1.38927396747
pareto,qcut,100000,100,40,1.3894840119,1.40529874468,0.0158147327781,1.39739137829,1000,0.01,0.632321781233,1.39757795798,1.39769171797,0.00460220732183,1.38948773683,1.40529822067,1.40407212153,1.40512869119
pareto,qcut,100000,100,41,1.40529874468,1.42128652904,0.0159877843684,1.41329263686,1000,0.01,0.6254775377,1.41324698729,1.41317414552,0.00467301521568,1.40529909401,1.42128349275,1.41975996902,1.42113603567
pareto,qcut,100000,100,42,1.42128652904,1.43772632547,0.0164397964294,1.42950642726,1000,0.01,0.608280038194,1.42956044505,1.4294445955,0.00471035459263,1.42128863901,1.43771179449,1.43605661758,1.43760126243
pareto,qcut,100000,100,43,1.43772632547,1.45502529791,0.0172989724371,1.44637581169,1000,0.01,0.578069017472,1.44627553744,1.44621368456,0.0048246309995,1.43773684791,1.45502517616,1.45303158186,1.45484265537
pareto,qcut,100000,100,44,1.45502529791,1.47182320067,0.0167979027593,1.46342424929,1000,0.01,0.595312411514,1.46337714597,1.4633051921,0.00492093047987,1.45502538976,1.47182179576,1.47025291109,1.47176306438
pareto,qcut,100000,100,45,1.47182320067,1.49029523714,0.0184720364714,1.48105921891,1000,0.01,0.541358827191,1.48065950869,1.48064389345,0.00533619725507,1.47182430453,1.49029016193,1.4882632898,1.48990502123
pareto,qcut,100000,100,46,1.49029523714,1.50890939248,0.0186141553362,1.49960231481,1000,0.01,0.537225558687,1.49957527059,1.49952558104,0.00541356169282,1.49029938958,1.50890217453,1.50705498168,1.50879615546
pareto,qcut,100000,100,47,1.50890939248,1.52806771791,0.0191583254357,1.5184885552,1000,0.01,0.521966287376,1.51833026651,1.51812831683,0.0054042138405,1.5089155411,1.52806687094,1.52581666151,1.52791665608
pareto,qcut,100000,100,48,1.52806771791,1.54745376463,0.019386046718,1.53776074127,1000,0.01,0.515834927329,1.53803211196,1.53815011446,0.00555924952805,1.528068469,1.54745355397,1.54545886015,1.54733557341
pareto,qcut,100000,100,49,1.54745376463,1.56788208769,0.02042832306,1.55766792616,1000,0.01,0.489516441002,1.55745713153,1.55715150751,0.00591964099061,1.54745395909,1.56788120555,1.56579172438,1.56772838812
pareto,qcut,100000,100,50,1.56788208769,1.58870332047,0.0208212327804,1.57829270408,1000,0.01,0.480278958766,1.57834849483,1.57830229426,0.00612577903452,1.56788293523,1.58870143023,1.58685915422,1.58850948606
pareto,qcut,100000,100,51,1.58870332047,1.61130724894,0.0226039284672,1.60000528471,1000,0.01,0.442400975323,1.60015740127,1.60043797173,0.0066490518022,1.58870521072,1.61129120666,1.60936810514,1.61113316055
pareto,qcut,100000,100,52,1.61130724894,1.63364455914,0.0223373101959,1.62247590404,1000,0.01,0.447681476073,1.62243472259,1.62212654663,0.00638549436745,1.61132394601,1.6336086305,1.63135882448,1.63337625527
pareto,qcut,100000,100,53,1.63364455914,1.65565719033,0.0220126311941,1.64465087473,1000,0.01,0.454284629212,1.64466091043,1.64441559469,0.00639781182255,1.63368348182,1.65564269712,1.65328403807,1.65541038132
pareto,qcut,100000,100,54,1.65565719033,1.67977176472,0.024114574392,1.66771447753,1000,0.01,0.414686978813,1.66750068853,1.66773406352,0.00704256100085,1.65567353374,1.67976999032,1.67701915358,1.67942566597
pareto,qcut,100000,100,55,1.67977176472,1.70457218634,0.0248004216151,1.69217197553,1000,0.01,0.403218951485,1.69209795005,1.6920379486,0.00721166451986,1.67977384771,1.70456873413,1.70183525962,1.70423518235
pareto,qcut,100000,100,56,1.70457218634,1.73060168286,0.0260294965248,1.7175869346,1000,0.01,0.384179539949,1.71751588994,1.71748360177,0.00770751029586,1.7045764057,1.73059501423,1.72819532836,1.73042376171
pareto,qcut,100000,100,57,1.73060168286,1.75798835473,0.0273866718702,1.7442950188,1000,0.01,0.365141118548,1.7443115115,1.74419257692,0.00807043513763,1.73061017021,1.75796824324,1.75547848998,1.75779028001
pareto,qcut,100000,100,58,1.75798835473,1.78594017735,0.0279518226172,1.77196426604,1000,0.01,0.357758423733,1.77225379735,1.77214420529,0.00795360287578,1.75801501416,1.78591730505,1.78319311354,1.78542019055
pareto,qcut,100000,100,59,1.78594017735,1.81642370411,0.0304835267657,1.80118194073,1000,0.01,0.328046032103,1.80086518104,1.80078615388,0.00874204319795,1.7859717629,1.81641860022,1.81350226529,1.81617807551
pareto,qcut,100000,100,60,1.81642370411,1.84978227554,0.0333585714255,1.83310298983,1000,0.01,0.29977302902,1.83279021601,1.83286735296,0.00961471490023,1.81643104874,1.84977229413,1.84596926461,1.84939605179
pareto,qcut,100000,100,61,1.84978227554,1.88122643455,0.0314441590079,1.86550435504,1000,0.01,0.318024088273,1.86576110304,1.86583160302,0.00926277096724,1.84979724765,1.88122060845,1.87838941284,1.88086864252
pareto,qcut,100000,100,62,1.88122643455,1.91406642769,0.0328399931472,1.89764643112,1000,0.01,0.30450676269,1.89749958395,1.89734481403,0.00946095970019,1.88123554716,1.91406361377,1.91075232051,1.91373104848
pareto,qcut,100000,100,63,1.91406642769,1.94805734344,0.0339909157442,1.93106188557,1000,0.01,0.294196251589,1.93065584405,1.9300773322,0.0100988754164,1.91407101883,1.94802916298,1.94491738904,1.94770167516
pareto,qcut,100000,100,64,1.94805734344,1.98459074493,0.036533401491,1.96632404418,1000,0.01,0.273722117073,1.96653107841,1.96701037274,0.0102591231464,1.94810532638,1.98455358297,1.98062264066,1.98405113413
pareto,qcut,100000,100,65,1.98459074493,2.0215240173,0.0369332723731,2.00305738112,1000,0.01,0.270758569644,2.00299259592,2.00289874101,0.0105345799054,1.98465681063,2.02152305216,2.01779512516,2.02087210746
pareto,qcut,100000,100,66,2.0215240173,2.06047470592,0.0389506886141,2.04099936161,1000,0.01,0.256734870571,2.04031309456,2.03996850275,0.0113508043223,2.02152580972,2.06046637714,2.05662193157,2.06006831316
pareto,qcut,100000,100,67,2.06047470592,2.10278717701,0.0423124710928,2.08163094146,1000,0.01,0.236336941373,2.08199620489,2.0820089925,0.0124265146667,2.06049087354,2.10275931633,2.09895480973,2.1023811808
pareto,qcut,100000,100,68,2.10278717701,2.14773719825,0.0449500212371,2.12526218763,1000,0.01,0.222469305348,2.12495006627,2.12439206829,0.0129392803745,2.10284374262,2.14772950786,2.14337180374,2.14697674121
pareto,qcut,100000,100,69,2.14773719825,2.19412809554,0.0463908972948,2.17093264689,1000,0.01,0.21555952963,2.17041130028,2.16988973879,0.0132243116677,2.14775354032,2.19411997324,2.18916861448,2.19373672088
pareto,qcut,100000,100,70,2.19412809554,2.24331637554,0.049188279994,2.21872223554,1000,0.01,0.203300461029,2.21883860002,2.21907439127,0.0142413932222,2.19414617422,2.24331413376,2.23799404213,2.24292294935
pareto,qcut,100000,100,71,2.24331637554,2.29496989531,0.0516535197779,2.26914313542,1000,0.01,0.193597649163,2.26925631298,2.2693805069,0.0150000433091,2.24332160634,2.2949263378,2.28944996304,2.2945720136
pareto,qcut,100000,100,72,2.29496989531,2.34783185178,0.0528619564655,2.32140087355,1000,0.01,0.189171961626,2.32155071707,2.32213236982,0.0152563046519,2.29507653611,2.34782529885,2.34246514022,2.34737683258
pareto,qcut,100000,100,73,2.34783185178,2.40306097449,0.055229122715,2.37544641314,1000,0.01,0.18106389362,2.37627233936,2.37602243753,0.0162909472437,2.34784870217,2.40305509308,2.39812571765,2.40290107809
pareto,qcut,100000,100,74,2.40306097449,2.46430098245,0.0612400079546,2.43368097847,1000,0.01,0.163291944825,2.43357380176,2.4337247842,0.0175088463966,2.40307687609,2.46428928084,2.45758404334,2.46390333905
pareto,qcut,100000,100,75,2.46430098245,2.52982602123,0.0655250387805,2.49706350184,1000,0.01,0.152613415972,2.49712426657,2.49757277284,0.0190183423307,2.46433428704,2.5297653555,2.52321650269,2.52913802498
pareto,qcut,100000,100,76,2.52982602123,2.59925333232,0.0694273110914,2.56453967678,1000,0.01,0.144035536489,2.56302781475,2.56285328629,0.0197638740715,2.53000801841,2.59924876994,2.59078116136,2.59888646928
pareto,qcut,100000,100,77,2.59925333232,2.67791029726,0.0786569649406,2.63858181479,1000,0.01,0.127134323166,2.63856375899,2.6380635802,0.0233019121655,2.59926777986,2.67787022141,2.6708507172,2.67714630875
pareto,qcut,100000,100,78,2.67791029726,2.76001417024,0.0821038729749,2.71896223375,1000,0.01,0.121796934026,2.71907244331,2.71898268885,0.0239852731288,2.67804446423,2.75997712256,2.75202932368,2.75867340895
pareto,qcut,100000,100,79,2.76001417024,2.84541309831,0.0853989280753,2.80271363427,1000,0.01,0.117097488521,2.8032960361,2.80393282657,0.0253670739637,2.76014552107,2.84541304039,2.83824555188,2.8449973837
pareto,qcut,100000,100,80,2.84541309831,2.93936310305,0.0939500047352,2.89238810068,1000,0.01,0.106439590165,2.89195767051,2.89184017202,0.0282026802244,2.8454133162,2.93936252709,2.93178517844,2.93831317343
pareto,qcut,100000,100,81,2.93936310305,3.04121176756,0.10184866451,2.9902874353,1000,0.01,0.0981848907699,2.98893215285,2.98774450142,0.0296702514477,2.93936540686,3.04120332916,3.03192316956,3.04020563953
pareto,qcut,100000,100,82,3.04121176756,3.15178884316,0.110577075605,3.09650030536,1000,0.01,0.0904346578643,3.09621327262,3.09708513242,0.0315901828574,3.04124774176,3.15178329104,3.13978396714,3.15052072524
pareto,qcut,100000,100,83,3.15178884316,3.27104203383,0.119253190669,3.2114154385,1000,0.01,0.083855198707,3.20959615363,3.20949130489,0.0342409383326,3.15181413616,3.27100216343,3.25750357712,3.2699915169
pareto,qcut,100000,100,84,3.27104203383,3.40340411161,0.132362077777,3.33722307272,1000,0.01,0.0755503401575,3.33713743458,3.33656617264,0.0378902658903,3.2712366952,3.40338571326,3.38944558971,3.40234490609
pareto,qcut,100000,100,85,3.40340411161,3.55955992621,0.156155814606,3.48148201891,1000,0.01,0.0640386016057,3.48120655499,3.4815320339,0.0457651292696,3.40350070292,3.5595594583,3.54470454953,3.55858481848
pareto,qcut,100000,100,86,3.55955992621,3.7304829702,0.170923043983,3.64502144821,1000,0.01,0.0585058618601,3.64148815937,3.63959443401,0.0493425805439,3.55956257772,3.73045349618,3.71088529122,3.72846462617
pareto,qcut,100000,100,87,3.7304829702,3.91629076976,0.185807799566,3.82338686998,1000,0.01,0.0538190540082,3.82119644969,3.81975852578,0.0545656354113,3.73066402485,3.91624014275,3.89743075871,3.91486856544
pareto,qcut,100000,100,88,3.91629076976,4.12423952779,0.20794875803,4.02026514878,1000,0.01,0.0480887700159,4.01992432438,4.02258673877,0.0598506888724,3.91662958131,4.12414460609,4.10081042939,4.12135530156
pareto,qcut,100000,100,89,4.12423952779,4.3658860894,0.241646561602,4.2450628086,1000,0.01,0.0413827531155,4.23902228493,4.23524450381,0.0706890607108,4.12493562026,4.3658808581,4.34020366127,4.36377178121
pareto,qcut,100000,100,90,4.3658860894,4.638932449,0.273046359599,4.5024092692,1000,0.01,0.0366238173425,4.50079874502,4.50452723197,0.0793453622455,4.36592841531,4.63888334603,4.60868169838,4.63673644899
pareto,qcut,100000,100,91,4.638932449,4.99204658638,0.353114137387,4.81548951769,1000,0.01,0.0283194552164,4.80781396954,4.80076149077,0.102759943999,4.63937437567,4.9919489218,4.95502745935,4.98639933117
pareto,qcut,100000,100,92,4.99204658638,5.37460119866,0.38255461228,5.18332389252,1000,0.01,0.0261400586452,5.1805046909,5.18203862786,0.108075541953,4.99303408382,5.37446316108,5.33404418,5.37057527885
pareto,qcut,100000,100,93,5.37460119866,5.85921162963,0.484610430972,5.61690641415,1000,0.01,0.0206351315632,5.61540227456,5.61426339856,0.138992808194,5.37618863084,5.85918684524,5.80659313223,5.85470337123
pareto,qcut,100000,100,94,5.85921162963,6.47939439584,0.62018276621,6.16930301274,1000,0.01,0.0161242790752,6.15799716314,6.14713015167,0.180135481751,5.85954090802,6.47932804085,6.41625584327,6.47447051936
pareto,qcut,100000,100,95,6.47939439584,7.29850240523,0.81910800939,6.88894840054,1000,0.01,0.0122084021709,6.86921160761,6.85422794795,0.236084706611,6.48043395741,7.29849504915,7.20772225887,7.28879752553
pareto,qcut,100000,100,96,7.29850240523,8.48173642225,1.18323401702,7.89011941374,1000,0.01,0.00845141354641,7.86430231358,7.85273640197,0.326605747655,7.29864217089,8.4817004595,8.32236680055,8.46838979556
pareto,qcut,100000,100,97,8.48173642225,10.2610728252,1.77933640291,9.37140462371,1000,0.01,0.00562007273253,9.30144247439,9.28567060575,0.513790324982,8.48259952835,10.2610290675,10.0393918758,10.244854629
pareto,qcut,100000,100,98,10.2610728252,13.5403262774,3.27925345223,11.9006995513,1000,0.01,0.00304947456659,11.7292458486,11.6452689107,0.922587708282,10.2624876555,13.5403078856,13.0949289618,13.4916533129
pareto,qcut,100000,100,99,13.5403262774,21.2192218903,7.67889561289,17.3797740838,1000,0.01,0.00130227060037,16.6718339242,16.3069312657,2.17199244695,13.5412274757,21.2189045376,19.9544344086,21.1162300053
pareto,qcut,100000,100,100,21.2192218903,13086.0765405,13064.8573186,6553.64788119,1000,0.01,7.65412109459e-07,68.1901990064,34.197215924,420.510185186,21.2506398036,13086.0765405,90.3724603283,493.643039484
pareto,log_binning,100000,100,1,1.00000064772,1.09943199921,0.0994313514894,1.04971632347,13210,0.1321,1.32855480712,1.0479177063,1.04699696661,0.0284676512984,1.00000064772,1.09942315119,1.08825464567,1.09822051531
pareto,log_binning,100000,100,2,1.09943199921,1.20874993796,0.109317938745,1.15409096858,11587,0.11587,1.05993582874,1.15116812038,1.14988050242,0.0315092016089,1.09943977141,1.20874511336,1.19596462517,1.20741046892
pareto,log_binning,100000,100,3,1.20874993796,1.32893750005,0.120187562096,1.268843719,9991,0.09991,0.83128402189,1.26641096178,1.26455800569,0.034625732798,1.20875701854,1.32892658611,1.31535738966,1.32746726002
pareto,log_binning,100000,100,4,1.32893750005,1.46107546614,0.132137966086,1.3950064831,8573,0.08573,0.64879158155,1.39217803401,1.39079766535,0.0381389352444,1.32893951093,1.46105777242,1.44628524413,1.45941999745
pareto,log_binning,100000,100,5,1.46107546614,1.60635208027,0.145276614127,1.5337137732,7416,0.07416,0.510474452103,1.53058621299,1.52957725345,0.0418773761617,1.46107681207,1.60635131894,1.5894019694,1.60470124955
pareto,log_binning,100000,100,6,1.60635208027,1.76607373512,0.159721654853,1.68621290769,6492,0.06492,0.406457096,1.68227483181,1.68028851856,0.0458163155677,1.6063546044,1.76606598181,1.74770597403,1.76397722469
pareto,log_binning,100000,100,7,1.76607373512,1.94167671969,0.175602984571,1.8538752274,5540,0.0554,0.315484387326,1.8509607266,1.85084668778,0.0511066994428,1.7661011867,1.94165336158,1.92178101094,1.93990261163
pareto,log_binning,100000,100,8,1.94167671969,2.13474013503,0.193063415343,2.03820842736,4907,0.04907,0.254165191851,2.03386018213,2.03103495195,0.0553643644294,1.94174718385,2.13458010817,2.11289669743,2.13221155833
pareto,log_binning,100000,100,9,2.13474013503,2.34700009425,0.212259959219,2.24087011464,4263,0.04263,0.200838632763,2.23759836884,2.23596956938,0.0615328775866,2.13475734079,2.34699683691,2.32526282239,2.34504118618
pareto,log_binning,100000,100,10,2.34700009425,2.58036533441,0.233365240161,2.46368271433,3786,0.03786,0.162234958273,2.4592603048,2.45548416919,0.0676845270463,2.34704336795,2.58035559105,2.55451214164,2.57772904708
pareto,log_binning,100000,100,11,2.58036533441,2.83693438076,0.256569046352,2.70864985759,3123,0.03123,0.121721620141,2.70613174132,2.7049956076,0.0739941527923,2.58060592165,2.83690537484,2.81072152267,2.83457394215
pareto,log_binning,100000,100,12,2.83693438076,3.11901441762,0.282080036857,2.97797439919,2826,0.02826,0.100184331777,2.97191444158,2.96668381852,0.0821405119728,2.83697443396,3.11899504309,3.08989129574,3.1155333337
pareto,log_binning,100000,100,13,3.11901441762,3.4291420356,0.310127617983,3.27407822661,2453,0.02453,0.079096470542,3.26699218633,3.26286462807,0.0892570605853,3.11908860504,3.42912543363,3.39207415409,3.42512107636
pareto,log_binning,100000,100,14,3.4291420356,3.7701060418,0.340964006199,3.5996240387,2065,0.02065,0.0605635774585,3.59426513543,3.59190705674,0.0981449109871,3.4292284478,3.76980727251,3.73489309992,3.76707393666
pareto,log_binning,100000,100,15,3.7701060418,4.14497253799,0.374866496186,3.9575392899,1873,0.01873,0.0499644545207,3.95367998139,3.94990372598,0.109030306471,3.7704109212,4.14479840307,4.1040079699,4.14081521123
pareto,log_binning,100000,100,16,4.14497253799,4.55711249238,0.412139954387,4.35104251518,1599,0.01599,0.0387975002904,4.34357205895,4.34104218628,0.120791951007,4.14510433405,4.5569356739,4.51614170875,4.55387515197
pareto,log_binning,100000,100,17,4.55711249238,5.01023205289,0.453119560511,4.78367227263,1348,0.01348,0.0297493226397,4.76871947607,4.76293073873,0.133261530172,4.55713734494,5.00987334712,4.96064867606,5.00506356535
pareto,log_binning,100000,100,18,5.01023205289,5.5084058745,0.498173821616,5.25931896369,1228,0.01228,0.0246500307065,5.2481344077,5.23376756346,0.140546531091,5.01028460225,5.50829715738,5.44902197213,5.50339849296
pareto,log_binning,100000,100,19,5.5084058745,6.05611376039,0.547707885891,5.78225981745,1071,0.01071,0.0195542190936,5.77316690755,5.76945401131,0.158117645005,5.50966419438,6.05550077908,6.00014832749,6.05094691075
pareto,log_binning,100000,100,20,6.05611376039,6.65828094633,0.602167185932,6.35719735336,891,0.00891,0.0147965551896,6.34724023744,6.34665977747,0.173463938979,6.05679205675,6.65795114089,6.58896788505,6.65158955284
pareto,log_binning,100000,100,21,6.65828094633,7.3203223906,0.66204144427,6.98930166846,774,0.00774,0.0116911109825,6.97265682401,6.96212876345,0.189791990055,6.65945718172,7.31737104375,7.24872436177,7.31043017583
pareto,log_binning,100000,100,22,7.3203223906,8.04819146777,0.727869077178,7.68425692918,656,0.00656,0.0090126098301,7.68655642549,7.6868852569,0.205897020134,7.321050736,8.04655090595,7.97369712146,8.04092784486
pareto,log_binning,100000,100,23,8.04819146777,8.84843350413,0.800242036352,8.44831248595,562,0.00562,0.00702287526112,8.41656590809,8.40340798236,0.234172768415,8.04823770109,8.84662721853,8.75905204678,8.83965498569
pareto,log_binning,100000,100,24,8.84843350413,9.72824463613,0.879811132006,9.28833907013,520,0.0052,0.0059103594065,9.26520213438,9.27201840518,0.272795939198,8.8493258165,9.72821242146,9.66167366748,9.72581390413
pareto,log_binning,100000,100,25,9.72824463613,10.6955365214,0.967291885254,10.2118905788,407,0.00407,0.00420762342996,10.1781627434,10.1667921294,0.26971500331,9.73309979465,10.689383623,10.571190429,10.6746088689
pareto,log_binning,100000,100,26,10.6955365214,11.7590074838,1.06347096239,11.2272720026,376,0.00376,0.00353559253893,11.2227730352,11.2234078897,0.297989683673,10.6956289019,11.7581729284,11.6418245043,11.749397502
pareto,log_binning,100000,100,27,11.7590074838,12.9282207327,1.16921324896,12.3436141083,321,0.00321,0.00274543587567,12.3012257317,12.2944426683,0.333011620501,11.7602045479,12.9231192822,12.7736012909,12.9092888115
pareto,log_binning,100000,100,28,12.9282207327,14.2136903599,1.28546962718,13.5709555463,292,0.00292,0.00227154336303,13.5518586951,13.5533400223,0.376907199394,12.9324014916,14.2071966045,14.0799067411,14.1871249448
pareto,log_binning,100000,100,29,14.2136903599,15.6269758866,1.41328552672,14.9203331233,231,0.00231,0.00163448924957,14.8782312522,14.8373979142,0.41150486185,14.2151705975,15.6239679484,15.4548769518,15.6135600276
pareto,log_binning,100000,100,30,15.6269758866,17.1807862123,1.55381032566,16.4038810495,231,0.00231,0.00148666794257,16.3439298857,16.2880001513,0.450327431078,15.6383715845,17.1792380168,16.9831668736,17.1615612741
pareto,log_binning,100000,100,31,17.1807862123,18.8890938985,1.70830768623,18.0349400554,191,0.00191,0.00111806556594,17.9838980693,17.9778541341,0.499248983603,17.1855261599,18.8873925952,18.6938881403,18.8567657227
pareto,log_binning,100000,100,32,18.8890938985,20.7672608167,1.87816691821,19.8281773576,159,0.00159,0.000846570123551,19.7837630384,19.7322534372,0.520432441762,18.9301340723,20.7608745731,20.5463390125,20.7332369104
pareto,log_binning,100000,100,33,20.7672608167,22.832176289,2.06491547225,21.7997185529,123,0.00123,0.000595666029205,21.6478136516,21.5871384517,0.561878537144,20.8097895126,22.7932168526,22.4857511396,22.767648156
pareto,log_binning,100000,100,34,22.832176289,25.1024089644,2.27023267538,23.9672926267,128,0.00128,0.000563818860455,23.9339609313,23.848450266,0.663508953114,22.8902913747,25.082149784,24.8359939971,25.0477809026
pareto,log_binning,100000,100,35,25.1024089644,27.5983737967,2.49596483228,26.3503913805,95,0.00095,0.000380614337075,26.2692654675,26.2204633859,0.7627278068,25.1391241862,27.5778296725,27.3972144725,27.5555978089
pareto,log_binning,100000,100,36,27.5983737967,30.3425156247,2.74414182807,28.9704447107,102,0.00102,0.000371700904657,28.9635290691,29.0376613591,0.749857236305,27.6086582629,30.3293380347,29.9635910647,30.3278217146
pareto,log_binning,100000,100,37,30.3425156247,33.3595110067,3.01699538198,31.8510133157,74,0.00074,0.000245277140436,31.7203976182,31.7045308265,0.835041336074,30.3630646841,33.2157272204,32.8882580578,33.1546503992
pareto,log_binning,100000,100,38,33.3595110067,36.6764901226,3.31697911594,35.0180005647,79,0.00079,0.000238168517915,35.0960778206,35.1288520567,0.880295752287,33.4662898807,36.6213506393,36.2628485133,36.6210936926
pareto,log_binning,100000,100,39,36.6764901226,40.3232807413,3.64679061868,38.499885432,68,0.00068,0.000186465325571,38.3664242081,38.2015157983,0.961068006328,36.6772498462,40.2585132985,39.6718782666,40.2269101984
pareto,log_binning,100000,100,40,40.3232807413,44.3326764449,4.00939570362,42.3279785931,68,0.00068,0.000169601618365,42.5196077293,42.5596587986,1.07690324081,40.3857692677,44.2676392321,43.8022514248,44.2535109311
pareto,log_binning,100000,100,41,44.3326764449,48.7407315238,4.40805507887,46.5367039844,36,0.00036,8.16686710032e-05,46.6935153299,46.944638886,1.1929053696,44.4943318748,48.3456733568,48.1910026089,48.3296822865
pareto,log_binning,100000,100,42,48.7407315238,53.5870851927,4.8463536689,51.1639083583,36,0.00036,7.42826513694e-05,51.3867738245,51.5307474957,1.29266111435,48.818364067,53.5808413911,52.760396501,53.5342391007
pareto,log_binning,100000,100,43,53.5870851927,58.9153180446,5.32823285187,56.2512016187,35,0.00035,6.56878199077e-05,56.0762633798,56.3022243245,1.31504990168,53.783740223,57.9489279192,57.656731102,57.9111613673
pareto,log_binning,100000,100,44,58.9153180446,64.7733439468,5.85802590223,61.8443309957,23,0.00023,3.92623733385e-05,61.5026441804,61.2097048678,1.64082746042,59.0542197493,64.6733217986,63.6756160417,64.5256902057
pareto,log_binning,100000,100,45,64.7733439468,71.2138409043,6.44049695747,67.9935924256,22,0.00022,3.41588547363e-05,68.0218641664,68.1272614539,1.65820652423,65.2069496698,70.5060148132,70.1255129236,70.4957862269
pareto,log_binning,100000,100,46,71.2138409043,78.2947247637,7.08088385942,74.754282834,18,0.00018,2.54205553394e-05,75.344846997,75.7760500885,1.85269283459,71.4712918553,78.1913439391,77.5185407241,78.1142244719
pareto,log_binning,100000,100,47,78.2947247637,86.079670019,7.78494525526,82.1871973913,22,0.00022,2.82596720704e-05,81.821196824,81.7355865247,1.93329363878,78.4008039783,85.9756146122,84.4273529258,85.8064902416
pareto,log_binning,100000,100,48,86.079670019,94.6386824009,8.55901238189,90.3591762099,15,0.00015,1.75253864941e-05,90.1402300256,90.1491009542,2.28485437205,87.3952293926,94.5237840923,93.472009148,94.5117785579
pareto,log_binning,100000,100,49,94.6386824009,104.0487284,9.4100459992,99.3437054004,12,0.00012,1.27523287357e-05,99.8147380049,100.809606884,3.2872619497,94.741183275,103.693007391,103.263023772,103.650864117
pareto,log_binning,100000,100,50,104.0487284,114.394427384,10.3456989844,109.221577892,15,0.00015,1.4498778693e-05,110.72178274,110.745806933,2.51596691639,105.217520702,113.56983436,113.325828533,113.568430543
pareto,log_binning,100000,100,51,114.394427384,125.768812535,11.3743851503,120.08161996,7,7e-05,6.15417880398e-06,118.126373052,116.815510449,2.98609745911,115.409333614,122.95204604,122.285476583,122.885389094
pareto,log_binning,100000,100,52,125.768812535,138.27416744,12.5053549055,132.021489988,7,7e-05,5.59760202959e-06,130.376763983,130.576933047,2.94841848668,125.868925708,133.419129946,133.350501942,133.412267145
pareto,log_binning,100000,100,53,138.27416744,152.02294588,13.7487784393,145.14855666,10,0.0001,7.2733734449e-06,145.752626409,146.132252135,5.24205510666,138.628845484,151.590473783,151.419944989,151.573420903
pareto,log_binning,100000,100,54,152.02294588,167.138783055,15.1158371753,159.580864467,,0,0,,,,,,,
pareto,log_binning,100000,100,55,167.138783055,183.757607376,16.6188243211,175.448195215,5,5e-05,3.00863641339e-06,174.248804839,175.165184219,4.47534030312,167.836036332,180.150188034,178.217988356,179.956968066
pareto,log_binning,100000,100,56,183.757607376,202.028862789,18.2712554132,192.893235083,4,4e-05,2.1892310679e-06,191.604726998,192.137475882,2.99246456085,187.970483541,194.173472688,194.103119702,194.166437389
pareto,log_binning,100000,100,57,202.028862789,222.116852645,20.0879898556,212.072857717,4,4e-05,1.99123955596e-06,211.369817904,210.899429118,4.83809578424,207.015619065,216.664794316,215.947727167,216.593087601
pareto,log_binning,100000,100,58,222.116852645,244.202217187,22.0853645419,233.159534916,5,5e-05,2.26394270764e-06,235.447050774,235.439651128,4.40369180226,230.236483708,240.540423061,239.927128161,240.479093571
pareto,log_binning,100000,100,59,244.202217187,268.483557951,24.281340764,256.342887569,6,6e-05,2.47103323425e-06,256.931715465,259.331043811,8.26445712389,245.856017823,266.288681294,264.418948881,266.101708052
pareto,log_binning,100000,100,60,268.483557951,295.179223679,26.6956657283,281.831390815,3,3e-05,1.12377793104e-06,290.86063734,290.733729793,1.75087325428,289.176670727,292.671511501,292.283955159,292.632755866
pareto,log_binning,100000,100,61,295.179223679,324.52927381,29.3500501313,309.854248744,1,1e-05,3.40714920597e-07,318.683242647,318.683242647,,318.683242647,318.683242647,318.683242647,318.683242647
pareto,log_binning,100000,100,62,324.52927381,356.797637202,32.2683633919,340.663455506,1,1e-05,3.09901059392e-07,355.550996515,355.550996515,,355.550996515,355.550996515,355.550996515,355.550996515
pareto,log_binning,100000,100,63,356.797637202,392.274485498,35.4768482961,374.53606135,,0,0,,,,,,,
pareto,log_binning,100000,100,64,392.274485498,431.278842482,39.0043569839,411.77666399,1,1e-05,2.56381614088e-07,420.263234329,420.263234329,,420.263234329,420.263234329,420.263234329,420.263234329
pareto,log_binning,100000,100,65,431.278842482,474.161452883,42.8826104008,452.720147682,2,2e-05,4.66389518108e-07,433.340966529,433.340966529,0.238298987278,433.172463699,433.509469359,433.475768793,433.506099302
pareto,log_binning,100000,100,66,474.161452883,521.307936429,47.1464835465,497.734694656,1,1e-05,2.12104896225e-07,493.067113231,493.067113231,,493.067113231,493.067113231,493.067113231,493.067113231
pareto,log_binning,100000,100,67,521.307936429,573.142255516,51.8343190871,547.225095973,1,1e-05,1.92922376065e-07,550.65973856,550.65973856,,550.65973856,550.65973856,550.65973856,550.65973856
pareto,log_binning,100000,100,68,573.142255516,630.130527665,56.9882721491,601.636391591,3,3e-05,5.26424102165e-07,609.932700451,610.388838478,19.2775590874,590.431120134,628.97814274,625.260281888,628.606356655
pareto,log_binning,100000,100,69,630.130527665,692.785217063,62.6546893977,661.457872364,2,2e-05,3.19209945692e-07,679.382491238,679.382491238,5.59043044191,675.429459963,683.335522513,682.544916258,683.256461888
pareto,log_binning,100000,100,70,692.785217063,761.669742869,68.8845258064,727.227479966,1,1e-05,1.45170484705e-07,693.76728745,693.76728745,,693.76728745,693.76728745,693.76728745,693.76728745
pareto,log_binning,100000,100,71,761.669742869,837.403545737,75.7338028676,799.536644303,1,1e-05,1.32041434886e-07,773.077312713,773.077312713,,773.077312713,773.077312713,773.077312713,773.077312713
pareto,log_binning,100000,100,72,837.403545737,920.6676581,83.2641123626,879.035601918,,0,0,,,,,,,
pareto,log_binning,100000,100,73,920.6676581,1012.21082832,91.5431702229,966.439243211,,0,0,,,,,,,
pareto,log_binning,100000,100,74,1012.21082832,1112.85625378,100.645425462,1062.53354105,,0,0,,,,,,,
pareto,log_binning,100000,100,75,1112.85625378,1223.50898344,110.652729655,1168.18261861,,0,0,,,,,,,
pareto,log_binning,100000,100,76,1223.50898344,1345.16405642,121.655072984,1284.33651993,,0,0,,,,,,,
pareto,log_binning,100000,100,77,1345.16405642,1478.9154499,133.751393471,1412.03975316,1,1e-05,7.47655761967e-08,1402.89924774,1402.89924774,,1402.89924774,1402.89924774,1402.89924774,1402.89924774
pareto,log_binning,100000,100,78,1478.9154499,1625.96591657,147.050466674,1552.44068323,,0,0,,,,,,,
pareto,log_binning,100000,100,79,1625.96591657,1787.63780041,161.671883842,1706.80185849,,0,0,,,,,,,
pareto,log_binning,100000,100,80,1787.63780041,1965.38492775,177.747127338,1876.51136408,,0,0,,,,,,,
pareto,log_binning,100000,100,81,1965.38492775,2160.80568073,195.420752985,2063.09530424,,0,0,,,,,,,
pareto,log_binning,100000,100,82,2160.80568073,2375.65737071,214.851689977,2268.23152572,,0,0,,,,,,,
pareto,log_binning,100000,100,83,2375.65737071,2611.87204075,236.214670044,2493.76470573,,0,0,,,,,,,
pareto,log_binning,100000,100,84,2611.87204075,2871.57383947,259.701798715,2741.72294011,,0,0,,,,,,,
pareto,log_binning,100000,100,85,2871.57383947,3157.09812229,285.52428282,3014.33598088,,0,0,,,,,,,
pareto,log_binning,100000,100,86,3157.09812229,3471.01245204,313.914329755,3314.05528717,,0,0,,,,,,,
pareto,log_binning,100000,100,87,3471.01245204,3816.13968764,345.127235597,3643.57606984,,0,0,,,,,,,
pareto,log_binning,100000,100,88,3816.13968764,4195.58336848,379.44368084,4005.86152806,,0,0,,,,,,,
pareto,log_binning,100000,100,89,4195.58336848,4612.75562288,417.172254403,4404.16949568,,0,0,,,,,,,
pareto,log_binning,100000,100,90,4612.75562288,5071.40785148,458.652228594,4842.08173718,,0,0,,,,,,,
pareto,log_binning,100000,100,91,5071.40785148,5575.66446149,504.256610008,5323.53615648,,0,0,,,,,,,
pareto,log_binning,100000,100,92,5575.66446149,6130.05995525,554.395493763,5852.86220837,,0,0,,,,,,,
pareto,log_binning,100000,100,93,6130.05995525,6739.57970651,609.519751262,6434.81983088,,0,0,,,,,,,
pareto,log_binning,100000,100,94,6739.57970651,7409.70479114,670.125084634,7074.64224883,,0,0,,,,,,,
pareto,log_binning,100000,100,95,7409.70479114,8146.46127545,736.756484307,7778.0830333,,0,0,,,,,,,
pareto,log_binning,100000,100,96,8146.46127545,8956.47440526,810.013129811,8551.46784036,,0,0,,,,,,,
pareto,log_binning,100000,100,97,8956.47440526,9847.02818313,890.553777864,9401.75129419,,0,0,,,,,,,
pareto,log_binning,100000,100,98,9847.02818313,10826.1308693,979.102686216,10336.5795262,,0,0,,,,,,,
pareto,log_binning,100000,100,99,10826.1308693,11902.5869958,1076.4561265,11364.3589326,,0,0,,,,,,,
pareto,log_binning,100000,100,100,11902.5869958,13086.0765405,1183.48954464,12494.3317682,1,1e-05,8.44958879887e-09,13086.0765405,13086.0765405,,13086.0765405,13086.0765405,13086.0765405,13086.0765405
exponential,cut,1000000,25,1,-0.014101609642,0.564105456905,0.578207066547,0.275001923631,430984,0.430984,0.745380028947,0.255785668752,0.243053605721,0.161583629388,1.00173717024e-06,0.564104699515,0.491276938949,0.556604823908
exponential,cut,1000000,25,2,0.564105456905,1.12820991207,0.564104455168,0.846157684489,245573,0.245573,0.435332495162,0.819137305797,0.805927364754,0.161380778478,0.564105935065,1.12820984253,1.0547816217,1.12056253998
exponential,cut,1000000,25,3,1.12820991207,1.69231436724,0.564104455168,1.41026213966,139957,0.139957,0.248104759177,1.38426164052,1.37196289368,0.161884603368,1.12821073365,1.69230227977,1.61925755465,1.68489205914
exponential,cut,1000000,25,4,1.69231436724,2.25641882241,0.564104455168,1.97436659482,78918,0.078918,0.139899621918,1.9479335032,1.93470728985,0.161984993017,1.69231655913,2.25641769657,2.18412159235,2.24938224138
exponential,cut,1000000,25,5,2.25641882241,2.82052327758,0.564104455168,2.53847104999,45021,0.045021,0.079809686996,2.51258803895,2.4984902534,0.161383764203,2.25642426719,2.82051639803,2.74774125056,2.81244596487
exponential,cut,1000000,25,6,2.82052327758,3.38462773274,0.564104455168,3.10257550516,25592,0.025592,0.0453674842763,3.07521571424,3.06243424226,0.161346491156,2.82054906847,3.38462742869,3.31000486393,3.37639502839
exponential,cut,1000000,25,7,3.38462773274,3.94873218791,0.564104455168,3.66667996033,14672,0.014672,0.0260093673531,3.63897288104,3.62668464471,0.159722953259,3.3846823134,3.94864858939,3.87354668745,3.94021709096
exponential,cut,1000000,25,8,3.94873218791,4.51283664308,0.564104455168,4.2307844155,8410,0.00841,0.0149085863849,4.2026237365,4.18902345594,0.160592089722,3.94880741527,4.51282825868,4.43844322126,4.50468795622
exponential,cut,1000000,25,9,4.51283664308,5.07694109825,0.564104455168,4.79488887066,4570,0.00457,0.00810133647791,4.77195001045,4.76477307807,0.162744856744,4.51326231259,5.07693391398,5.00572108542,5.07035152251
exponential,cut,1000000,25,10,5.07694109825,5.64104555341,0.564104455168,5.35899332583,2684,0.002684,0.00475798404961,5.33155549355,5.31554573375,0.164122867034,5.07698840449,5.64070188287,5.57169532365,5.63199228277
exponential,cut,1000000,25,11,5.64104555341,6.20515000858,0.564104455168,5.923097781,1564,0.001564,0.00277253616005,5.89928360188,5.8826251431,0.163681358623,5.64127670731,6.20505946588,6.13911396714,6.19940703108
exponential,cut,1000000,25,12,6.20515000858,6.76925446375,0.564104455168,6.48720223617,887,0.000887,0.00157240381967,6.4685000135,6.46263024088,0.163743253664,6.20523466748,6.76657147715,6.69885239857,6.76275075305
exponential,cut,1000000,25,13,6.76925446375,7.33335891892,0.564104455168,7.05130669133,509,0.000509,0.000902315156948,7.02818492098,7.01891927569,0.166323491929,6.76934791162,7.3332399609,7.26485757183,7.32995094021
exponential,cut,1000000,25,14,7.33335891892,7.89746337409,0.564104455168,7.6154111465,269,0.000269,0.000476862037759,7.5790457611,7.55249594697,0.166563810936,7.33346219392,7.89652687466,7.82657432946,7.89555662157
exponential,cut,1000000,25,15,7.89746337409,8.46156782925,0.564104455168,8.17951560167,158,0.000158,0.000280089970133,8.15055456906,8.14144834033,0.159277264576,7.89880607103,8.45886132537,8.40048541757,8.44610881393
exponential,cut,1000000,25,16,8.46156782925,9.02567228442,0.564104455168,8.74362005684,108,0.000108,0.000191453903635,8.74234567894,8.76820392287,0.160318438222,8.46333932015,9.01376256979,8.94606112758,9.01160471005
exponential,cut,1000000,25,17,9.02567228442,9.58977673959,0.564104455168,9.307724512,61,6.1e-05,0.000108136001127,9.28840158868,9.23828282943,0.165969608197,9.03499835341,9.58966225623,9.53009910948,9.5875267366
exponential,cut,1000000,25,18,9.58977673959,10.1538811948,0.564104455168,9.87182896717,29,2.9e-05,5.14089185688e-05,9.85596660428,9.8772370244,0.16315038712,9.59363723989,10.146088687,10.0669087707,10.1294620197
exponential,cut,1000000,25,19,10.1538811948,10.7179856499,0.564104455168,10.4359334223,16,1.6e-05,2.83635412793e-05,10.3349773184,10.2594724238,0.161177565391,10.1560251045,10.7133862643,10.5737074775,10.6927937027
exponential,cut,1000000,25,20,10.7179856499,11.2820901051,0.564104455168,11.0000378775,11,1.1e-05,1.94999346295e-05,10.9377986821,10.9171005994,0.14025624367,10.769840312,11.2187975408,11.1287206958,11.2097898563
exponential,cut,1000000,25,21,11.2820901051,11.8461945603,0.564104455168,11.5641423327,3,3e-06,5.31816398987e-06,11.4750373639,11.476297062,0.141260952446,11.333150775,11.6156642547,11.5877908161,11.6128769108
exponential,cut,1000000,25,22,11.8461945603,12.4102990154,0.564104455168,12.1282467878,1,1e-06,1.77272132996e-06,12.1394168942,12.1394168942,,12.1394168942,12.1394168942,12.1394168942,12.1394168942
exponential,cut,1000000,25,23,12.4102990154,12.9744034706,0.564104455168,12.692351243,2,2e-06,3.54544265992e-06,12.4898048975,12.4898048975,0.0790394021841,12.4339156003,12.5456941948,12.5345163354,12.5445764089
exponential,cut,1000000,25,24,12.9744034706,13.5385079258,0.564104455168,13.2564556982,,0,0,,,,,,,
exponential,cut,1000000,25,25,13.5385079258,14.1026123809,0.564104455168,13.8205601533,1,1e-06,1.77272132996e-06,14.1026123809,14.1026123809,,14.1026123809,14.1026123809,14.1026123809,14.1026123809
exponential,qcut,1000000,25,1,1.00173717024e-06,0.0408636616859,0.0408626599488,0.0204323317116,40000,0.04,0.978888796034,0.0203009104264,0.020226201733,0.0117863561332,1.00173717024e-06,0.0408634696172,0.0366846654344,0.04045483156
exponential,qcut,1000000,25,2,0.0408636616859,0.0834064872356,0.0425428255497,0.0621350744608,40000,0.04,0.940229039402,0.0619759444246,0.0619462527389,0.0122852905632,0.0408636696888,0.0834062291115,0.0790461287328,0.0829795509716
exponential,qcut,1000000,25,3,0.0834064872356,0.127958224774,0.0445517375386,0.105682356005,40000,0.04,0.89783254728,0.105478707307,0.105401114538,0.0128891699148,0.0834065096812,0.12795766753,0.123485729636,0.127509411136
exponential,qcut,1000000,25,4,0.127958224774,0.174692848651,0.046734623877,0.151325536713,40000,0.04,0.855896478492,0.151136290706,0.151014643063,0.0134893270399,0.127958300762,0.174692008973,0.169932570758,0.174214553619
exponential,qcut,1000000,25,5,0.174692848651,0.223655226537,0.0489623778858,0.199174037594,40000,0.04,0.8169537863,0.199023619716,0.198957436194,0.0141291021706,0.17469300859,0.223652912731,0.218698157471,0.223189846353
exponential,qcut,1000000,25,6,0.223655226537,0.274823521338,0.051168294801,0.249239373937,40000,0.04,0.781734082708,0.248993682293,0.248811603462,0.0148273125934,0.223655804989,0.274823231265,0.26965086206,0.27428750194
exponential,qcut,1000000,25,7,0.274823521338,0.328283486969,0.0534599656312,0.301553504154,40000,0.04,0.74822345147,0.301208641623,0.301080608135,0.0153723970229,0.27482361294,0.328282639729,0.322686141528,0.327728735973
exponential,qcut,1000000,25,8,0.328283486969,0.385888569901,0.0576050829322,0.357086028435,40000,0.04,0.694383168358,0.356811270948,0.356664278524,0.0166288749138,0.328283816451,0.385887219866,0.379900624718,0.385270780978
exponential,qcut,1000000,25,9,0.385888569901,0.447012727995,0.0611241580936,0.416450648948,40000,0.04,0.654405741487,0.416087455862,0.415764607938,0.0176199577263,0.385889205212,0.447012271165,0.440700638243,0.446388680027
exponential,qcut,1000000,25,10,0.447012727995,0.511111335412,0.0640986074174,0.479062031704,40000,0.04,0.624038518333,0.478743845265,0.478613425104,0.018512790348,0.447012984961,0.511110173423,0.504559472659,0.510453729578
exponential,qcut,1000000,25,11,0.511111335412,0.580112841991,0.069001506579,0.545612088702,40000,0.04,0.579697487535,0.545185785602,0.545126098598,0.0199589091221,0.511112110072,0.58011258987,0.573089754441,0.579387043031
exponential,qcut,1000000,25,12,0.580112841991,0.653598931856,0.0734860898652,0.616855886924,40000,0.04,0.544320701692,0.616507258462,0.616302253835,0.02118610881,0.580113040087,0.653598705106,0.64614116857,0.652824966794
exponential,qcut,1000000,25,13,0.653598931856,0.733155814613,0.0795568827565,0.693377373235,40000,0.04,0.502784908283,0.692932654281,0.692765506418,0.0229256695624,0.653599141165,0.733152484607,0.724858956098,0.73226413141
exponential,qcut,1000000,25,14,0.733155814613,0.820180081373,0.0870242667604,0.776667947993,40000,0.04,0.459641907816,0.775908164723,0.775506923213,0.0251141185748,0.733159422119,0.820179877073,0.810982289215,0.819336149417
exponential,qcut,1000000,25,15,0.820180081373,0.914937044403,0.09475696303,0.867558562888,40000,0.04,0.422132566525,0.867022242268,0.86678300556,0.0272601293714,0.820180341391,0.914936465327,0.905056808485,0.913947013943
exponential,qcut,1000000,25,16,0.914937044403,1.02029487007,0.105357825664,0.967615957235,40000,0.04,0.379658556429,0.966665618194,0.966333311417,0.0303803298089,0.914937913017,1.02029383197,1.00941384019,1.01912425635
exponential,qcut,1000000,25,17,1.02029487007,1.13874725771,0.118452387645,1.07952106389,40000,0.04,0.337688423131,1.07851724584,1.07817334274,0.034280449439,1.02029671557,1.13874677308,1.12644125596,1.13748191061
exponential,qcut,1000000,25,18,1.13874725771,1.27169495456,0.13294769685,1.20522110614,40000,0.04,0.300870198941,1.20343645661,1.20226905972,0.0385408015068,1.13874828755,1.27169473091,1.25757167833,1.27033192789
exponential,qcut,1000000,25,19,1.27169495456,1.42668542161,0.154990467051,1.34919018809,40000,0.04,0.25808038882,1.34743036371,1.34662632101,0.0445845912618,1.27169552967,1.42668311,1.4099725514,1.42502524366
exponential,qcut,1000000,25,20,1.42668542161,1.60644095412,0.179755532502,1.51656318786,40000,0.04,0.222524444412,1.51424911415,1.51297855252,0.0518215060489,1.42669274172,1.60644067957,1.58710588811,1.60444219817
exponential,qcut,1000000,25,21,1.60644095412,1.82975561133,0.223314657216,1.71809828272,40000,0.04,0.17911945637,1.71357008113,1.71106939111,0.0642277784467,1.60644205231,1.82975480012,1.80503886952,1.82731004109
exponential,qcut,1000000,25,22,1.82975561133,2.11823887635,0.288483265016,1.97399724384,40000,0.04,0.138656223257,1.96677733085,1.96272311215,0.0833418210013,1.8297598702,2.11823847855,2.0855510523,2.11485101269
exponential,qcut,1000000,25,23,2.11823887635,2.5238551038,0.405616227456,2.32104699008,40000,0.04,0.0986153839328,2.30852562836,2.30209972634,0.11656347736,2.11824179352,2.5238539094,2.4756732259,2.51871237924
exponential,qcut,1000000,25,24,2.5238551038,3.21932269442,0.695467590619,2.87158889911,40000,0.04,0.0575152610122,2.83201503946,2.81242386186,0.197697619861,2.52386883946,3.21932207261,3.12217068009,3.20937769477
exponential,qcut,1000000,25,25,3.21932269442,14.1026123809,10.8832896865,8.66096753768,40000,0.04,0.00367535930332,4.22075752103,3.90732573229,1.00400363198,3.2193376179,14.1026123809,5.54242335074,7.8698970891
exponential,log_binning,1000000,25,1,1.00173717024e-06,1.93506527761e-06,9.33328107378e-07,1.46840122392e-06,1,1e-06,1.07143457065,1.00173717024e-06,1.00173717024e-06,,1.00173717024e-06,1.00173717024e-06,1.00173717024e-06,1.00173717024e-06
exponential,log_binning,1000000,25,2,1.93506527761e-06,3.73798411388e-06,1.80291883627e-06,2.83652469575e-06,4,4e-06,2.21862455455,2.92546482347e-06,2.88793373555e-06,5.66714636382e-07,2.32923252294e-06,3.59675929985e-06,3.46750678562e-06,3.58383404843e-06
exponential,log_binning,1000000,25,3,3.73798411388e-06,7.22069968248e-06,3.4827155686e-06,5.47934189818e-06,4,4e-06,1.14852904902,5.31096308212e-06,4.92107403995e-06,1.24182459563e-06,4.29633744577e-06,7.10536680283e-06,6.50739709428e-06,7.04556983197e-06
exponential,log_binning,1000000,25,4,7.22069968248e-06,1.39482946733e-05,6.72759499082e-06,1.05844971779e-05,3,3e-06,0.445924584356,1.06419809357e-05,1.07870697992e-05,1.00820648378e-06,9.56909044875e-06,1.15697825592e-05,1.14132400072e-05,1.1554128304e-05
exponential,log_binning,1000000,25,5,1.39482946733e-05,2.69440542951e-05,1.29957596218e-05,2.04461744842e-05,14,1.4e-05,1.07727446547,2.24231122979e-05,2.37388303174e-05,3.11515544155e-06,1.68426321456e-05,2.65738813638e-05,2.52350191011e-05,2.64170278054e-05
exponential,log_binning,1000000,25,6,2.69440542951e-05,5.20480875161e-05,2.5104033221e-05,3.94960709056e-05,33,3.3e-05,1.31452980919,4.02570412546e-05,4.06562777417e-05,7.00166585061e-06,2.76407732275e-05,5.06449935968e-05,4.96817481722e-05,5.05071509694e-05
exponential,log_binning,1000000,25,7,5.20480875161e-05,0.000100541788716,4.84937011997e-05,7.6294938116e-05,58,5.8e-05,1.19603161988,7.79254736117e-05,7.83742023025e-05,1.42860280475e-05,5.277041365e-05,9.91796837383e-05,9.54165856332e-05,9.89963101818e-05
exponential,log_binning,1000000,25,8,0.000100541788716,0.000194217535372,9.36757466557e-05,0.000147379662044,110,0.00011,1.17426339183,0.000148596080141,0.000147084249492,2.6139147715e-05,0.000100892859915,0.000192343981313,0.000182072172707,0.000192183131061
exponential,log_binning,1000000,25,9,0.000194217535372,0.000375171871593,0.000180954336221,0.000284694703482,163,0.000163,0.900779740369,0.000289883257373,0.000288952298265,5.07532992333e-05,0.000194447007259,0.000373289368081,0.000359637172997,0.000371927392894
exponential,log_binning,1000000,25,10,0.000375171871593,0.000724723094468,0.000349551222875,0.00054994748303,361,0.000361,1.03275278808,0.000548734305478,0.000550111935237,9.95460433231e-05,0.000375457102943,0.000722967265196,0.00069132812745,0.000720771908678
exponential,log_binning,1000000,25,11,0.000724723094468,0.00139995453664,0.00067523144217,0.00106233881555,652,0.000652,0.965594845384,0.00106353870947,0.00107268913871,0.000194898879743,0.000724803223473,0.00139984448012,0.00133011015101,0.00139386607
exponential,log_binning,1000000,25,12,0.00139995453664,0.00270430557493,0.0013043510383,0.00205213005579,1234,0.001234,0.946064336801,0.00206491747254,0.00206328906778,0.000373345712502,0.00140094567693,0.00270174506458,0.00258299589261,0.00268910660445
exponential,log_binning,1000000,25,13,0.00270430557493,0.00522393295726,0.00251962738233,0.0039641192661,2530,0.00253,1.00411672684,0.00394899151123,0.00392382139846,0.000734603985286,0.00270854428616,0.00522110264097,0.00497666277193,0.00519353781527
exponential,log_binning,1000000,25,14,0.00522393295726,0.0100911212826,0.00486718832538,0.00765752711996,4863,0.004863,0.999139477434,0.00762059679528,0.00760125763709,0.00140202788411,0.00522485153237,0.010091038232,0.00956718083855,0.010039070479
exponential,log_binning,1000000,25,15,0.0100911212826,0.0194931155461,0.00940199426347,0.0147921184144,9224,0.009224,0.981068456491,0.0147874975532,0.0148293696068,0.00271045540738,0.0100941461891,0.0194917824707,0.0185406479306,0.0194085257549
exponential,log_binning,1000000,25,16,0.0194931155461,0.0376550378349,0.0181619222887,0.0285740766905,17718,0.017718,0.975557527354,0.0285707173332,0.028543582321,0.00523962354386,0.0194959858004,0.037653272563,0.0358125418769,0.0374499364378
exponential,log_binning,1000000,25,17,0.0376550378349,0.0727385969159,0.0350835590811,0.0551968173754,33158,0.033158,0.945115058691,0.0551160416487,0.0550985453536,0.0101230874559,0.0376558991063,0.0727383849316,0.0691257510817,0.0724186206223
exponential,log_binning,1000000,25,18,0.0727385969159,0.140509843716,0.0677712468002,0.106624220316,60784,0.060784,0.896899538815,0.106184802913,0.105974378343,0.0195740179546,0.0727388713932,0.140507117392,0.133447356136,0.139809752945
exponential,log_binning,1000000,25,19,0.140509843716,0.27142420968,0.130914365964,0.205967026698,106406,0.106406,0.812790859252,0.204588264243,0.204025678834,0.0377559983119,0.140511058344,0.271422602205,0.257568584759,0.269980164836
exponential,log_binning,1000000,25,20,0.27142420968,0.524312743163,0.252888533484,0.397868476422,170606,0.170606,0.674629243366,0.392418950465,0.389824391126,0.0731638614363,0.271424712425,0.52431243698,0.496072256713,0.521398065281
exponential,log_binning,1000000,25,21,0.524312743163,1.01281994325,0.488507200083,0.768566343205,229327,0.229327,0.46944446256,0.748596776653,0.738431081416,0.140029742661,0.524313941249,1.01281332966,0.951399465403,1.00648835455
exponential,log_binning,1000000,25,22,1.01281994325,1.95647397629,0.943654033047,1.48464695977,221858,0.221858,0.235105231611,1.41185845992,1.37859155465,0.266204780069,1.01282375673,1.9564726464,1.8102547976,1.94107119982
exponential,log_binning,1000000,25,23,1.95647397629,3.77933950199,1.82286552569,2.86790673914,118140,0.11814,0.0648100467833,2.60783855289,2.50142756517,0.48691136933,1.95647438825,3.77933854477,3.36574227077,3.72850497334
exponential,log_binning,1000000,25,24,3.77933950199,7.30058628142,3.52124677943,5.5399628917,22062,0.022062,0.00626539444178,4.67690803382,4.43810551042,0.787707361439,3.77934387679,7.30052088508,5.86281345056,7.02436951428
exponential,log_binning,1000000,25,25,7.30058628142,14.1026123809,6.80202609951,10.7015993312,687,0.000687,0.000100999318431,8.2960695191,8.04073046396,0.93129013218,7.3013090326,14.1026123809,9.53413839493,11.2348069936
exponential,cut,1000000,50,1,-0.014101609642,0.282053229321,0.296154838963,0.13397580984,245434,0.245434,0.828735403613,0.134411983035,0.131095900587,0.0813079653065,1.00173717024e-06,0.282052767957,0.249976697763,0.278753541577
exponential,cut,1000000,50,2,0.282053229321,0.564105456905,0.282052227584,0.423079343113,185550,0.18555,0.657856885547,0.416331231566,0.413045039038,0.0814827162987,0.282053788996,0.564104699515,0.531866682817,0.560817305261
exponential,cut,1000000,50,3,0.564105456905,0.846157684489,0.282052227584,0.705131570697,140162,0.140162,0.496936334099,0.698178733458,0.694908572374,0.0810532372137,0.564105935065,0.846155947488,0.813620748447,0.842887418271
exponential,cut,1000000,50,4,0.846157684489,1.12820991207,0.282052227584,0.987183798281,105411,0.105411,0.373728656224,0.979972469262,0.976340514221,0.0813356328757,0.8461587216,1.12820984253,1.096021817,1.12494233341
exponential,cut,1000000,50,5,1.12820991207,1.41026213966,0.282052227584,1.26923602586,79517,0.079517,0.281922963988,1.26222580306,1.25873916555,0.081551596118,1.12821073365,1.41026207588,1.37835964492,1.40708698722
exponential,cut,1000000,50,6,1.41026213966,1.69231436724,0.282052227584,1.55128825345,60440,0.06044,0.214286554365,1.54481630112,1.54183760689,0.081016683727,1.41026640138,1.69230227977,1.66040801956,1.68895672195
exponential,cut,1000000,50,7,1.69231436724,1.97436659482,0.282052227584,1.83334048103,45119,0.045119,0.159966827373,1.82674892511,1.8240055781,0.081495847074,1.69231655913,1.9743590276,1.9424962235,1.97100258878
exponential,cut,1000000,50,8,1.97436659482,2.25641882241,0.282052227584,2.11539270862,33799,0.033799,0.119832416462,2.10970535973,2.1063174333,0.0813976061275,1.97438401793,2.25641769657,2.22546365089,2.25329720458
exponential,cut,1000000,50,9,2.25641882241,2.53847104999,0.282052227584,2.3974449362,25685,0.025685,0.0910646947199,2.39146994092,2.38892330516,0.0808453595025,2.25642426719,2.53846329967,2.50567649555,2.53496007142
exponential,cut,1000000,50,10,2.53847104999,2.82052327758,0.282052227584,2.67949716378,19336,0.019336,0.0685546792721,2.67347541731,2.67067375682,0.0811627887165,2.53847353485,2.82051639803,2.7883617943,2.81733073223
exponential,cut,1000000,50,11,2.82052327758,3.10257550516,0.282052227584,2.96154939137,14686,0.014686,0.0520683709035,2.95519485186,2.95156481643,0.0818178488837,2.82054906847,3.10252374967,3.071158228,3.09977664586
exponential,cut,1000000,50,12,3.10257550516,3.38462773274,0.282052227584,3.24360161895,10906,0.010906,0.038666597649,3.23683559183,3.23475717382,0.0809568127668,3.10257958151,3.38462742869,3.35242074391,3.38102810874
exponential,cut,1000000,50,13,3.38462773274,3.66667996033,0.282052227584,3.52565384654,8456,0.008456,0.0299802631322,3.52098204167,3.51863595294,0.0810804989044,3.3846823134,3.66667347923,3.63534164014,3.66366522975
exponential,cut,1000000,50,14,3.66667996033,3.94873218791,0.282052227584,3.80770607412,6216,0.006216,0.022038471574,3.7994829418,3.79645973192,0.0810486841646,3.66668300619,3.94864858939,3.91386187112,3.94482474779
exponential,cut,1000000,50,15,3.94873218791,4.2307844155,0.282052227584,4.0897583017,4811,0.004811,0.0170571246369,4.08265312806,4.07961269812,0.0805792022361,3.94880741527,4.23063557991,4.19773435232,4.22723292805
exponential,cut,1000000,50,16,4.2307844155,4.51283664308,0.282052227584,4.37181052929,3599,0.003599,0.012760048133,4.36299567237,4.35655426047,0.0813783192927,4.23081935786,4.51282825868,4.47793361731,4.50878658654
exponential,cut,1000000,50,17,4.51283664308,4.79488887066,0.282052227584,4.65386275687,2562,0.002562,0.0090834240947,4.64810201252,4.6442299235,0.0840926634686,4.51326231259,4.79465790758,4.76660335641,4.79220986583
exponential,cut,1000000,50,18,4.79488887066,5.07694109825,0.282052227584,4.93591498445,2008,0.002008,0.00711924886111,4.92996722692,4.92894298353,0.0819185985317,4.794899084,5.07693391398,5.04433638081,5.0746995159
exponential,cut,1000000,50,19,5.07694109825,5.35899332583,0.282052227584,5.21796721204,1536,0.001536,0.00544579992563,5.20827959429,5.20220543007,0.0810374484795,5.07698840449,5.35855680858,5.32519143527,5.35652702709
exponential,cut,1000000,50,20,5.35899332583,5.64104555341,0.282052227584,5.50001943962,1148,0.001148,0.00407016817358,5.49649606956,5.49387603707,0.0814824610047,5.35914859759,5.64070188287,5.61143734366,5.63686669051
exponential,cut,1000000,50,21,5.64104555341,5.923097781,0.282052227584,5.78207166721,887,0.000887,0.00314480763934,5.77513031211,5.77475199231,0.0804867684881,5.64127670731,5.92290922643,5.8859446346,5.91884340423
exponential,cut,1000000,50,22,5.923097781,6.20515000858,0.282052227584,6.06412389479,677,0.000677,0.00240026468076,6.06194825184,6.05762200787,0.0820422289429,5.92375512588,6.20505946588,6.17755556569,6.20343145993
exponential,cut,1000000,50,23,6.20515000858,6.48720223617,0.282052227584,6.34617612237,480,0.00048,0.00170181247676,6.33773015476,6.33694718277,0.0828285223919,6.20523466748,6.48688078284,6.45587857027,6.48305997747
exponential,cut,1000000,50,24,6.48720223617,6.76925446375,0.282052227584,6.62822834996,407,0.000407,0.00144299516259,6.62272490832,6.61925302497,0.0797178567336,6.48844138384,6.76657147715,6.73856034353,6.76564043397
exponential,cut,1000000,50,25,6.76925446375,7.05130669133,0.282052227584,6.91028057754,280,0.00028,0.000992723944776,6.89737606497,6.8915233945,0.0819183566046,6.76934791162,7.05121312614,7.01778071157,7.04965232852
exponential,cut,1000000,50,26,7.05130669133,7.33335891892,0.282052227584,7.19233280513,229,0.000229,0.000811906369121,7.1881258803,7.18792287596,0.081962112215,7.05294714639,7.3332399609,7.30681745282,7.33194541741
exponential,cut,1000000,50,27,7.33335891892,7.6154111465,0.282052227584,7.47438503271,166,0.000166,0.000588543481546,7.46487288392,7.46006342532,0.0826938450703,7.33346219392,7.61535872132,7.58641908104,7.61470215303
exponential,cut,1000000,50,28,7.6154111465,7.89746337409,0.282052227584,7.75643726029,103,0.000103,0.000365180593971,7.76305253402,7.76761164978,0.080173537914,7.61555709535,7.89652687466,7.86969423037,7.89612619602
exponential,cut,1000000,50,29,7.89746337409,8.17951560167,0.282052227584,8.03848948788,89,8.9e-05,0.000315544396732,8.03076691611,8.03430401251,0.0787210785087,7.89880607103,8.17329459127,8.14314211517,8.17292662987
exponential,cut,1000000,50,30,8.17951560167,8.46156782925,0.282052227584,8.32054171546,69,6.9e-05,0.000244635543534,8.30506328083,8.28479002716,0.086885132086,8.18056419537,8.45886132537,8.42141282065,8.45327242979
exponential,cut,1000000,50,31,8.46156782925,8.74362005684,0.282052227584,8.60259394305,50,5e-05,0.000177272132996,8.59453066838,8.58192542252,0.0870983339249,8.46333932015,8.74185142287,8.70052837525,8.73861857543
exponential,cut,1000000,50,32,8.74362005684,9.02567228442,0.282052227584,8.88464617063,58,5.8e-05,0.000205635674275,8.86977241217,8.87479632308,0.0777029027903,8.74494436168,9.01376256979,8.96840125816,9.01299208974
exponential,cut,1000000,50,33,9.02567228442,9.307724512,0.282052227584,9.16669839821,37,3.7e-05,0.000131181378417,9.17051674815,9.17594121615,0.0728396963935,9.03499835341,9.30153671763,9.25684575211,9.29034861307
exponential,cut,1000000,50,34,9.307724512,9.58977673959,0.282052227584,9.4487506258,24,2.4e-05,8.5090623838e-05,9.47014071784,9.4884853658,0.0820579587054,9.33067684252,9.58966225623,9.56592793809,9.58884364037
exponential,cut,1000000,50,35,9.58977673959,9.87182896717,0.282052227584,9.73080285338,14,1.4e-05,4.96361972388e-05,9.71022131015,9.69197401142,0.0738550296748,9.59363723989,9.84660303237,9.81687992153,9.84590148957
exponential,cut,1000000,50,36,9.87182896717,10.1538811948,0.282052227584,10.012855081,15,1.5e-05,5.31816398987e-05,9.99199554548,10.0034005424,0.0842844898715,9.8772370244,10.146088687,10.0845058965,10.1377753534
exponential,cut,1000000,50,37,10.1538811948,10.4359334223,0.282052227584,10.2949073085,12,1.2e-05,4.2545311919e-05,10.2524239552,10.2433231531,0.0543893303743,10.1560251045,10.3859935673,10.2907378301,10.3756623018
exponential,cut,1000000,50,38,10.4359334223,10.7179856499,0.282052227584,10.5769595361,4,4e-06,1.41817706397e-05,10.5826374082,10.5737074775,0.100016912345,10.4697484135,10.7133862643,10.6722011412,10.709267752
exponential,cut,1000000,50,39,10.7179856499,11.0000378775,0.282052227584,10.8590117637,8,8e-06,2.83635412793e-05,10.8697740436,10.9092962283,0.0747031260422,10.769840312,10.9455981972,10.9363795959,10.944676337
exponential,cut,1000000,50,40,11.0000378775,11.2820901051,0.282052227584,11.1410639913,3,3e-06,1.06363279797e-05,11.1191977181,11.1287206958,0.104686669037,11.0100749177,11.2187975408,11.2007821718,11.2169960039
exponential,cut,1000000,50,41,11.2820901051,11.5641423327,0.282052227584,11.4231162189,2,2e-06,7.09088531983e-06,11.4047239185,11.4047239185,0.10121971024,11.333150775,11.476297062,11.4619824333,11.4748655991
exponential,cut,1000000,50,42,11.5641423327,11.8461945603,0.282052227584,11.7051684465,1,1e-06,3.54544265992e-06,11.6156642547,11.6156642547,,11.6156642547,11.6156642547,11.6156642547,11.6156642547
exponential,cut,1000000,50,43,11.8461945603,12.1282467878,0.282052227584,11.9872206741,,0,0,,,,,,,
exponential,cut,1000000,50,44,12.1282467878,12.4102990154,0.282052227584,12.2692729016,1,1e-06,3.54544265992e-06,12.1394168942,12.1394168942,,12.1394168942,12.1394168942,12.1394168942,12.1394168942
exponential,cut,1000000,50,45,12.4102990154,12.692351243,0.282052227584,12.5513251292,2,2e-06,7.09088531983e-06,12.4898048975,12.4898048975,0.0790394021841,12.4339156003,12.5456941948,12.5345163354,12.5445764089
exponential,cut,1000000,50,46,12.692351243,12.9744034706,0.282052227584,12.8333773568,,0,0,,,,,,,
exponential,cut,1000000,50,47,12.9744034706,13.2564556982,0.282052227584,13.1154295844,,0,0,,,,,,,
exponential,cut,1000000,50,48,13.2564556982,13.5385079258,0.282052227584,13.397481812,,0,0,,,,,,,
exponential,cut,1000000,50,49,13.5385079258,13.8205601533,0.282052227584,13.6795340396,,0,0,,,,,,,
exponential,cut,1000000,50,50,13.8205601533,14.1026123809,0.282052227584,13.9615862671,1,1e-06,3.54544265992e-06,14.1026123809,14.1026123809,,14.1026123809,14.1026123809,14.1026123809,14.1026123809
exponential,qcut,1000000,50,1,1.00173717024e-06,0.020226232521,0.0202252307838,0.0101136171291,20000,0.02,0.988863870765,0.0100895156322,0.0100586004775,0.0058431026841,1.00173717024e-06,0.0202261696621,0.0181840437486,0.020049323935
exponential,qcut,1000000,50,2,0.020226232521,0.0408636616859,0.020637429165,0.0305449471035,20000,0.02,0.969112956858,0.0305123052205,0.0305183676698,0.00592839641142,0.0202262338038,0.0408634696172,0.0387151145085,0.0406654072167
exponential,qcut,1000000,50,3,0.0408636616859,0.0619468730664,0.0210832113804,0.0514052673762,20000,0.02,0.948622087932,0.051349236131,0.0513111214619,0.00611596929211,0.0408636696888,0.0619455478214,0.0598492449376,0.0617270952075
exponential,qcut,1000000,50,4,0.0619468730664,0.0834064872356,0.0214596141692,0.072676680151,20000,0.02,0.931983205396,0.0726026527181,0.0726247476481,0.00621241042488,0.0619469576565,0.0834062291115,0.0812565245579,0.0831731313027
exponential,qcut,1000000,50,5,0.0834064872356,0.105401144835,0.0219946575996,0.0944038160354,20000,0.02,0.909311723058,0.0943274225433,0.0942689977617,0.00637197709174,0.0834065096812,0.105401076666,0.103226140332,0.10516225317
exponential,qcut,1000000,50,6,0.105401144835,0.127958224774,0.0225570799389,0.116679684805,20000,0.02,0.886639585184,0.116629992071,0.116662216344,0.00655384448848,0.10540115241,0.12795766753,0.125726085651,0.12773141975
exponential,qcut,1000000,50,7,0.127958224774,0.151015161715,0.0230569369406,0.139486693244,20000,0.02,0.867417907744,0.139463980737,0.139440204091,0.00665824550185,0.127958300762,0.151013922714,0.148676386884,0.150810307998
exponential,qcut,1000000,50,8,0.151015161715,0.174692848651,0.0236776869364,0.162854005183,20000,0.02,0.844677102695,0.162808600674,0.162829148953,0.00686305241055,0.151015363413,0.174692008973,0.172332477403,0.174467413625
exponential,qcut,1000000,50,9,0.174692848651,0.198957466048,0.0242646173969,0.18682515735,20000,0.02,0.824245429996,0.186783575235,0.186761116268,0.0069734027479,0.17469300859,0.198957389548,0.196452145317,0.198715008791
exponential,qcut,1000000,50,10,0.198957466048,0.223655226537,0.0246977604888,0.211306346293,20000,0.02,0.809790021611,0.211263664197,0.211224377429,0.00714089154658,0.198957482841,0.223652912731,0.221177827923,0.223444989539
exponential,qcut,1000000,50,11,0.223655226537,0.248811756887,0.0251565303505,0.236233491712,20000,0.02,0.795022195882,0.236132681321,0.23602676645,0.00725115669614,0.223655804989,0.248811329487,0.246191853288,0.248567035952
exponential,qcut,1000000,50,12,0.248811756887,0.274823521338,0.0260117644505,0.261817639113,20000,0.02,0.768882865983,0.261854683266,0.261858687952,0.00750352474931,0.248811877436,0.274823231265,0.27225607973,0.274561242298
exponential,qcut,1000000,50,13,0.274823521338,0.301080655828,0.0262571344902,0.287952088583,20000,0.02,0.761697739999,0.287906211429,0.2878917205,0.00753317333974,0.27482361294,0.301080508776,0.298369480283,0.300776510111
exponential,qcut,1000000,50,14,0.301080655828,0.328283486969,0.027202831141,0.314682071399,20000,0.02,0.73521759174,0.314511071816,0.314414278239,0.00787129605414,0.301080707495,0.328282639729,0.325506760592,0.327996542171
exponential,qcut,1000000,50,15,0.328283486969,0.356664676994,0.0283811900247,0.342474081981,20000,0.02,0.704692085941,0.342413818138,0.342355781002,0.00822715374407,0.328283816451,0.35666328235,0.353896232104,0.356392173751
exponential,qcut,1000000,50,16,0.356664676994,0.385888569901,0.0292238929075,0.371276623448,20000,0.02,0.684371519678,0.371208723758,0.371250199209,0.00841265149576,0.356665274698,0.385887219866,0.382886344256,0.38558624408
exponential,qcut,1000000,50,17,0.385888569901,0.415764687851,0.0298761179499,0.400826628876,20000,0.02,0.669431016222,0.400833804726,0.400878017861,0.00861754673694,0.385889205212,0.415764358209,0.412718479748,0.415466755679
exponential,qcut,1000000,50,18,0.415764687851,0.447012727995,0.0312480401436,0.431388707923,20000,0.02,0.640040140376,0.431341106998,0.431342682957,0.00901710697508,0.415764857667,0.447012271165,0.443858146839,0.446705620926
exponential,qcut,1000000,50,19,0.447012727995,0.478613649419,0.0316009214243,0.462813188707,20000,0.02,0.632892937881,0.462708387314,0.462699870087,0.00912211475155,0.447012984961,0.478612490457,0.475355905072,0.478264602124
exponential,qcut,1000000,50,20,0.478613649419,0.511111335412,0.0324976859931,0.494862492416,20000,0.02,0.61542843402,0.494779303216,0.494659180842,0.00937834922294,0.478614359751,0.511110173423,0.507849208274,0.510783522045
exponential,qcut,1000000,50,21,0.511111335412,0.54512625785,0.0340149224374,0.528118796631,20000,0.02,0.587977233721,0.527895938659,0.527815925048,0.00980315475621,0.511112110072,0.545125103275,0.541568463017,0.544791101307
exponential,qcut,1000000,50,22,0.54512625785,0.580112841991,0.0349865841416,0.562619549921,20000,0.02,0.571647689842,0.562475632544,0.562340803606,0.0101354167376,0.545127093921,0.58011258987,0.576589909717,0.5797580245
exponential,qcut,1000000,50,23,0.580112841991,0.616302299057,0.0361894570657,0.598207570524,20000,0.02,0.552647141505,0.598165981381,0.598106318775,0.01044195801,0.580113040087,0.616301688556,0.612670490621,0.61593788854
exponential,qcut,1000000,50,24,0.616302299057,0.653598931856,0.0372966327994,0.634950615457,20000,0.02,0.536241437868,0.634848535542,0.634677499751,0.0107634491592,0.616302819114,0.653598705106,0.649821302101,0.653228999207
exponential,qcut,1000000,50,25,0.653598931856,0.692765506418,0.0391665745612,0.673182219137,20000,0.02,0.510639498707,0.67308785705,0.672961986269,0.0113232459275,0.653599141165,0.692764869774,0.688881522378,0.692362726695
exponential,qcut,1000000,50,26,0.692765506418,0.733155814613,0.0403903081953,0.712960660515,20000,0.02,0.495168293921,0.712777451513,0.712780683797,0.0116323554866,0.692766143062,0.733152484607,0.728876101714,0.732706335196
exponential,qcut,1000000,50,27,0.733155814613,0.775506870282,0.0423510556689,0.754331342447,20000,0.02,0.472243245986,0.754160513095,0.754068857374,0.0122386272341,0.733159422119,0.775506261572,0.771108487156,0.77506833034
exponential,qcut,1000000,50,28,0.775506870282,0.820180081373,0.0446732110915,0.797843475828,20000,0.02,0.447695599026,0.79765581635,0.797597742923,0.0128731287392,0.775507584854,0.820179877073,0.815686029179,0.819761882991
exponential,qcut,1000000,50,29,0.820180081373,0.866782754141,0.0466026727678,0.843481417757,20000,0.02,0.42915993466,0.84345913339,0.84347104088,0.0134888449212,0.820180341391,0.866781434193,0.862107368013,0.866357339533
exponential,qcut,1000000,50,30,0.866782754141,0.914937044403,0.0481542902622,0.890859899272,20000,0.02,0.415331632781,0.890585351146,0.890547907745,0.0139219898787,0.866784576927,0.914936465327,0.909875469198,0.914459557723
exponential,qcut,1000000,50,31,0.914937044403,0.966332544609,0.0513955002058,0.940634794506,20000,0.02,0.389139125408,0.940393716971,0.940206022704,0.0148384359302,0.914937913017,0.966330116384,0.961061894494,0.965826483597
exponential,qcut,1000000,50,32,0.966332544609,1.02029487007,0.053962325458,0.993313707338,20000,0.02,0.370628949554,0.992937519416,0.992584496449,0.0156620955124,0.96633650645,1.02029383197,1.01480609416,1.0196842101
exponential,qcut,1000000,50,33,1.02029487007,1.07817282927,0.0578779592049,1.04923384967,20000,0.02,0.345554685665,1.0488271539,1.04877171197,0.0167835035443,1.02029671557,1.07817173816,1.07220374162,1.07765555263
exponential,qcut,1000000,50,34,1.07817282927,1.13874725771,0.0605744284402,1.10846004349,20000,0.02,0.330172327086,1.10820733778,1.10803166649,0.0174808444621,1.07817494731,1.13874677308,1.13256989651,1.138148946
exponential,qcut,1000000,50,35,1.13874725771,1.20226831798,0.0635210602693,1.17050778785,20000,0.02,0.31485620541,1.17004359135,1.16978646755,0.0183332582906,1.13874828755,1.20226720538,1.19563829511,1.20159624951
exponential,qcut,1000000,50,36,1.20226831798,1.27169495456,0.0694266365809,1.23698163627,20000,0.02,0.288073871715,1.23682932187,1.23679250364,0.0201115454725,1.20227091406,1.27169473091,1.26471896617,1.27095696532
exponential,qcut,1000000,50,37,1.27169495456,1.34662455744,0.0749296028805,1.309159756,20000,0.02,0.266917202696,1.30886216065,1.30879162261,0.0216645625076,1.27169552967,1.34662264691,1.33897445615,1.34585153075
exponential,qcut,1000000,50,38,1.34662455744,1.42668542161,0.0800608641706,1.38665498953,20000,0.02,0.249809944062,1.38599856677,1.38579583329,0.0230468294831,1.3466299951,1.42668311,1.41816580208,1.42580604714
exponential,qcut,1000000,50,39,1.42668542161,1.51297724427,0.0862918226531,1.46983133294,20000,0.02,0.231771671812,1.46938609662,1.46904117554,0.0248021606976,1.42669274172,1.51297621635,1.50418822472,1.51215228883
exponential,qcut,1000000,50,40,1.51297724427,1.60644095412,0.0934637098487,1.55970909919,20000,0.02,0.213986798003,1.55911213168,1.5589066289,0.027024842652,1.51298088868,1.60644067957,1.59691620516,1.60538596181
exponential,qcut,1000000,50,41,1.60644095412,1.71106912855,0.104628174431,1.65875504133,20000,0.02,0.191153101054,1.65807909107,1.65787216114,0.0302088006385,1.60644205231,1.71106898085,1.70007772938,1.70991348335
exponential,qcut,1000000,50,42,1.71106912855,1.82975561133,0.118686482785,1.77041236994,20000,0.02,0.168511186199,1.76906107119,1.76855478003,0.0343400900846,1.71106980137,1.82975480012,1.81707505272,1.82849488556
exponential,qcut,1000000,50,43,1.82975561133,1.96272258493,0.132966973604,1.89623909813,20000,0.02,0.150413290293,1.89468757983,1.89394392491,0.038478534232,1.8297598702,1.96272237991,1.94860298099,1.96139281214
exponential,qcut,1000000,50,44,1.96272258493,2.11823887635,0.155516291413,2.04048073064,20000,0.02,0.128603889781,2.03886708188,2.03826172829,0.0449119565746,1.9627238444,2.11823847855,2.10189914003,2.11659944043
exponential,qcut,1000000,50,45,2.11823887635,2.30209889433,0.183860017982,2.21016888534,20000,0.02,0.108778407723,2.20769461563,2.20666568738,0.0527125840999,2.11824179352,2.30209868633,2.28171107766,2.30014474845
exponential,qcut,1000000,50,46,2.30209889433,2.5238551038,0.221756209474,2.41297699907,20000,0.02,0.0901891317831,2.40935664109,2.40744484633,0.0637287091811,2.30210076634,2.5238539094,2.49925681183,2.52152762429
exponential,qcut,1000000,50,47,2.5238551038,2.81241628549,0.288561181682,2.66813569465,20000,0.02,0.0693093918019,2.66227126312,2.65923379853,0.0831566489196,2.52386883946,2.81241525234,2.7806575794,2.80923870148
exponential,qcut,1000000,50,48,2.81241628549,3.21932269442,0.406906408937,3.01586948995,20000,0.02,0.049151351664,3.00175881581,2.99574997806,0.116734070422,2.81243247137,3.21932207261,3.16947015638,3.21481654164
exponential,qcut,1000000,50,49,3.21932269442,3.90732244915,0.687999754722,3.56332257178,20000,0.02,0.0290697778055,3.52580984358,3.50972239426,0.196347190389,3.2193376179,3.90732231235,3.81483687538,3.89744666922
exponential,qcut,1000000,50,50,3.90732244915,14.1026123809,10.1952899318,9.00496741504,20000,0.02,0.00196169016613,4.91570519848,4.59672209798,1.00577926213,3.90732915224,14.1026123809,6.23198059827,8.63592508585
exponential,log_binning,1000000,50,1,1.00173717024e-06,1.39227397283e-06,3.90536802594e-07,1.19700557153e-06,1,1e-06,2.56057814106,1.00173717024e-06,1.00173717024e-06,,1.00173717024e-06,1.00173717024e-06,1.00173717024e-06,1.00173717024e-06
exponential,log_binning,1000000,50,2,1.39227397283e-06,1.93506527761e-06,5.42791304785e-07,1.66366962522e-06,,0,0,,,,,,,
exponential,log_binning,1000000,50,3,1.93506527761e-06,2.68946895633e-06,7.54403678713e-07,2.31226711697e-06,2,2e-06,2.65110053998,2.46959120415e-06,2.46959120415e-06,1.98497150567e-07,2.32923252294e-06,2.60994988536e-06,2.58187814912e-06,2.60714271174e-06
exponential,log_binning,1000000,50,4,2.68946895633e-06,3.73798411388e-06,1.04851515756e-06,3.21372653511e-06,2,2e-06,1.907459311,3.38133844279e-06,3.38133844279e-06,3.04651097669e-07,3.16591758574e-06,3.59675929985e-06,3.55367512844e-06,3.59245088271e-06
exponential,log_binning,1000000,50,5,3.73798411388e-06,5.19527291913e-06,1.45728880525e-06,4.46662851651e-06,3,3e-06,2.05861733735,4.71282850855e-06,4.7300136389e-06,4.08169916676e-07,4.29633744577e-06,5.11213444099e-06,5.03571028057e-06,5.10449202495e-06
exponential,log_binning,1000000,50,6,5.19527291913e-06,7.22069968248e-06,2.02542676335e-06,6.2079863008e-06,1,1e-06,0.493723109665,7.10536680283e-06,7.10536680283e-06,,7.10536680283e-06,7.10536680283e-06,7.10536680283e-06,7.10536680283e-06
exponential,log_binning,1000000,50,7,7.22069968248e-06,1.00357584127e-05,2.81505873025e-06,8.6282290476e-06,1,1e-06,0.355232375529,9.56909044875e-06,9.56909044875e-06,,9.56909044875e-06,9.56909044875e-06,9.56909044875e-06,9.56909044875e-06
exponential,log_binning,1000000,50,8,1.00357584127e-05,1.39482946733e-05,3.91253626057e-06,1.1992026543e-05,2,2e-06,0.511177371097,1.11784261792e-05,1.11784261792e-05,5.53461500285e-07,1.07870697992e-05,1.15697825592e-05,1.14915112832e-05,1.15619554316e-05
exponential,log_binning,1000000,50,9,1.39482946733e-05,1.93861705605e-05,5.43787588721e-06,1.66672326169e-05,3,3e-06,0.551686000605,1.75751512207e-05,1.75813523291e-05,7.29438289934e-07,1.68426321456e-05,1.83014691873e-05,1.81574458156e-05,1.82870668501e-05
exponential,log_binning,1000000,50,10,1.93861705605e-05,2.69440542951e-05,7.55788373457e-06,2.31651124278e-05,11,1.1e-05,1.4554338736,2.37452835008e-05,2.38733744437e-05,1.88023058909e-06,2.00121667998e-05,2.65738813638e-05,2.53673155297e-05,2.64532247804e-05
exponential,log_binning,1000000,50,11,2.69440542951e-05,3.74484511828e-05,1.05043968877e-05,3.21962527389e-05,11,1.1e-05,1.0471805395,3.18296982193e-05,3.20322666434e-05,2.28157030775e-06,2.76407732275e-05,3.6258936016e-05,3.36878518898e-05,3.60018276034e-05
exponential,log_binning,1000000,50,12,3.74484511828e-05,5.20480875161e-05,1.45996363333e-05,4.47482693495e-05,22,2.2e-05,1.50688684963,4.44707127722e-05,4.36612830947e-05,4.05238867663e-06,3.77320363457e-05,5.06449935968e-05,5.00762661586e-05,5.05545343725e-05
exponential,log_binning,1000000,50,13,5.20480875161e-05,7.23395315033e-05,2.02914439871e-05,6.21938095097e-05,19,1.9e-05,0.936355244705,6.05980908185e-05,5.97962751593e-05,5.99383288045e-06,5.277041365e-05,7.15166623139e-05,7.02729550012e-05,7.13399891237e-05
exponential,log_binning,1000000,50,14,7.23395315033e-05,0.000100541788716,2.82022572126e-05,8.64406601096e-05,39,3.9e-05,1.3828680345,8.6367019075e-05,8.57062596855e-05,8.11567986288e-06,7.45467071786e-05,9.91796837383e-05,9.72209619927e-05,9.90574347006e-05
exponential,log_binning,1000000,50,15,0.000100541788716,0.00013973896524,3.91971765238e-05,0.000120140376978,46,4.6e-05,1.17355391586,0.000122282949154,0.00012282241892,1.06857852115e-05,0.000100892859915,0.000137331841544,0.000135782925794,0.000137260296585
exponential,log_binning,1000000,50,16,0.00013973896524,0.000194217535372,5.44785701319e-05,0.000166978250306,64,6.4e-05,1.17477385778,0.000167508643038,0.000168335824884,1.52206352908e-05,0.000140457514803,0.000192343981313,0.000184800885873,0.0001922917031
exponential,log_binning,1000000,50,17,0.000194217535372,0.00026993509635,7.57175609784e-05,0.000232076315861,58,5.8e-05,0.766004599865,0.000233747825658,0.00023708770217,2.17730939976e-05,0.000194447007259,0.000269297953826,0.000263191714186,0.000269280458939
exponential,log_binning,1000000,50,18,0.00026993509635,0.000375171871593,0.000105236775243,0.000322553483971,105,0.000105,0.997750071283,0.000320891400606,0.000323968282673,3.20076123661e-05,0.000270155462694,0.000373289368081,0.000365401269154,0.000372956754569
exponential,log_binning,1000000,50,19,0.000375171871593,0.000521436208695,0.000146264337102,0.000448304040144,163,0.000163,1.11442066624,0.00045460126051,0.000454654491734,4.40090109402e-05,0.000375457102943,0.000521256979625,0.000516104902185,0.000520553944384
exponential,log_binning,1000000,50,20,0.000521436208695,0.000724723094468,0.000203286885773,0.000623079651581,198,0.000198,0.973992981628,0.00062622767078,0.000619937536928,5.61111581986e-05,0.000523609442583,0.000722967265196,0.00070544105451,0.000721686778158
exponential,log_binning,1000000,50,21,0.000724723094468,0.00100726331409,0.000282540219619,0.000865993204278,265,0.000265,0.937919565423,0.000860531548576,0.000851521526613,7.93218073803e-05,0.000724803223473,0.00100336428097,0.000971957023614,0.001002015961
exponential,log_binning,1000000,50,22,0.00100726331409,0.00139995453664,0.00039269122255,0.00120360892536,387,0.000387,0.985507130735,0.00120254878088,0.00120343329592,0.000109970175293,0.00100748415806,0.00139984448012,0.00135125068455,0.0013949458036
exponential,log_binning,1000000,50,23,0.00139995453664,0.00194574018257,0.000545785645936,0.00167284735961,497,0.000497,0.910613908044,0.00167930045258,0.00168205308749,0.00016227537873,0.00140094567693,0.00194531403021,0.00190025032351,0.00194088229568
exponential,log_binning,1000000,50,24,0.00194574018257,0.00270430557493,0.000758565392359,0.00232502287875,737,0.000737,0.971570819633,0.00232496042902,0.00233444402835,0.000218259777676,0.00194656347148,0.00270174506458,0.00262049665562,0.00269498512856
exponential,log_binning,1000000,50,25,0.00270430557493,0.00375860492994,0.00105429935501,0.00323145525244,1092,0.001092,1.0357589567,0.0032282862543,0.00321608612866,0.000300079986666,0.00270854428616,0.00375666209686,0.00365330987734,0.00374520949816
exponential,log_binning,1000000,50,26,0.00375860492994,0.00522393295726,0.00146532802732,0.0044912689436,1438,0.001438,0.981350232296,0.00449628646296,0.00451740499277,0.000432327774497,0.00375926544111,0.00522110264097,0.00508448409322,0.00520770014659
exponential,log_binning,1000000,50,27,0.00522393295726,0.00726053311019,0.00203660015293,0.00624223303373,2080,0.00208,1.02130994983,0.00623777646754,0.0062359087307,0.000590070404052,0.00522485153237,0.00725926237121,0.00706121683426,0.00722499187831
exponential,log_binning,1000000,50,28,0.00726053311019,0.0100911212826,0.00283058817246,0.00867582719642,2783,0.002783,0.9831878855,0.00865410965252,0.00865333892756,0.000822765694378,0.0072612404952,0.010091038232,0.00979373527031,0.0100607588712
exponential,log_binning,1000000,50,29,0.0100911212826,0.0140252412868,0.00393412000414,0.0120581812847,3855,0.003855,0.979888766979,0.0120476940102,0.0120232835581,0.00112495531189,0.0100941461891,0.0140240647876,0.0135902841904,0.0139705084924
exponential,log_binning,1000000,50,30,0.0140252412868,0.0194931155461,0.00546787425933,0.0167591784165,5369,0.005369,0.981917239746,0.0167547060945,0.0167133941005,0.00156603755707,0.0140261415801,0.0194917824707,0.0189558079024,0.0194423626707
exponential,log_binning,1000000,50,31,0.0194931155461,0.0270926928047,0.00759957725856,0.0232929041754,7433,0.007433,0.978080720428,0.0233064624003,0.023314963697,0.00219709592551,0.0194959858004,0.027092593072,0.0263373138234,0.0270261298456
exponential,log_binning,1000000,50,32,0.0270926928047,0.0376550378349,0.0105623450302,0.0323738653198,10285,0.010285,0.973742097101,0.0323752099843,0.0323697844686,0.00305000981516,0.027094854841,0.037653272563,0.036620793273,0.0375325474853
exponential,log_binning,1000000,50,33,0.0376550378349,0.0523352139474,0.0146801761126,0.0449951258912,13977,0.013977,0.952100294493,0.0449678266338,0.044916914972,0.00422090016775,0.0376558991063,0.0523351063737,0.0508471515791,0.0521745942512
exponential,log_binning,1000000,50,34,0.0523352139474,0.0727385969159,0.0204033829685,0.0625369054317,19181,0.019181,0.940089201365,0.062510942919,0.0625092715254,0.00586823719478,0.0523357573752,0.0727383849316,0.0706945167738,0.0725629187715
exponential,log_binning,1000000,50,35,0.0727385969159,0.101096433591,0.0283578366749,0.0869175152534,26003,0.026003,0.916959932385,0.0868195075891,0.0867481824939,0.00818143415139,0.0727388713932,0.101095659898,0.0982454109119,0.100813843559
exponential,log_binning,1000000,50,36,0.101096433591,0.140509843716,0.0394134101253,0.120803138653,34781,0.034781,0.882466142601,0.120662701027,0.12057294929,0.0113824835753,0.101096881726,0.140507117392,0.136479924006,0.140079606509
exponential,log_binning,1000000,50,37,0.140509843716,0.195288948184,0.054779104468,0.16789939595,46146,0.046146,0.842401504153,0.167659060529,0.167535258255,0.015844108782,0.140511058344,0.195288625001,0.189764038684,0.194736829435
exponential,log_binning,1000000,50,38,0.195288948184,0.27142420968,0.0761352614956,0.233356578932,60260,0.06026,0.791486084322,0.232867969431,0.232553341449,0.0219273819664,0.195290761351,0.271422602205,0.263588601787,0.270615921314
exponential,log_binning,1000000,50,39,0.27142420968,0.377241529975,0.105817320296,0.324332869828,76842,0.076842,0.726176015281,0.323069707838,0.322366198658,0.0305839852854,0.271424712425,0.377240968925,0.366042907537,0.376141756596
exponential,log_binning,1000000,50,40,0.377241529975,0.524312743163,0.147071213188,0.450777136569,93764,0.093764,0.637541487334,0.449252431352,0.448624575258,0.0424479855911,0.377242732286,0.52431243698,0.508687871647,0.522714180573
exponential,log_binning,1000000,50,41,0.524312743163,0.728721073371,0.204408330207,0.626516908267,109990,0.10999,0.538089616448,0.623318247257,0.621785647892,0.058941009726,0.524313941249,0.728717454419,0.706554582561,0.72650303493
exponential,log_binning,1000000,50,42,0.728721073371,1.01281994325,0.284098869876,0.870770508309,119337,0.119337,0.420054469249,0.864062939271,0.861179615642,0.0817371496145,0.728724209946,1.01281332966,0.980309226246,1.0095494828
exponential,log_binning,1000000,50,43,1.01281994325,1.40767747074,0.394857527495,1.21024870699,118187,0.118187,0.29931555503,1.19730325849,1.19040198275,0.113508137989,1.01282375673,1.40767001929,1.36048434464,1.4027388918
exponential,log_binning,1000000,50,44,1.40767747074,1.95647397629,0.548796505552,1.68207572352,103671,0.103671,0.188906086229,1.65645565289,1.64359655275,0.157024331196,1.40768023631,1.9564726464,1.8855260626,1.94906102532
exponential,log_binning,1000000,50,45,1.95647397629,2.71922404064,0.762750064351,2.33784900847,74977,0.074977,0.0982982545715,2.29079481043,2.26810671129,0.216845247536,1.95647438825,2.71920857626,2.61148648871,2.70790509167
exponential,log_binning,1000000,50,46,2.71922404064,3.77933950199,1.06011546134,3.24928177132,43163,0.043163,0.040715376366,3.15856460712,3.11443417599,0.298873199647,2.71922442288,3.77933854477,3.61022299439,3.76035142327
exponential,log_binning,1000000,50,47,3.77933950199,5.25275110024,1.47341159825,4.51604530111,17485,0.017485,0.0118670166712,4.34077545683,4.26138770589,0.404081687663,3.77934387679,5.25263050834,4.97146916397,5.21822127323
exponential,log_binning,1000000,50,48,5.25275110024,7.30058628142,2.04783518118,6.27666869083,4577,0.004577,0.00223504315291,5.96099763591,5.83456355762,0.535283477311,5.25289950335,7.30052088508,6.79106997611,7.226292051
exponential,log_binning,1000000,50,49,7.30058628142,10.1467895652,2.84620328378,8.72368792331,653,0.000653,0.000229428447266,8.15938374558,7.99021019493,0.705886910188,7.3013090326,10.146088687,9.22018362882,10.0036262835
exponential,log_binning,1000000,50,50,10.1467895652,14.1026123809,3.95582281573,12.1247009731,34,3.4e-05,8.59492489522e-06,10.9212404047,10.7712702674,0.845321853704,10.1560251045,14.1026123809,11.9822911024,13.5888293795
exponential,cut,1000000,100,1,-0.014101609642,0.141027115529,0.155128725171,0.0634627529435,131343,0.131343,0.846671045966,0.0687926831452,0.0679170368822,0.0406532418774,1.00173717024e-06,0.141026042931,0.125959075195,0.13947301692
exponential,cut,1000000,100,2,0.141027115529,0.282053229321,0.141026113792,0.211540172425,114091,0.114091,0.809006197025,0.209953749743,0.209189733068,0.0406873015341,0.141028309031,0.282052767957,0.267059210694,0.280513022281
exponential,cut,1000000,100,3,0.282053229321,0.423079343113,0.141026113792,0.352566286217,99271,0.099271,0.703919276585,0.350534379483,0.349641213002,0.040837206056,0.282053788996,0.423077948945,0.40799210208,0.421507525551
exponential,cut,1000000,100,4,0.423079343113,0.564105456905,0.141026113792,0.493592400009,86279,0.086279,0.61179449451,0.492035856134,0.491206997148,0.0405892500303,0.423081680615,0.564104699515,0.54908163817,0.562592794573
exponential,cut,1000000,100,5,0.564105456905,0.705131570697,0.141026113792,0.634618513801,75232,0.075232,0.533461484382,0.633037903499,0.63216750191,0.0406329778555,0.564105935065,0.70512758728,0.690191465666,0.703535302351
exponential,cut,1000000,100,6,0.705131570697,0.846157684489,0.141026113792,0.775644627593,64930,0.06493,0.460411183817,0.773655014369,0.772580927159,0.0406854724488,0.705132609449,0.846155947488,0.830833275913,0.844603173457
exponential,cut,1000000,100,7,0.846157684489,0.987183798281,0.141026113792,0.916670741385,56858,0.056858,0.403173557515,0.914922146188,0.913876319017,0.0407750780705,0.8461587216,0.987183605552,0.972264382201,0.985810336529
exponential,cut,1000000,100,8,0.987183798281,1.12820991207,0.141026113792,1.05769685518,48553,0.048553,0.344283754934,1.05614966263,1.0556095623,0.0407083581042,0.987185942807,1.12820984253,1.11312029483,1.12665434408
exponential,cut,1000000,100,9,1.12820991207,1.26923602586,0.141026113792,1.19872296897,42738,0.042738,0.303050256799,1.1966918536,1.19539425296,0.0408173688738,1.12821073365,1.2692324908,1.25431374049,1.26781067851
exponential,cut,1000000,100,10,1.26923602586,1.41026213966,0.141026113792,1.33974908276,36779,0.036779,0.260795671178,1.33837768136,1.33779213772,0.0406589511021,1.26924493544,1.41026207588,1.39518828649,1.40885979686
exponential,cut,1000000,100,11,1.41026213966,1.55128825345,0.141026113792,1.48077519655,32289,0.032289,0.228957596092,1.47938216354,1.47852352368,0.0405474489772,1.41026640138,1.55128749327,1.53619119872,1.54970451298
exponential,cut,1000000,100,12,1.55128825345,1.69231436724,0.141026113792,1.62180131034,28151,0.028151,0.199615512639,1.61986879902,1.61886280177,0.0407733946861,1.55129574262,1.69230227977,1.6775065383,1.69067507706
exponential,cut,1000000,100,13,1.69231436724,1.83334048103,0.141026113792,1.76282742414,24074,0.024074,0.17070597319,1.76080842323,1.75985159575,0.04088324445,1.69231655913,1.83333899344,1.81832534387,1.83189091066
exponential,cut,1000000,100,14,1.83334048103,1.97436659482,0.141026113792,1.90385353793,21045,0.021045,0.149227681556,1.90218022196,1.9014404064,0.040780398829,1.83334110111,1.9743590276,1.95953852302,1.97279172504
exponential,cut,1000000,100,15,1.97436659482,2.11539270862,0.141026113792,2.04487965172,18041,0.018041,0.127926662055,2.04382652539,2.04338292702,0.040648495132,1.97438401793,2.11537002673,2.10092422784,2.11393423196
exponential,cut,1000000,100,16,2.11539270862,2.25641882241,0.141026113792,2.18590576551,15758,0.015758,0.11173817087,2.18512863999,2.18421185828,0.0407637416446,2.11539353532,2.25641769657,2.24252028618,2.25515101677
exponential,cut,1000000,100,17,2.25641882241,2.3974449362,0.141026113792,2.3269318793,13656,0.013656,0.0968331299276,2.32586859053,2.32587618824,0.0407690620039,2.25642426719,2.39742616344,2.38290954375,2.39611528746
exponential,cut,1000000,100,18,2.3974449362,2.53847104999,0.141026113792,2.4679579931,12029,0.012029,0.0852962595122,2.46594429798,2.46505365221,0.0404565324734,2.39744670904,2.53846329967,2.52287642416,2.53661103284
exponential,cut,1000000,100,19,2.53847104999,2.67949716378,0.141026113792,2.60898410689,10283,0.010283,0.0729155737438,2.60758924195,2.60650714954,0.0407626004402,2.53847353485,2.67948816288,2.66459516825,2.67777065452
exponential,cut,1000000,100,20,2.67949716378,2.82052327758,0.141026113792,2.75001022068,9053,0.009053,0.0641937848004,2.7483133209,2.74740176651,0.0406276114665,2.67951146285,2.82051639803,2.80504648585,2.81900449246
exponential,cut,1000000,100,21,2.82052327758,2.96154939137,0.141026113792,2.89103633447,7846,0.007846,0.0556350862194,2.88902362709,2.8884952453,0.040980157453,2.82054906847,2.96151244337,2.94658626304,2.95998120559
exponential,cut,1000000,100,22,2.96154939137,3.10257550516,0.141026113792,3.03206244826,6840,0.00684,0.0485016555876,3.03109827723,3.03006466957,0.0407683659445,2.96156909498,3.10252374967,3.08868329804,3.10124459865
exponential,cut,1000000,100,23,3.10257550516,3.24360161895,0.141026113792,3.17308856206,5817,0.005817,0.0412476799055,3.17151780774,3.17055509566,0.0410176240588,3.10257958151,3.2435891152,3.22922264975,3.24202005472
exponential,cut,1000000,100,24,3.24360161895,3.38462773274,0.141026113792,3.31411467585,5089,0.005089,0.0360855153926,3.31149732302,3.31042204955,0.0408744185441,3.24361192257,3.38462742869,3.36891545433,3.38288249846
exponential,cut,1000000,100,25,3.38462773274,3.52565384654,0.141026113792,3.45514078964,4417,0.004417,0.0313204404577,3.45393421833,3.45363818463,0.0403848655956,3.3846823134,3.52563440101,3.51070826948,3.52456099107
exponential,cut,1000000,100,26,3.52565384654,3.66667996033,0.141026113792,3.59616690343,4039,0.004039,0.0286400858068,3.59430470463,3.59307142574,0.0410685588669,3.52566397422,3.66667347923,3.65143123732,3.66501995217
exponential,cut,1000000,100,27,3.66667996033,3.80770607412,0.141026113792,3.73719301722,3347,0.003347,0.0237331931655,3.73427348357,3.73358433911,0.0404847717246,3.66668300619,3.80761905487,3.79165252933,3.80605617484
exponential,cut,1000000,100,28,3.80770607412,3.94873218791,0.141026113792,3.87821913102,2869,0.002869,0.0203437499826,3.87555685491,3.87530345537,0.03963547679,3.80776366362,3.94864858939,3.93204434505,3.94677283915
exponential,cut,1000000,100,29,3.94873218791,4.0897583017,0.141026113792,4.01924524481,2568,0.002568,0.0182093935013,4.01767698763,4.0174455554,0.0406099148989,3.94880741527,4.08968547024,4.07420768009,4.08756464668
exponential,cut,1000000,100,30,4.0897583017,4.2307844155,0.141026113792,4.1602713586,2243,0.002243,0.0159048557724,4.15704400127,4.15402842783,0.0408613652912,4.0898382836,4.23063557991,4.21512199967,4.22891001839
exponential,cut,1000000,100,31,4.2307844155,4.37181052929,0.141026113792,4.30129747239,1971,0.001971,0.0139761349654,4.29853623572,4.29758879156,0.0401542675431,4.23081935786,4.37173506952,4.35399369,4.3703185884
exponential,cut,1000000,100,32,4.37181052929,4.51283664308,0.141026113792,4.44232358618,1628,0.001628,0.0115439613007,4.44103593627,4.44029362864,0.039562947087,4.37182174487,4.51282825868,4.49705489313,4.51114959467
exponential,cut,1000000,100,33,4.51283664308,4.65386275687,0.141026113792,4.58334969998,1361,0.001361,0.00965069492029,4.57898294622,4.57405645962,0.0406108529388,4.51326231259,4.65374268625,4.63625685186,4.65181430147
exponential,cut,1000000,100,34,4.65386275687,4.79488887066,0.141026113792,4.72437581377,1201,0.001201,0.00851615326912,4.72642928083,4.72737154948,0.0407932448157,4.65396562808,4.79465790758,4.78131628333,4.79332510081
exponential,cut,1000000,100,35,4.79488887066,4.93591498445,0.141026113792,4.86540192756,1059,0.001059,0.0075092475537,4.86267674669,4.86258713252,0.0413012458836,4.794899084,4.93590884651,4.92015434747,4.93465428112
exponential,cut,1000000,100,36,4.93591498445,5.07694109825,0.141026113792,5.00642804135,949,0.000949,0.00672925016852,5.0050574467,5.00347149949,0.0400082073956,4.93594373297,5.07693391398,5.06192431128,5.07573295595
exponential,cut,1000000,100,37,5.07694109825,5.21796721204,0.141026113792,5.14745415514,861,0.000861,0.00610525226037,5.14634138875,5.14535023804,0.0407744875533,5.07698840449,5.21775163452,5.20385426228,5.21692436846
exponential,cut,1000000,100,38,5.21796721204,5.35899332583,0.141026113792,5.28848026893,675,0.000675,0.00478634759089,5.28728521646,5.28642685678,0.0410233410163,5.21800212579,5.35855680858,5.34564666498,5.35776285081
exponential,cut,1000000,100,39,5.35899332583,5.50001943962,0.141026113792,5.42950638273,601,0.000601,0.00426162207722,5.42929919719,5.42921297432,0.0415262260535,5.35914859759,5.49935454881,5.48658902853,5.49851306364
exponential,cut,1000000,100,40,5.50001943962,5.64104555341,0.141026113792,5.57053249652,547,0.000547,0.00387871426995,5.57032663682,5.57012235799,0.0402666752779,5.50013000493,5.64070188287,5.62343363862,5.63911782709
exponential,cut,1000000,100,41,5.64104555341,5.78207166721,0.141026113792,5.71155861031,464,0.000464,0.0032901707884,5.70862165609,5.70728822409,0.0406261212786,5.64127670731,5.78149092945,5.76710283015,5.78010695645
exponential,cut,1000000,100,42,5.78207166721,5.923097781,0.141026113792,5.8525847241,423,0.000423,0.00299944449029,5.84808543361,5.84725087384,0.0398928283379,5.78211106201,5.92290922643,5.90339500333,5.92126584113
exponential,cut,1000000,100,43,5.923097781,6.06412389479,0.141026113792,5.99361083789,352,0.000352,0.00249599163258,5.99368561793,5.99762085712,0.0412270654094,5.92375512588,6.06376420613,6.04929661843,6.06285985748
exponential,cut,1000000,100,44,6.06412389479,6.20515000858,0.141026113792,6.13463695169,325,0.000325,0.00230453772894,6.13588193535,6.13509853084,0.0407023858342,6.06465040233,6.20505946588,6.19352472135,6.20474974879
exponential,cut,1000000,100,45,6.20515000858,6.34617612237,0.141026113792,6.27566306548,252,0.000252,0.0017869031006,6.26924982202,6.26528383515,0.0405627938884,6.20523466748,6.34511813341,6.32696057138,6.34315850335
exponential,cut,1000000,100,46,6.34617612237,6.48720223617,0.141026113792,6.41668917927,228,0.000228,0.00161672185292,6.41341894358,6.41275834682,0.0411988280509,6.34657431311,6.48688078284,6.47072819736,6.48506324158
exponential,cut,1000000,100,47,6.48720223617,6.62822834996,0.141026113792,6.55771529306,218,0.000218,0.00154581299972,6.55941325122,6.56389887374,0.0408580557501,6.48844138384,6.62788561991,6.61452897271,6.62471936045
exponential,cut,1000000,100,48,6.62822834996,6.76925446375,0.141026113792,6.69874140685,189,0.000189,0.00134017732545,6.69575105247,6.69464809012,0.0422833875559,6.62904065132,6.76657147715,6.75509393629,6.76597125909
exponential,cut,1000000,100,49,6.76925446375,6.91028057754,0.141026113792,6.83976752065,157,0.000157,0.00111326899521,6.83401192187,6.83127521589,0.0387592089319,6.76934791162,6.91019315861,6.89354943904,6.90840611464
exponential,cut,1000000,100,50,6.91028057754,7.05130669133,0.141026113792,6.98079363444,123,0.000123,0.000872178894339,6.97825549966,6.97399008031,0.0407860656857,6.91184104121,7.05121312614,7.03493796974,7.05052333302
exponential,cut,1000000,100,51,7.05130669133,7.19233280513,0.141026113792,7.12181974823,119,0.000119,0.00084381535306,7.12131331948,7.11825032759,0.041192302764,7.05294714639,7.19210231201,7.18095741314,7.18966333004
exponential,cut,1000000,100,52,7.19233280513,7.33335891892,0.141026113792,7.26284586202,110,0.00011,0.000779997385181,7.26040492336,7.26123293236,0.0454899584768,7.19372314535,7.3332399609,7.32336706408,7.33278549246
exponential,cut,1000000,100,53,7.33335891892,7.47438503271,0.141026113792,7.40387197581,89,8.9e-05,0.000631088793465,7.3986317606,7.39707528111,0.041027180873,7.33346219392,7.47323297161,7.455514266,7.47216614508
exponential,cut,1000000,100,54,7.47438503271,7.6154111465,0.141026113792,7.54489808961,77,7.7e-05,0.000545998169627,7.5414372992,7.53334325667,0.0426562673096,7.47443406607,7.61535872132,7.60002831203,7.61490429854
exponential,cut,1000000,100,55,7.6154111465,7.75643726029,0.141026113792,7.6859242034,49,4.9e-05,0.000347453380672,7.69346336724,7.69693624735,0.0477131109959,7.61555709535,7.75630012352,7.74938485448,7.755796747
exponential,cut,1000000,100,56,7.75643726029,7.89746337409,0.141026113792,7.82695031719,54,5.4e-05,0.000382907807271,7.82619825943,7.82714383881,0.0420585009081,7.76304772628,7.89652687466,7.88724470682,7.89631664388
exponential,cut,1000000,100,57,7.89746337409,8.03848948788,0.141026113792,7.96797643098,46,4.6e-05,0.000326180724712,7.96654170291,7.96173848126,0.0418139801964,7.89880607103,8.03825289265,8.02561774604,8.03647589659
exponential,cut,1000000,100,58,8.03848948788,8.17951560167,0.141026113792,8.10900254477,43,4.3e-05,0.000304908068753,8.09947295815,8.08760810489,0.0419556346736,8.04073046396,8.17329459127,8.1560666296,8.17311897333
exponential,cut,1000000,100,59,8.17951560167,8.32054171546,0.141026113792,8.25002865857,43,4.3e-05,0.000304908068753,8.24489980507,8.24853886788,0.0431510308634,8.18056419537,8.3198618312,8.30698351774,8.31812904966
exponential,cut,1000000,100,60,8.32054171546,8.46156782925,0.141026113792,8.39105477236,26,2.6e-05,0.000184363018316,8.40456441381,8.40482910893,0.0297134666131,8.33851439441,8.45886132537,8.4403895819,8.45680658435
exponential,cut,1000000,100,61,8.46156782925,8.60259394305,0.141026113792,8.53208088615,26,2.6e-05,0.000184363018316,8.52039194167,8.51807867998,0.0392974324217,8.46333932015,8.59191193703,8.56978396793,8.58691867978
exponential,cut,1000000,100,62,8.60259394305,8.74362005684,0.141026113792,8.67310699994,24,2.4e-05,0.000170181247676,8.67484762232,8.6765467065,0.0392222369703,8.60907491998,8.74185142287,8.73083827938,8.74033396387
exponential,cut,1000000,100,63,8.74362005684,8.88464617063,0.141026113792,8.81413311373,31,3.1e-05,0.000219817444915,8.80733766147,8.79871435427,0.0400454313103,8.74494436168,8.88284713126,8.86105792451,8.88241387532
exponential,cut,1000000,100,64,8.88464617063,9.02567228442,0.141026113792,8.95515922752,27,2.7e-05,0.000191453903635,8.94145675557,8.93588488961,0.0374462113805,8.88639220875,9.01376256979,8.99008514665,9.01341112275
exponential,cut,1000000,100,65,9.02567228442,9.16669839821,0.141026113792,9.09618534132,17,1.7e-05,0.000120545050437,9.1037828708,9.10678954794,0.0422237249341,9.03499835341,9.16185606287,9.15200324495,9.16073306587
exponential,cut,1000000,100,66,9.16669839821,9.307724512,0.141026113792,9.23721145511,20,2e-05,0.000141817706397,9.2272405439,9.2266313625,0.0343489259261,9.17361648652,9.30153671763,9.269385631,9.29563188467
exponential,cut,1000000,100,67,9.307724512,9.4487506258,0.141026113792,9.3782375689,10,1e-05,7.09088531983e-05,9.38634889463,9.39453012539,0.0415694540171,9.33067684252,9.44510877102,9.44439799366,9.44503769328
exponential,cut,1000000,100,68,9.4487506258,9.58977673959,0.141026113792,9.51926368269,14,1.4e-05,9.92723944776e-05,9.52999202014,9.52899381318,0.0381871184052,9.46855554808,9.58966225623,9.58071541975,9.58919956031
exponential,cut,1000000,100,69,9.58977673959,9.73080285338,0.141026113792,9.66028979648,9,9e-06,6.38179678785e-05,9.66609623494,9.66990008933,0.0386418998134,9.59363723989,9.72252783146,9.70941287282,9.72121633559
exponential,cut,1000000,100,70,9.73080285338,9.87182896717,0.141026113792,9.80131591028,5,5e-06,3.54544265992e-05,9.78964644551,9.76011779002,0.0497464017409,9.74859928478,9.84660303237,9.84444443915,9.84638717305
exponential,cut,1000000,100,71,9.87182896717,10.012855081,0.141026113792,9.94234202407,10,1e-05,7.09088531983e-05,9.94457282075,9.93533855421,0.0547661154103,9.8772370244,10.0124359532,10.004727348,10.0116650927
exponential,cut,1000000,100,72,10.012855081,10.1538811948,0.141026113792,10.0833681379,5,5e-06,3.54544265992e-05,10.0868409949,10.0812031429,0.0353300936044,10.0568702349,10.146088687,10.1223363051,10.1437134488
exponential,cut,1000000,100,73,10.1538811948,10.2949073085,0.141026113792,10.2243942517,11,1.1e-05,7.79997385181e-05,10.2402812632,10.2425687697,0.036162765252,10.1560251045,10.2920729724,10.278721549,10.2907378301
exponential,cut,1000000,100,74,10.2949073085,10.4359334223,0.141026113792,10.3654203654,1,1e-06,7.09088531983e-06,10.3859935673,10.3859935673,,10.3859935673,10.3859935673,10.3859935673,10.3859935673
exponential,cut,1000000,100,75,10.4359334223,10.5769595361,0.141026113792,10.5064464792,3,3e-06,2.12726559595e-05,10.5390544562,10.5713124344,0.0600685599137,10.4697484135,10.5761025206,10.5751445033,10.5760067189
exponential,cut,1000000,100,76,10.5769595361,10.7179856499,0.141026113792,10.647472593,1,1e-06,7.09088531983e-06,10.7133862643,10.7133862643,,10.7133862643,10.7133862643,10.7133862643,10.7133862643
exponential,cut,1000000,100,77,10.7179856499,10.8590117637,0.141026113792,10.7884987068,3,3e-06,2.12726559595e-05,10.7814907764,10.7727002229,0.0177601009222,10.769840312,10.8019317944,10.7960854801,10.801347163
exponential,cut,1000000,100,78,10.8590117637,11.0000378775,0.141026113792,10.9295248206,5,5e-06,3.54544265992e-05,10.922744004,10.9171005994,0.0159856780441,10.9067936821,10.9455981972,10.940330425,10.9450714199
exponential,cut,1000000,100,79,11.0000378775,11.1410639913,0.141026113792,11.0705509344,2,2e-06,1.41817706397e-05,11.0693978067,11.0693978067,0.083895234235,11.0100749177,11.1287206958,11.116856118,11.127534238
exponential,cut,1000000,100,80,11.1410639913,11.2820901051,0.141026113792,11.2115770482,1,1e-06,7.09088531983e-06,11.2187975408,11.2187975408,,11.2187975408,11.2187975408,11.2187975408,11.2187975408
exponential,cut,1000000,100,81,11.2820901051,11.4231162189,0.141026113792,11.352603162,1,1e-06,7.09088531983e-06,11.333150775,11.333150775,,11.333150775,11.333150775,11.333150775,11.333150775
exponential,cut,1000000,100,82,11.4231162189,11.5641423327,0.141026113792,11.4936292758,1,1e-06,7.09088531983e-06,11.476297062,11.476297062,,11.476297062,11.476297062,11.476297062,11.476297062
exponential,cut,1000000,100,83,11.5641423327,11.7051684465,0.141026113792,11.6346553896,1,1e-06,7.09088531983e-06,11.6156642547,11.6156642547,,11.6156642547,11.6156642547,11.6156642547,11.6156642547
exponential,cut,1000000,100,84,11.7051684465,11.8461945603,0.141026113792,11.7756815034,,0,0,,,,,,,
exponential,cut,1000000,100,85,11.8461945603,11.9872206741,0.141026113792,11.9167076172,,0,0,,,,,,,
exponential,cut,1000000,100,86,11.9872206741,12.1282467878,0.141026113792,12.0577337309,,0,0,,,,,,,
exponential,cut,1000000,100,87,12.1282467878,12.2692729016,0.141026113792,12.1987598447,1,1e-06,7.09088531983e-06,12.1394168942,12.1394168942,,12.1394168942,12.1394168942,12.1394168942,12.1394168942
exponential,cut,1000000,100,88,12.2692729016,12.4102990154,0.141026113792,12.3397859585,,0,0,,,,,,,
exponential,cut,1000000,100,89,12.4102990154,12.5513251292,0.141026113792,12.4808120723,2,2e-06,1.41817706397e-05,12.4898048975,12.4898048975,0.0790394021841,12.4339156003,12.5456941948,12.5345163354,12.5445764089
exponential,cut,1000000,100,90,12.5513251292,12.692351243,0.141026113792,12.6218381861,,0,0,,,,,,,
exponential,cut,1000000,100,91,12.692351243,12.8333773568,0.141026113792,12.7628642999,,0,0,,,,,,,
exponential,cut,1000000,100,92,12.8333773568,12.9744034706,0.141026113792,12.9038904137,,0,0,,,,,,,
exponential,cut,1000000,100,93,12.9744034706,13.1154295844,0.141026113792,13.0449165275,,0,0,,,,,,,
exponential,cut,1000000,100,94,13.1154295844,13.2564556982,0.141026113792,13.1859426413,,0,0,,,,,,,
exponential,cut,1000000,100,95,13.2564556982,13.397481812,0.141026113792,13.3269687551,,0,0,,,,,,,
exponential,cut,1000000,100,96,13.397481812,13.5385079258,0.141026113792,13.4679948689,,0,0,,,,,,,
exponential,cut,1000000,100,97,13.5385079258,13.6795340396,0.141026113792,13.6090209827,,0,0,,,,,,,
exponential,cut,1000000,100,98,13.6795340396,13.8205601533,0.141026113792,13.7500470965,,0,0,,,,,,,
exponential,cut,1000000,100,99,13.8205601533,13.9615862671,0.141026113792,13.8910732102,,0,0,,,,,,,
exponential,cut,1000000,100,100,13.9615862671,14.1026123809,0.141026113792,14.032099324,1,1e-06,7.09088531983e-06,14.1026123809,14.1026123809,,14.1026123809,14.1026123809,14.1026123809,14.1026123809
exponential,qcut,1000000,100,1,1.00173717024e-06,0.0100588707549,0.0100578690177,0.00502993624602,10000,0.01,0.994246393785,0.00502570372135,0.0050652208077,0.00288958761939,1.00173717024e-06,0.0100583246843,0.00903491939773,0.00995892024255
exponential,qcut,1000000,100,2,0.0100588707549,0.020226232521,0.0101673617661,0.0151425516379,10000,0.01,0.983539312363,0.015153327543,0.0152037188979,0.00294072861418,0.0100588762707,0.0202261696621,0.0192467953406,0.0201353883886
exponential,qcut,1000000,100,3,0.020226232521,0.0305190452358,0.0102928127148,0.0253726388784,10000,0.01,0.971551730039,0.0253802544928,0.0253962174728,0.0029517448593,0.0202262338038,0.0305176468549,0.0294323520856,0.0304208834116
exponential,qcut,1000000,100,4,0.0305190452358,0.0408636616859,0.0103446164502,0.0356913534609,10000,0.01,0.966686396557,0.0356443559483,0.0356040757815,0.00298350930733,0.0305190884847,0.0408634696172,0.0398104067601,0.0407623592368
exponential,qcut,1000000,100,5,0.0408636616859,0.05131130209,0.0104476404041,0.046087481888,10000,0.01,0.957153923108,0.0460482896318,0.0460326735316,0.00302100097857,0.0408636696888,0.0513109207639,0.0502584390883,0.0512206276626
exponential,qcut,1000000,100,6,0.05131130209,0.0619468730664,0.0106355709763,0.0566290875782,10000,0.01,0.940241010309,0.0566501826303,0.0566551807545,0.00307924773102,0.0513113221598,0.0619455478214,0.060924828771,0.0618537193388
exponential,qcut,1000000,100,7,0.0619468730664,0.0726251203822,0.0106782473158,0.0672859967243,10000,0.01,0.936483273354,0.0672243721661,0.0671648247293,0.00308671788856,0.0619469576565,0.0726243142363,0.0715603261206,0.0725247764338
exponential,qcut,1000000,100,8,0.0726251203822,0.0834064872356,0.0107813668534,0.0780158038089,10000,0.01,0.927526178819,0.0779809332702,0.0779423421314,0.00313153794303,0.0726251810598,0.0834062291115,0.0823361532948,0.083274070648
exponential,qcut,1000000,100,9,0.0834064872356,0.0942693296122,0.0108628423765,0.0888379084239,10000,0.01,0.920569373407,0.0888033819002,0.0887852888109,0.00313495457701,0.0834065096812,0.0942685930661,0.0931357669721,0.0941467071602
exponential,qcut,1000000,100,10,0.0942693296122,0.105401144835,0.0111318152231,0.0998352372237,10000,0.01,0.898326086051,0.0998514631864,0.0998604847105,0.00321623240181,0.0942694024574,0.105401076666,0.104270357352,0.105277195723
exponential,qcut,1000000,100,11,0.105401144835,0.116663534433,0.011262389598,0.111032339634,10000,0.01,0.887911034597,0.110957881419,0.11086496028,0.00327956895635,0.10540115241,0.116660526486,0.115521848787,0.116560410254
exponential,qcut,1000000,100,12,0.116663534433,0.127958224774,0.0112946903409,0.122310879604,10000,0.01,0.885371771883,0.122302102722,0.122324464081,0.00328669509378,0.116663906202,0.12795766753,0.126856212225,0.127843436451
exponential,qcut,1000000,100,13,0.127958224774,0.13944047837,0.0114822535956,0.133699351572,10000,0.01,0.870909174471,0.133689303497,0.133627811108,0.00329233007973,0.127958300762,0.139439833443,0.138282820507,0.139312504861
exponential,qcut,1000000,100,14,0.13944047837,0.151015161715,0.011574683345,0.145227820042,10000,0.01,0.863954520564,0.145238657976,0.145259457538,0.00333601531004,0.139440574738,0.151013922714,0.149880030302,0.150908618677
exponential,qcut,1000000,100,15,0.151015161715,0.162829239744,0.0118140780297,0.15692220073,10000,0.01,0.846447769759,0.156855548501,0.156835844094,0.0034002484295,0.151015363413,0.162829019251,0.161624762717,0.162701744647
exponential,qcut,1000000,100,16,0.162829239744,0.174692848651,0.0118636089067,0.168761044198,10000,0.01,0.842913828213,0.168761652847,0.168718981794,0.00342946777133,0.162829278655,0.174692008973,0.173539071202,0.174579775138
exponential,qcut,1000000,100,17,0.174692848651,0.186761269254,0.0120684206026,0.180727058952,10000,0.01,0.828608840321,0.1807527592,0.180792140889,0.003496051605,0.17469300859,0.186760884471,0.185586887879,0.186633693452
exponential,qcut,1000000,100,18,0.186761269254,0.198957466048,0.0121961967944,0.192859367651,10000,0.01,0.819927733917,0.19281439127,0.192756887976,0.00350576943057,0.186761348065,0.198957389548,0.197693800604,0.198842921238
exponential,qcut,1000000,100,19,0.198957466048,0.211225694641,0.012268228593,0.205091580345,10000,0.01,0.815113602116,0.205080435674,0.2051154001,0.0035402660523,0.198957482841,0.211222252892,0.209974391624,0.211089921482
exponential,qcut,1000000,100,20,0.211225694641,0.223655226537,0.0124295318959,0.217440460589,10000,0.01,0.804535527467,0.217446892719,0.217450465817,0.00360333221242,0.211226501965,0.223652912731,0.222449043835,0.223554825857
exponential,qcut,1000000,100,21,0.223655226537,0.236027028865,0.0123718023284,0.229841127701,10000,0.01,0.808289668275,0.229850307265,0.22985643993,0.00357302877257,0.223655804989,0.236026314008,0.234799136772,0.235897011801
exponential,qcut,1000000,100,22,0.236027028865,0.248811756887,0.012784728022,0.242419392876,10000,0.01,0.782183241032,0.242415055377,0.242415722577,0.00366782343007,0.236027218891,0.248811329487,0.247551935852,0.248694999066
exponential,qcut,1000000,100,23,0.248811756887,0.261858847841,0.0130470909533,0.255335302364,10000,0.01,0.766454379431,0.255356670021,0.255324946622,0.00376209973989,0.248811877436,0.261858391861,0.260523517114,0.261724185696
exponential,qcut,1000000,100,24,0.261858847841,0.274823521338,0.0129646734972,0.268341184589,10000,0.01,0.771326790616,0.268352696511,0.268335564212,0.00374181851312,0.261858984042,0.274823231265,0.273513353207,0.274691974641
exponential,qcut,1000000,100,25,0.274823521338,0.287891778652,0.0130682573144,0.281357649995,10000,0.01,0.765212970593,0.28140040738,0.281443068368,0.00377726267163,0.27482361294,0.287891604196,0.286585851175,0.287765923907
exponential,qcut,1000000,100,26,0.287891778652,0.301080655828,0.0131888771758,0.29448621724,10000,0.01,0.758214658208,0.294412015479,0.294395917326,0.00381784293559,0.287891836804,0.301080508776,0.299720095939,0.300930043803
exponential,qcut,1000000,100,27,0.301080655828,0.31441451321,0.013333857382,0.307747584519,10000,0.01,0.749970523424,0.30769242916,0.307698903229,0.00386185306259,0.301080707495,0.314413767431,0.313037651335,0.314290987478
exponential,qcut,1000000,100,28,0.31441451321,0.328283486969,0.0138689737591,0.32134900009,10000,0.01,0.721033882804,0.321329714472,0.321274469508,0.00400122673337,0.314414789046,0.328282639729,0.326910249344,0.32813689001
exponential,qcut,1000000,100,29,0.328283486969,0.342355888918,0.0140724019492,0.335319687944,10000,0.01,0.71061074265,0.335290842558,0.33525060835,0.00408097057123,0.328283816451,0.342355524057,0.340959463041,0.342198981592
exponential,qcut,1000000,100,30,0.342355888918,0.356664676994,0.0143087880755,0.349510282956,10000,0.01,0.698871207487,0.349536793717,0.349560912353,0.00415221089984,0.342356037946,0.35666328235,0.355251267729,0.356521623239
exponential,qcut,1000000,100,31,0.356664676994,0.37125034205,0.0145856650562,0.363957509522,10000,0.01,0.685604664682,0.363932840711,0.363876666929,0.00420964704226,0.356665274698,0.371249823313,0.369815628237,0.371095680328
exponential,qcut,1000000,100,32,0.37125034205,0.385888569901,0.0146382278513,0.378569455976,10000,0.01,0.683142802639,0.378484606805,0.378435291563,0.0042360150095,0.371250575106,0.385887219866,0.384407393443,0.385728317089
exponential,qcut,1000000,100,33,0.385888569901,0.400878583343,0.0149900134421,0.393383576622,10000,0.01,0.667110809381,0.393377724637,0.39335443352,0.00433530157338,0.385889205212,0.400876354678,0.39940297887,0.400732611627
exponential,qcut,1000000,100,34,0.400878583343,0.415764687851,0.0148861045078,0.408321635597,10000,0.01,0.671767418719,0.408289884815,0.408321798702,0.00430574388627,0.400879681044,0.415764358209,0.414270601184,0.415615505801
exponential,qcut,1000000,100,35,0.415764687851,0.431342739455,0.0155780516034,0.423553713653,10000,0.01,0.641928801789,0.423539325965,0.423488490876,0.00450697179196,0.415764857667,0.43134249463,0.429806069863,0.431185379276
exponential,qcut,1000000,100,36,0.431342739455,0.447012727995,0.0156699885402,0.439177733725,10000,0.01,0.638162559872,0.439142888032,0.43909480818,0.00453475731842,0.431342871283,0.447012271165,0.445444869008,0.446851452422
exponential,qcut,1000000,100,37,0.447012727995,0.462700001098,0.0156872731027,0.454856364546,10000,0.01,0.637459419144,0.454811670202,0.454764952725,0.00454600678744,0.447012984961,0.462699366199,0.461113251375,0.462531116229
exponential,qcut,1000000,100,38,0.462700001098,0.478613649419,0.0159136483216,0.470656825258,10000,0.01,0.62839141584,0.470605104425,0.47055552287,0.00458686650611,0.462700373975,0.478612490457,0.476996378801,0.478431642196
exponential,qcut,1000000,100,39,0.478613649419,0.494659246732,0.0160455973126,0.486636448075,10000,0.01,0.623223916515,0.486656557497,0.48667853645,0.00464016143437,0.478614359751,0.494658881342,0.493080135241,0.49448424694
exponential,qcut,1000000,100,40,0.494659246732,0.511111335412,0.0164520886805,0.502885291072,10000,0.01,0.607825559065,0.502902048935,0.502933900906,0.00473427642153,0.494659480342,0.511110173423,0.509387762038,0.510929930401
exponential,qcut,1000000,100,41,0.511111335412,0.527815935989,0.0167046005764,0.5194636357,10000,0.01,0.598637480392,0.519414688193,0.519393538447,0.00482487435614,0.511112110072,0.527815864269,0.526125132996,0.527638661544
exponential,qcut,1000000,100,42,0.527815935989,0.54512625785,0.0173103218611,0.536471096919,10000,0.01,0.577690009479,0.536377189126,0.536356578836,0.00500562465892,0.527815985828,0.545125103275,0.543304753041,0.54493814416
exponential,qcut,1000000,100,43,0.54512625785,0.56234082042,0.01721456257,0.553733539135,10000,0.01,0.580903520453,0.553697359907,0.553666880888,0.00499306561412,0.545127093921,0.562340683504,0.560572362887,0.562178517681
exponential,qcut,1000000,100,44,0.56234082042,0.580112841991,0.0177720215715,0.571226831206,10000,0.01,0.562682188954,0.571253905182,0.571219207557,0.00513822539534,0.562340923707,0.58011258987,0.578368488722,0.579966244602
exponential,qcut,1000000,100,45,0.580112841991,0.598106403111,0.0179935611201,0.589109622551,10000,0.01,0.555754357532,0.589129632367,0.589145938832,0.00521363402567,0.580113040087,0.598105475406,0.596419378699,0.597929842729
exponential,qcut,1000000,100,46,0.598106403111,0.616302299057,0.0181958959457,0.607204351084,10000,0.01,0.549574477116,0.607202330395,0.607204984243,0.00525074844113,0.598107162143,0.616301688556,0.614459545493,0.616109041977
exponential,qcut,1000000,100,47,0.616302299057,0.634677511784,0.0183752127268,0.62548990542,10000,0.01,0.544211386758,0.62551820161,0.625425887438,0.00526928038525,0.616302819114,0.6346772992,0.632825487108,0.634482634173
exponential,qcut,1000000,100,48,0.634677511784,0.653598931856,0.0189214200727,0.64413822182,10000,0.01,0.528501558635,0.644178869475,0.644153614941,0.00546097709331,0.634677700302,0.653598705106,0.651737954167,0.653396990763
exponential,qcut,1000000,100,49,0.653598931856,0.672962100163,0.0193631683064,0.66328051601,10000,0.01,0.516444408362,0.663287956293,0.663265320953,0.00560413448396,0.653599141165,0.672956291573,0.671084418861,0.672777204507
exponential,qcut,1000000,100,50,0.672962100163,0.692765506418,0.0198034062549,0.68286380329,10000,0.01,0.504963634605,0.682887757806,0.682913820047,0.0057395972871,0.672967680965,0.692764869774,0.690782089748,0.6925762239
exponential,qcut,1000000,100,51,0.692765506418,0.712780682339,0.020015175921,0.702773094378,10000,0.01,0.499620889644,0.702696140391,0.702587405831,0.00577191171191,0.692766143062,0.712780610893,0.710747681512,0.712574016594
exponential,qcut,1000000,100,52,0.712780682339,0.733155814613,0.0203751322743,0.722968248476,10000,0.01,0.49079435978,0.722858762635,0.722781298866,0.00583403458678,0.7127807567,0.733152484607,0.730950088914,0.732947578681
exponential,qcut,1000000,100,53,0.733155814613,0.754068821639,0.0209130070262,0.743612318126,10000,0.01,0.478171311638,0.743558124937,0.743591550523,0.00605202139234,0.733159422119,0.754068261788,0.751975910159,0.753844742414
exponential,qcut,1000000,100,54,0.754068821639,0.775506870282,0.0214380486427,0.76478784596,10000,0.01,0.466460365244,0.764762901253,0.764758562024,0.00617351248745,0.754069452961,0.775506261572,0.773311360547,0.775282086372
exponential,qcut,1000000,100,55,0.775506870282,0.797597381133,0.0220905108516,0.786552125708,10000,0.01,0.45268305777,0.786530640885,0.786556693534,0.00637223844138,0.775507584854,0.797594125028,0.795434436043,0.797404244093
exponential,qcut,1000000,100,56,0.797597381133,0.820180081373,0.0225827002399,0.808888731253,10000,0.01,0.44281684182,0.808780991814,0.808579054846,0.0065789226407,0.797601360818,0.820179877073,0.817985669402,0.819997045
exponential,qcut,1000000,100,57,0.820180081373,0.843470841638,0.0232907602648,0.831825461506,10000,0.01,0.429354812222,0.831775254824,0.831703449286,0.00674971811174,0.820180341391,0.843469617726,0.841147632047,0.843253213953
exponential,qcut,1000000,100,58,0.843470841638,0.866782754141,0.023311912503,0.85512679789,10000,0.01,0.428965233921,0.855143011956,0.855114668573,0.00673082719396,0.843472464033,0.866781434193,0.864402664307,0.866594038563
exponential,qcut,1000000,100,59,0.866782754141,0.890547630781,0.0237648766401,0.878665192461,10000,0.01,0.420789055691,0.878496754667,0.87841304094,0.00679241361823,0.866784576927,0.890546369057,0.887968849193,0.890274675862
exponential,qcut,1000000,100,60,0.890547630781,0.914937044403,0.0243894136221,0.902742337592,10000,0.01,0.410013957487,0.902673947625,0.902603074486,0.00701630574518,0.890549446433,0.914936465327,0.912509323051,0.914714894782
exponential,qcut,1000000,100,61,0.914937044403,0.940205859776,0.0252688153724,0.92757145209,10000,0.01,0.395744709541,0.927543131501,0.927442623462,0.00729992059999,0.914937913017,0.940205282123,0.937774651096,0.939985708406
exponential,qcut,1000000,100,62,0.940205859776,0.966332544609,0.0261266848334,0.953269202192,10000,0.01,0.38275043557,0.953244302442,0.953259550394,0.00753547718331,0.940206763284,0.966330116384,0.963738620173,0.966078171783
exponential,qcut,1000000,100,63,0.966332544609,0.992584330855,0.0262517862461,0.979458437732,10000,0.01,0.380926459871,0.979360943019,0.979442544829,0.00761486725187,0.96633650645,0.992583859549,0.989887314644,0.99233720706
exponential,qcut,1000000,100,64,0.992584330855,1.02029487007,0.0277105392119,1.00643960046,10000,0.01,0.360873526261,1.00651409581,1.00660277794,0.00799731700389,0.99258513335,1.02029383197,1.01745178247,1.01998862826
exponential,qcut,1000000,100,65,1.02029487007,1.04877048662,0.0284756165555,1.03453267834,10000,0.01,0.351177646339,1.03424668763,1.03413655013,0.00819289130446,1.02029671557,1.04876762747,1.04568175153,1.04847737307
exponential,qcut,1000000,100,66,1.04877048662,1.07817282927,0.0294023426495,1.06347165795,10000,0.01,0.340108953875,1.06340762017,1.06329498806,0.00842936359228,1.04877579647,1.07817173816,1.0751347571,1.07794064759
exponential,qcut,1000000,100,67,1.07817282927,1.10803114103,0.0298583117531,1.09310198515,10000,0.01,0.334915117863,1.09305968687,1.09298757312,0.00855916485433,1.07817494731,1.108030121,1.10494170477,1.10777259362
exponential,qcut,1000000,100,68,1.10803114103,1.13874725771,0.0307161166871,1.12338919937,10000,0.01,0.3255619876,1.1233549887,1.12338251621,0.0088872128908,1.10803321198,1.13874677308,1.13564144345,1.13846823646
exponential,qcut,1000000,100,69,1.13874725771,1.1697861382,0.0310388804901,1.15426669796,10000,0.01,0.322176568295,1.1541867585,1.15407516953,0.0090218793517,1.13874828755,1.16978560085,1.16665518191,1.16947962011
exponential,qcut,1000000,100,70,1.1697861382,1.20226831798,0.0324821797792,1.18602722809,10000,0.01,0.3078611124,1.1859004242,1.18588317674,0.0093769631203,1.16978733424,1.20226720538,1.19890266271,1.20188300994
exponential,qcut,1000000,100,71,1.20226831798,1.23679180939,0.0345234914072,1.21953006369,10000,0.01,0.28965784144,1.21940904882,1.21935855711,0.00999941770256,1.20227091406,1.23679085066,1.23325393464,1.23639572279
exponential,qcut,1000000,100,72,1.23679180939,1.27169495456,0.0349031451736,1.25424338198,10000,0.01,0.286507131385,1.25424959491,1.25424319609,0.0100999056658,1.23679415661,1.27169473091,1.26824602638,1.27135506227
exponential,qcut,1000000,100,73,1.27169495456,1.30879098349,0.0370960289245,1.29024296902,10000,0.01,0.269570633028,1.2901038878,1.29007919942,0.0107357032844,1.27169552967,1.30879023321,1.30504218328,1.30842665353
exponential,qcut,1000000,100,74,1.30879098349,1.34662455744,0.037833573956,1.32770777046,10000,0.01,0.264315499552,1.3276204335,1.32758788592,0.0109399346387,1.308793012,1.34662264691,1.34276711264,1.34626520642
exponential,qcut,1000000,100,75,1.34662455744,1.3857941664,0.0391696089617,1.36620936192,10000,0.01,0.255299970183,1.36606446018,1.36595049697,0.0112810022032,1.3466299951,1.38579249952,1.38177826691,1.38537884898
exponential,qcut,1000000,100,76,1.3857941664,1.42668542161,0.0408912552089,1.40623979401,10000,0.01,0.244551064743,1.40593267335,1.40587117045,0.0118443284423,1.38579916706,1.42668311,1.42242937613,1.4262242506
exponential,qcut,1000000,100,77,1.42668542161,1.46904079345,0.0423553718358,1.44786310753,10000,0.01,0.236097561338,1.44794634177,1.44792682988,0.0122093956771,1.42669274172,1.46904046796,1.46470156611,1.4686533345
exponential,qcut,1000000,100,78,1.46904079345,1.51297724427,0.0439364508173,1.49100901886,10000,0.01,0.22760145196,1.49082585147,1.49074394117,0.0127227516892,1.46904188312,1.51297621635,1.50848388279,1.51258416263
exponential,qcut,1000000,100,79,1.51297724427,1.55890606289,0.0459288186228,1.53594165358,10000,0.01,0.217728221623,1.53570666566,1.53549977802,0.0133194708822,1.51298088868,1.55890565302,1.55422258535,1.55848187715
exponential,qcut,1000000,100,80,1.55890606289,1.60644095412,0.047534891226,1.5826735085,10000,0.01,0.210371786746,1.58251759769,1.58234166009,0.0136969969235,1.55890760477,1.60644067957,1.60154548659,1.60589824997
exponential,qcut,1000000,100,81,1.60644095412,1.65786727678,0.0514263226637,1.63215411545,10000,0.01,0.194452947091,1.63190128722,1.63178272393,0.0148329847052,1.60644205231,1.65786428314,1.65257304784,1.65738218797
exponential,qcut,1000000,100,82,1.65786727678,1.71106912855,0.0532018517668,1.68446820266,10000,0.01,0.187963382249,1.68425689491,1.68435610579,0.015314215799,1.65788003915,1.71106898085,1.70559267526,1.71048924011
exponential,qcut,1000000,100,83,1.71106912855,1.76855469534,0.057485566794,1.73981191194,10000,0.01,0.173956708748,1.73930746308,1.73898860031,0.016559260258,1.71106980137,1.76855465171,1.7624931295,1.76797621657
exponential,qcut,1000000,100,84,1.76855469534,1.82975561133,0.0612009159914,1.79915515334,10000,0.01,0.163396247229,1.7988146793,1.79892279303,0.0177104755833,1.76855490835,1.82975480012,1.82358261028,1.82908942725
exponential,qcut,1000000,100,85,1.82975561133,1.89394364426,0.0641880329283,1.8618496278,10000,0.01,0.155792280021,1.86135171223,1.86098350937,0.0185954657628,1.8297598702,1.89394352398,1.8870740342,1.8932400178
exponential,qcut,1000000,100,86,1.89394364426,1.96272258493,0.0687789406752,1.9283331146,10000,0.01,0.14539334136,1.92802344742,1.92771580449,0.0198184132998,1.89394432585,1.96272237991,1.9556782238,1.96208789407
exponential,qcut,1000000,100,87,1.96272258493,2.0382554698,0.0755328848693,2.00048902737,10000,0.01,0.13239266602,2.00000180148,1.9998026151,0.0218499732251,1.9627238444,2.03825327088,2.03045345158,2.03745564547
exponential,qcut,1000000,100,88,2.0382554698,2.11823887635,0.0799834065437,2.07824717308,10000,0.01,0.125025932654,2.07773236229,2.07766880715,0.0231435933149,2.0382701857,2.11823847855,2.10997270298,2.11741040066
exponential,qcut,1000000,100,89,2.11823887635,2.20666413016,0.0884252538079,2.16245150325,10000,0.01,0.113089864822,2.16205498972,2.16238343864,0.0253479720474,2.11824179352,2.20666369094,2.19714689076,2.20563409761
exponential,qcut,1000000,100,90,2.20666413016,2.30209889433,0.0954347641743,2.25438151224,10000,0.01,0.104783619329,2.25333424153,2.25246372766,0.0273609887585,2.20666768382,2.30209868633,2.29181883101,2.30113208786
exponential,qcut,1000000,100,91,2.30209889433,2.40744129444,0.105342400108,2.35477009438,10000,0.01,0.0949285376998,2.35422809072,2.35412717982,0.0303380981851,2.30210076634,2.40744051475,2.39658211979,2.40634674409
exponential,qcut,1000000,100,92,2.40744129444,2.5238551038,0.116413809367,2.46564819912,10000,0.01,0.0859004619332,2.46448519147,2.46394150804,0.0335228384301,2.4074491779,2.5238539094,2.51110069884,2.52268115145
exponential,qcut,1000000,100,93,2.5238551038,2.65923108123,0.135375977426,2.59154309252,10000,0.01,0.0738683493936,2.59037397302,2.58954974633,0.0391354441228,2.52386883946,2.65923063888,2.64543629061,2.65776010639
exponential,qcut,1000000,100,94,2.65923108123,2.81241628549,0.153185204256,2.73582368336,10000,0.01,0.0652804560895,2.73416855321,2.73336708219,0.0442683917803,2.65923695818,2.81241525234,2.79599352408,2.81094568244
exponential,qcut,1000000,100,95,2.81241628549,2.99573003164,0.183313746154,2.90407315856,10000,0.01,0.0545512827587,2.90100136585,2.90043787,0.052889101338,2.81243247137,2.99572781537,2.97587249077,2.99386254207
exponential,qcut,1000000,100,96,2.99573003164,3.21932269442,0.223592662783,3.10752636303,10000,0.01,0.044724186722,3.10251626576,3.09995437946,0.0644331755916,2.99577214075,3.21932207261,3.19465943293,3.21700901391
exponential,qcut,1000000,100,97,3.21932269442,3.50970144562,0.290378751196,3.36451207002,10000,0.01,0.0344377815485,3.35724945634,3.35353739399,0.0841822379327,3.2193376179,3.50970010847,3.4773080428,3.50616321397
exponential,qcut,1000000,100,98,3.50970144562,3.90732244915,0.397621003526,3.70851194738,10000,0.01,0.0251495768868,3.69437023082,3.68644676338,0.11485100518,3.50974468005,3.90732231235,3.86155833225,3.90222753464
exponential,qcut,1000000,100,99,3.90732244915,4.59671995671,0.689397507563,4.25202120293,10000,0.01,0.0145054194283,4.21352758603,4.1943542181,0.194278663928,3.90732915224,4.59671991301,4.50126266598,4.58471331088
exponential,qcut,1000000,100,100,4.59671995671,14.1026123809,9.50589242422,9.34966616882,10000,0.01,0.00105197908347,5.61788281093,5.30857940896,0.999667644224,4.59672428294,14.1026123809,6.92575978186,9.21449100969
exponential,log_binning,1000000,100,1,1.00173717024e-06,1.18097103679e-06,1.79233866554e-07,1.09135410351e-06,1,1e-06,5.57930272458,1.00173717024e-06,1.00173717024e-06,,1.00173717024e-06,1.00173717024e-06,1.00173717024e-06,1.00173717024e-06
exponential,log_binning,1000000,100,2,1.18097103679e-06,1.39227397283e-06,2.1130293604e-07,1.28662250481e-06,,0,0,,,,,,,
exponential,log_binning,1000000,100,3,1.39227397283e-06,1.64138387398e-06,2.49109901146e-07,1.5168289234e-06,,0,0,,,,,,,
exponential,log_binning,1000000,100,4,1.64138387398e-06,1.93506527761e-06,2.93681403638e-07,1.78822457579e-06,,0,0,,,,,,,
exponential,log_binning,1000000,100,5,1.93506527761e-06,2.28129305277e-06,3.46227775155e-07,2.10817916519e-06,,0,0,,,,,,,
exponential,log_binning,1000000,100,6,2.28129305277e-06,2.68946895633e-06,4.08175903559e-07,2.48538100455e-06,2,2e-06,4.89984828247,2.46959120415e-06,2.46959120415e-06,1.98497150567e-07,2.32923252294e-06,2.60994988536e-06,2.58187814912e-06,2.60714271174e-06
exponential,log_binning,1000000,100,7,2.68946895633e-06,3.17067693617e-06,4.81207979839e-07,2.93007294625e-06,1,1e-06,2.07810352674,3.16591758574e-06,3.16591758574e-06,,3.16591758574e-06,3.16591758574e-06,3.16591758574e-06,3.16591758574e-06
exponential,log_binning,1000000,100,8,3.17067693617e-06,3.73798411388e-06,5.67307177718e-07,3.45433052502e-06,1,1e-06,1.76271346332,3.59675929985e-06,3.59675929985e-06,,3.59675929985e-06,3.59675929985e-06,3.59675929985e-06,3.59675929985e-06
exponential,log_binning,1000000,100,9,3.73798411388e-06,4.40679562029e-06,6.68811506405e-07,4.07238986709e-06,1,1e-06,1.49518958694,4.29633744577e-06,4.29633744577e-06,,4.29633744577e-06,4.29633744577e-06,4.29633744577e-06,4.29633744577e-06
exponential,log_binning,1000000,100,10,4.40679562029e-06,5.19527291913e-06,7.8847729884e-07,4.80103426971e-06,2,2e-06,2.53653466364,4.92107403995e-06,4.92107403995e-06,2.70200210386e-07,4.7300136389e-06,5.11213444099e-06,5.07392236078e-06,5.10831323297e-06
exponential,log_binning,1000000,100,11,5.19527291913e-06,6.12482697858e-06,9.29554059452e-07,5.66004994885e-06,,0,0,,,,,,,
exponential,log_binning,1000000,100,12,6.12482697858e-06,7.22069968248e-06,1.0958727039e-06,6.67276333053e-06,1,1e-06,0.912514744132,7.10536680283e-06,7.10536680283e-06,,7.10536680283e-06,7.10536680283e-06,7.10536680283e-06,7.10536680283e-06
exponential,log_binning,1000000,100,13,7.22069968248e-06,8.51264926942e-06,1.29194958694e-06,7.86667447595e-06,,0,0,,,,,,,
exponential,log_binning,1000000,100,14,8.51264926942e-06,1.00357584127e-05,1.5231091433e-06,9.27420384108e-06,1,1e-06,0.656551767414,9.56909044875e-06,9.56909044875e-06,,9.56909044875e-06,9.56909044875e-06,9.56909044875e-06,9.56909044875e-06
exponential,log_binning,1000000,100,15,1.00357584127e-05,1.18313868845e-05,1.79562847178e-06,1.09335726486e-05,2,2e-06,1.11381615487,1.11784261792e-05,1.11784261792e-05,5.53461500285e-07,1.07870697992e-05,1.15697825592e-05,1.14915112832e-05,1.15619554316e-05
exponential,log_binning,1000000,100,16,1.18313868845e-05,1.39482946733e-05,2.1169077888e-06,1.28898407789e-05,,0,0,,,,,,,
exponential,log_binning,1000000,100,17,1.39482946733e-05,1.64439660534e-05,2.49567138008e-06,1.51961303633e-05,,0,0,,,,,,,
exponential,log_binning,1000000,100,18,1.64439660534e-05,1.93861705605e-05,2.94220450713e-06,1.79150683069e-05,3,3e-06,1.0196436015,1.75751512207e-05,1.75813523291e-05,7.29438289934e-07,1.68426321456e-05,1.83014691873e-05,1.81574458156e-05,1.82870668501e-05
exponential,log_binning,1000000,100,19,1.93861705605e-05,2.28548032623e-05,3.46863270174e-06,2.11204869114e-05,2,2e-06,0.576596074585,2.04501180555e-05,2.04501180555e-05,6.19356605382e-07,2.00121667998e-05,2.08880693111e-05,2.080047906e-05,2.0879310286e-05
exponential,log_binning,1000000,100,20,2.28548032623e-05,2.69440542951e-05,4.08925103283e-06,2.48994287787e-05,9,9e-06,2.20089202833,2.44775424886e-05,2.39208634369e-05,1.02634109982e-06,2.33966961178e-05,2.65738813638e-05,2.56086286965e-05,2.64773560971e-05
exponential,log_binning,1000000,100,21,2.69440542951e-05,3.17649665817e-05,4.8209122866e-06,2.93545104384e-05,5,5e-06,1.0371480962,3.00624020145e-05,3.03618872745e-05,1.66123031712e-06,2.76407732275e-05,3.17568040548e-05,3.1576638873e-05,3.17387875366e-05
exponential,log_binning,1000000,100,22,3.17649665817e-05,3.74484511828e-05,5.6834846011e-06,3.46067088822e-05,6,6e-06,1.05569037679,3.33024450566e-05,3.28508409663e-05,1.57393183886e-06,3.20322666434e-05,3.6258936016e-05,3.49733939529e-05,3.61303818097e-05
exponential,log_binning,1000000,100,23,3.74484511828e-05,4.41488421649e-05,6.70039098215e-06,4.07986466739e-05,12,1.2e-05,1.79094026482,4.13792254119e-05,4.16926449754e-05,2.1733786744e-06,3.77320363457e-05,4.37323704386e-05,4.35737374387e-05,4.37167312229e-05
exponential,log_binning,1000000,100,24,4.41488421649e-05,5.20480875161e-05,7.89924535118e-06,4.80984648405e-05,10,1e-05,1.2659437143,4.81804976046e-05,4.85160186672e-05,2.12359878017e-06,4.48089931886e-05,5.06449935968e-05,5.02573112071e-05,5.06062253578e-05
exponential,log_binning,1000000,100,25,5.20480875161e-05,6.13606899126e-05,9.31260239653e-06,5.67043887144e-05,12,1.2e-05,1.28857643535,5.67288250158e-05,5.68377408363e-05,2.85033656325e-06,5.277041365e-05,6.08218335942e-05,6.01887203375e-05,6.07569876882e-05
exponential,log_binning,1000000,100,26,6.13606899126e-05,7.23395315033e-05,1.09788415906e-05,6.68501107079e-05,7,7e-06,0.637590035545,6.72311179088e-05,6.55868499338e-05,3.40749248296e-06,6.33796843751e-05,7.15166623139e-05,7.09277516796e-05,7.14577712505e-05
exponential,log_binning,1000000,100,27,7.23395315033e-05,8.52827408812e-05,1.29432093779e-05,7.88111361922e-05,17,1.7e-05,1.31343003915,7.82648708727e-05,7.80699771064e-05,2.76189826681e-06,7.45467071786e-05,8.27807553327e-05,8.19173991908e-05,8.27711297755e-05
exponential,log_binning,1000000,100,28,8.52827408812e-05,0.000100541788716,1.52590478347e-05,9.29122647985e-05,22,2.2e-05,1.44176754922,9.26277699586e-05,9.27787911135e-05,4.37795790877e-06,8.54652406586e-05,9.91796837383e-05,9.80527164541e-05,9.91121250596e-05
exponential,log_binning,1000000,100,29,0.000100541788716,0.00011853103188,1.7989243164e-05,0.000109536410298,19,1.9e-05,1.05618673486,0.000111404106111,0.000111835744578,5.03291927564e-06,0.000100892859915,0.000117713830569,0.000117312006974,0.000117670607062
exponential,log_binning,1000000,100,30,0.00011853103188,0.00013973896524,2.12079333598e-05,0.00012913499856,27,2.7e-05,1.27310848926,0.000129938431295,0.000130595414831,5.72248264572e-06,0.000118630306283,0.000137331841544,0.000136650462767,0.000137290504457
exponential,log_binning,1000000,100,31,0.00013973896524,0.000164741486652,2.50025214121e-05,0.000152240225946,28,2.8e-05,1.11988705213,0.000152774369386,0.000152227992249,8.0495990485e-06,0.000140457514803,0.000164726419773,0.000163565835332,0.000164562492671
exponential,log_binning,1000000,100,32,0.000164741486652,0.000194217535372,2.94760487199e-05,0.000179479511012,36,3.6e-05,1.22133059089,0.000178968633656,0.000179592176115,7.632407417e-06,0.000164854373126,0.000192343981313,0.000189680680828,0.000192314937861
exponential,log_binning,1000000,100,33,0.000194217535372,0.000228967528535,3.47499931633e-05,0.000211592531953,25,2.5e-05,0.71942460197,0.00021231702104,0.000214191975483,1.0821108076e-05,0.000194447007259,0.000228416641775,0.000225910842548,0.000228302212684
exponential,log_binning,1000000,100,34,0.000228967528535,0.00026993509635,4.09675678151e-05,0.000249451312442,33,3.3e-05,0.805515234611,0.000249983283701,0.000248573830023,1.12236962677e-05,0.000230586282337,0.000269297953826,0.000267494672245,0.000269288132135
exponential,log_binning,1000000,100,35,0.00026993509635,0.000318232706217,4.8297609867e-05,0.000294083901284,48,4.8e-05,0.993838000103,0.000290569375025,0.000289342444927,1.40755332701e-05,0.000270155462694,0.000316653562953,0.000311651507673,0.000315343874391
exponential,log_binning,1000000,100,36,0.000318232706217,0.000375171871593,5.69391653757e-05,0.000346702288905,57,5.7e-05,1.0010684144,0.000346425737938,0.000345460915786,1.68705453794e-05,0.000320264636714,0.000373289368081,0.000368889732436,0.000373142859172
exponential,log_binning,1000000,100,37,0.000375171871593,0.000442298765918,6.71268943249e-05,0.000408735318755,71,7.1e-05,1.05769827003,0.000411225120742,0.000413640159359,1.8905744725e-05,0.000375457102943,0.0004400800356,0.000432127301312,0.000439632417899
exponential,log_binning,1000000,100,38,0.000442298765918,0.000521436208695,7.91374427772e-05,0.000481867487306,92,9.2e-05,1.1625344056,0.000488076324896,0.000490592279429,2.3918695066e-05,0.000443574107435,0.000521256979625,0.000518424290896,0.000521233623571
exponential,log_binning,1000000,100,39,0.000521436208695,0.000614733163847,9.32969551518e-05,0.000568084686271,93,9.3e-05,0.996817097071,0.000575590661169,0.000579032322369,2.45166103974e-05,0.000523609442583,0.000614446295694,0.000605586138342,0.00061236910546
exponential,log_binning,1000000,100,40,0.000614733163847,0.000724723094468,0.000109989930621,0.000669728129157,105,0.000105,0.954632841452,0.000671077593579,0.000672323540254,3.32932860491e-05,0.000615378680517,0.000722967265196,0.000713915577428,0.00072177478342
exponential,log_binning,1000000,100,41,0.000724723094468,0.000854392758589,0.000129669664121,0.000789557926528,137,0.000137,1.05653084651,0.000794507008332,0.000798423206423,3.85673923336e-05,0.000724803223473,0.000854111602598,0.000842750013636,0.000852617663817
exponential,log_binning,1000000,100,42,0.000854392758589,0.00100726331409,0.000152870555498,0.000930828036338,128,0.000128,0.837309706783,0.000931198439306,0.000932974916854,4.18432340365e-05,0.00085521488082,0.00100336428097,0.000991346424242,0.00100333663324
exponential,log_binning,1000000,100,43,0.00100726331409,0.00118748593514,0.000180222621048,0.00109737462461,180,0.00018,0.998764744142,0.00110033422818,0.00110556166251,4.84744892205e-05,0.00100748415806,0.00118558381731,0.00116589085479,0.00118259297457
exponential,log_binning,1000000,100,44,0.00118748593514,0.00139995453664,0.000212468601502,0.00129372023589,207,0.000207,0.974261601653,0.00129143100062,0.00129361607918,5.95916893846e-05,0.00118919642723,0.00139984448012,0.00137182640979,0.00139891445576
exponential,log_binning,1000000,100,45,0.00139995453664,0.00165043866766,0.000250484131024,0.00152519660215,227,0.000227,0.906245034654,0.00152404468115,0.00152451525328,7.1338343666e-05,0.00140094567693,0.00164790598542,0.00162195294035,0.0016457934488
exponential,log_binning,1000000,100,46,0.00165043866766,0.00194574018257,0.000295301514912,0.00179808942512,270,0.00027,0.914319725316,0.00180983030485,0.00181639446219,8.26873487066e-05,0.00165111364971,0.00194531403021,0.00191864089063,0.00194209418072
exponential,log_binning,1000000,100,47,0.00194574018257,0.00229387794425,0.000348137761674,0.00211980906341,333,0.000333,0.95651789797,0.00211703168702,0.00210930419526,9.72094609885e-05,0.00194656347148,0.00229237476329,0.00225860293357,0.00228966878494
exponential,log_binning,1000000,100,48,0.00229387794425,0.00270430557493,0.000410427630685,0.00249909175959,404,0.000404,0.984339186242,0.00249634723863,0.00250284748526,0.000118508829932,0.00229425481348,0.00270174506458,0.00265315360116,0.00269804448251
exponential,log_binning,1000000,100,49,0.00270430557493,0.00318816816778,0.000483862592843,0.00294623687135,516,0.000516,1.0664184577,0.00295619791824,0.00295746166008,0.000139565909804,0.00270854428616,0.00318814256386,0.00314562457125,0.00318329393648
exponential,log_binning,1000000,100,50,0.00318816816778,0.00375860492994,0.000570436762169,0.00347338654886,576,0.000576,1.00975259345,0.00347203205534,0.00347390489614,0.000165707966063,0.00318826835364,0.00375666209686,0.00370247112347,0.00374981171131
exponential,log_binning,1000000,100,51,0.00375860492994,0.00443110597559,0.000672501045641,0.00409485545277,653,0.000653,0.971002207703,0.00408147891548,0.00407205868922,0.000190690709172,0.00375926544111,0.00442957397722,0.00435538940401,0.00442297005525
exponential,log_binning,1000000,100,52,0.00443110597559,0.00522393295726,0.000792826981678,0.00482751946642,785,0.000785,0.990127755665,0.00484134293239,0.0048416149835,0.000223187997135,0.00443528947223,0.00522110264097,0.00514545637566,0.00521338303742
exponential,log_binning,1000000,100,53,0.00522393295726,0.00615861495806,0.000934682000795,0.00569127395766,959,0.000959,1.02601740398,0.00568568579181,0.00568485182463,0.000269081126893,0.00522485153237,0.00615771465896,0.00605827126341,0.00614639984856
exponential,log_binning,1000000,100,54,0.00615861495806,0.00726053311019,0.00110191815213,0.00670957403412,1121,0.001121,1.01731693759,0.00671008240691,0.00670070638865,0.000316421258905,0.00615910333011,0.00725926237121,0.00715285569747,0.00724182686391
exponential,log_binning,1000000,100,55,0.00726053311019,0.00855960981538,0.00129907670519,0.00791007146279,1289,0.001289,0.992243179211,0.00788695379157,0.00787056079881,0.000371769338245,0.0072612404952,0.00855881013534,0.00841702404685,0.00854662656362
exponential,log_binning,1000000,100,56,0.00855960981538,0.0100911212826,0.00153151146726,0.00932536554902,1494,0.001494,0.975506897554,0.00931599981636,0.00930807994635,0.000442324470305,0.00855986020823,0.010091038232,0.00993460557234,0.0100777728242
exponential,log_binning,1000000,100,57,0.0100911212826,0.0118966554478,0.00180553416514,0.0109938883652,1788,0.001788,0.990288655027,0.0110047341353,0.0110006943468,0.000517184807925,0.0100941461891,0.0118962452224,0.0117217537441,0.0118801377335
exponential,log_binning,1000000,100,58,0.0118966554478,0.0140252412868,0.002128585839,0.0129609483673,2067,0.002067,0.971067251379,0.012949877008,0.0129694043562,0.000611291774637,0.0118974279588,0.0140240647876,0.0137859402645,0.0140001095258
exponential,log_binning,1000000,100,59,0.0140252412868,0.0165346801894,0.00250943890261,0.0152799607381,2509,0.002509,0.999825099305,0.0153158815727,0.0153301908561,0.000727445979531,0.0140261415801,0.0165340302804,0.0162972346537,0.016516121221
exponential,log_binning,1000000,100,60,0.0165346801894,0.0194931155461,0.00295843535673,0.0180138978678,2860,0.00286,0.966727224071,0.0180169476069,0.0180003798352,0.000854349925251,0.01653498326,0.0194917824707,0.0192166230146,0.0194594121678
exponential,log_binning,1000000,100,61,0.0194931155461,0.0229808831705,0.0034877676244,0.0212369993583,3378,0.003378,0.968527827476,0.0212322977442,0.0212222542854,0.00100852290014,0.0194959858004,0.0229803315984,0.0226550272822,0.0229481430488
exponential,log_binning,1000000,100,62,0.0229808831705,0.0270926928047,0.00411180963416,0.0250367879876,4055,0.004055,0.986183787867,0.0250343361878,0.0250634435335,0.00119632706918,0.022981127519,0.027092593072,0.0267087679841,0.0270557284922
exponential,log_binning,1000000,100,63,0.0270926928047,0.0319401999463,0.00484750714161,0.0295164463755,4713,0.004713,0.972252306665,0.0295135754797,0.0294866959495,0.00140158130108,0.027094854841,0.0319400750518,0.0314410022529,0.0318945723125
exponential,log_binning,1000000,100,64,0.0319401999463,0.0376550378349,0.00571483788858,0.0347976188906,5572,0.005572,0.975005784701,0.0347956843957,0.0348045379078,0.00165026630524,0.031940418679,0.037653272563,0.0370978396996,0.0375839073072
exponential,log_binning,1000000,100,65,0.0376550378349,0.0443923919302,0.00673735409536,0.0410237148825,6507,0.006507,0.965809412404,0.0410666922119,0.0410955337256,0.00195537491233,0.0376558991063,0.0443912867296,0.0437519817415,0.044324350403
exponential,log_binning,1000000,100,66,0.0443923919302,0.0523352139474,0.00794282201722,0.0483638029388,7470,0.00747,0.940471784941,0.0483660437266,0.0483315044622,0.00228006442203,0.0443925773521,0.0523351063737,0.0515311526405,0.0522497536082
exponential,log_binning,1000000,100,67,0.0523352139474,0.0616991898799,0.00936397593243,0.0570172019137,8819,0.008819,0.9418007974,0.0570344299865,0.0570422657723,0.00271514492459,0.0523357573752,0.061698149136,0.0608127106286,0.061619764284
exponential,log_binning,1000000,100,68,0.0616991898799,0.0727385969159,0.0110394070361,0.0672188933979,10362,0.010362,0.938637371205,0.0671719511753,0.0671116437119,0.00319649692303,0.0617011782417,0.0727383849316,0.0716597944332,0.0726472307342
exponential,log_binning,1000000,100,69,0.0727385969159,0.0857532082934,0.0130146113774,0.0792459026047,12034,0.012034,0.924653041956,0.079221576904,0.0792163649278,0.00376464012243,0.0727388713932,0.0857491209406,0.0844292881686,0.0855929042069
exponential,log_binning,1000000,100,70,0.0857532082934,0.101096433591,0.0153432252975,0.0934248209421,13969,0.013969,0.910434392324,0.0933649652357,0.0933089302673,0.00445118789409,0.0857535605858,0.101095659898,0.0995820500438,0.100945787982
exponential,log_binning,1000000,100,71,0.101096433591,0.119184915506,0.0180884819149,0.110140674548,16165,0.016165,0.893662612268,0.110109756214,0.11000055589,0.00523642110582,0.101096881726,0.119184584564,0.11742298788,0.11901002598
exponential,log_binning,1000000,100,72,0.119184915506,0.140509843716,0.0213249282104,0.129847379611,18616,0.018616,0.872968941154,0.129826235239,0.129845306256,0.00613006554213,0.11918493833,0.140507117392,0.138330483592,0.140295930992
exponential,log_binning,1000000,100,73,0.140509843716,0.165650293054,0.0251404493378,0.153080068385,21473,0.021473,0.854121567658,0.152987048585,0.152958126172,0.00724424725525,0.140511058344,0.165649203348,0.163094028159,0.165402988118
exponential,log_binning,1000000,100,74,0.165650293054,0.195288948184,0.0296386551303,0.180469620619,24673,0.024673,0.832460173769,0.180428164913,0.180425795418,0.00856952784679,0.165654221477,0.195288625001,0.192309705885,0.194992121045
exponential,log_binning,1000000,100,75,0.195288948184,0.230230641792,0.0349416936081,0.212759794988,28236,0.028236,0.808089050196,0.212730244416,0.212670794481,0.010086015299,0.195290761351,0.230229942756,0.226738067296,0.229873326141
exponential,log_binning,1000000,100,76,0.230230641792,0.27142420968,0.0411935678875,0.250827425736,32024,0.032024,0.777402920948,0.250623677759,0.250492300566,0.0119256053433,0.230231038296,0.271422602205,0.267173743962,0.270988570222
exponential,log_binning,1000000,100,77,0.27142420968,0.319988256241,0.0485640465609,0.29570623296,36719,0.036719,0.756094324923,0.295437019103,0.29528963145,0.0139890500904,0.271424712425,0.319987853897,0.314902985117,0.319497244156
exponential,log_binning,1000000,100,78,0.319988256241,0.377241529975,0.0572532737347,0.348614893108,40123,0.040123,0.700798354098,0.348358063585,0.348245124448,0.0165533869974,0.319991033826,0.377240968925,0.371437738336,0.376651464738
exponential,log_binning,1000000,100,79,0.377241529975,0.444738733884,0.0674972039084,0.41099013193,44392,0.044392,0.657686502988,0.410572433796,0.410323799169,0.0194497594475,0.377242732286,0.444734648834,0.437747516835,0.444011344175
exponential,log_binning,1000000,100,80,0.444738733884,0.524312743163,0.0795740092797,0.484525738524,49372,0.049372,0.620453844753,0.484030897922,0.483841291942,0.0229562853856,0.44473903141,0.52431243698,0.516047869064,0.523497112482
exponential,log_binning,1000000,100,81,0.524312743163,0.618124376627,0.0938116334631,0.571218559895,53041,0.053041,0.565398960043,0.570587417998,0.570247889366,0.0270929634336,0.524313941249,0.618121925325,0.608401756184,0.617125905091
exponential,log_binning,1000000,100,82,0.618124376627,0.728721073371,0.110596696744,0.673422724999,56949,0.056949,0.514924963191,0.672430539214,0.671905492655,0.0320039047388,0.618124578905,0.728717454419,0.717296804791,0.7276131103
exponential,log_binning,1000000,100,83,0.728721073371,0.859106068058,0.130384994687,0.793913570714,58776,0.058776,0.450788069141,0.792399459254,0.791550545637,0.0376462055519,0.728724209946,0.859105736919,0.845373750797,0.857698480752
exponential,log_binning,1000000,100,84,0.859106068058,1.01281994325,0.153713875189,0.935963005652,60561,0.060561,0.393985252962,0.933614180193,0.932503123475,0.0443602046331,0.859106286028,1.01281332966,0.99594900427,1.01108317683
exponential,log_binning,1000000,100,85,1.01281994325,1.19403677331,0.181216830067,1.10342835828,60282,0.060282,0.332651222172,1.10116488139,1.10017382364,0.0524169437573,1.01282375673,1.19402828746,1.17457846989,1.19208262929
exponential,log_binning,1000000,100,86,1.19403677331,1.40767747074,0.213640697428,1.30085712203,57905,0.057905,0.271039182596,1.29738811555,1.29559876119,0.0616253257483,1.19403764378,1.40767001929,1.38447043786,1.40526827369
exponential,log_binning,1000000,100,87,1.40767747074,1.65954341267,0.251865941924,1.5336104417,54876,0.054876,0.217877810636,1.52844835407,1.52579316033,0.072285140579,1.40768023631,1.65954091404,1.63087261685,1.65656398321
exponential,log_binning,1000000,100,88,1.65954341267,1.95647397629,0.296930563628,1.80800869448,48795,0.048795,0.164331348729,1.80041565964,1.79713713937,0.0857735214545,1.65956813971,1.9564726464,1.92235555612,1.9530901586
exponential,log_binning,1000000,100,89,1.95647397629,2.30653226104,0.350058284749,2.13150311867,41332,0.041332,0.118071766333,2.12170068965,2.11640814508,0.100703801015,1.95647438825,2.30652381898,2.265104532,2.30233759493
exponential,log_binning,1000000,100,90,2.30653226104,2.71922404064,0.412691779601,2.51287815084,33645,0.033645,0.0815257333997,2.49852250251,2.49040649895,0.118539926823,2.30653741581,2.71920857626,2.66976829136,2.71390988465
exponential,log_binning,1000000,100,91,2.71922404064,3.20575589083,0.486531850181,2.96248996573,25357,0.025357,0.0521178623569,2.94203528741,2.93251251232,0.139294362455,2.71922442288,3.20574409452,3.14281995944,3.1994653081
exponential,log_binning,1000000,100,92,3.20575589083,3.77933950199,0.573583611162,3.49254769641,17806,0.017806,0.0310434253237,3.46691763194,3.45681545136,0.164462663678,3.20577528514,3.77933854477,3.70433966443,3.77135474461
exponential,log_binning,1000000,100,93,3.77933950199,4.45555044043,0.676210938445,4.11744497121,11244,0.011244,0.0166279475246,4.08170732378,4.06584696182,0.191907161112,3.77934387679,4.45544987276,4.35936660549,4.44592437973
exponential,log_binning,1000000,100,94,4.45555044043,5.25275110024,0.797200659805,4.85415077033,6241,0.006241,0.00782864379657,4.80752150521,4.78682021111,0.22874106411,4.45555214304,5.25263050834,5.14272369055,5.23855926866
exponential,log_binning,1000000,100,95,5.25275110024,6.19258933098,0.939838230738,5.72267021561,3174,0.003174,0.00337717693981,5.65738283171,5.62302412891,0.264672831134,5.25289950335,6.19251308846,6.05163302742,6.17769854366
exponential,log_binning,1000000,100,96,6.19258933098,7.30058628142,1.10799695045,6.7465878062,1403,0.001403,0.00126624897247,6.64786391428,6.60705438614,0.309594131929,6.19277194896,7.30052088508,7.11960694255,7.28132994104
exponential,log_binning,1000000,100,97,7.30058628142,8.60682942204,1.30624314062,7.95370785173,481,0.000481,0.000368231598729,7.80253412596,7.75473172586,0.365067288845,7.3013090326,8.59191193703,8.36559125763,8.56787714204
exponential,log_binning,1000000,100,98,8.60682942204,10.1467895652,1.53996014315,9.37680949362,172,0.000172,0.000111691202376,9.15731785625,9.05845684786,0.407267205909,8.60907491998,10.146088687,9.75927656812,10.0827994738
exponential,log_binning,1000000,100,99,10.1467895652,11.9622840691,1.81549450386,11.0545368171,30,3e-05,1.65244234759e-05,10.670017823,10.6447443924,0.421625616676,10.1560251045,11.6156642547,11.2302328642,11.5752477688
exponential,log_binning,1000000,100,100,11.9622840691,14.1026123809,2.14032831187,13.032448225,4,4e-06,1.86887216219e-06,12.8054097676,12.4898048975,0.881616171681,12.1394168942,14.1026123809,13.6355369251,14.0559048353
lognormal,cut,1000000,25,1,-0.0990924898436,4.26431316407,4.36340565392,2.08261033711,926543,0.926543,0.212343997668,1.20006778676,0.913156335855,0.94153618287,0.0073320383007,4.26426349344,2.64048321164,4.00150087361
lognormal,cut,1000000,25,2,4.26431316407,8.52129428984,4.25698112577,6.39280372696,57399,0.057399,0.0134834988233,5.73057247304,5.45800233182,1.13398151579,4.26433674015,8.52108820301,7.50348028211,8.39643820877
lognormal,cut,1000000,25,3,8.52129428984,12.7782754156,4.25698112577,10.6497848527,10553,0.010553,0.00247898679562,10.1764684546,9.97245760333,1.17673117008,8.52171622157,12.7758121919,11.9911136589,12.6930008264
lognormal,cut,1000000,25,4,12.7782754156,17.0352565414,4.25698112577,14.9067659785,3162,0.003162,0.000742779896499,14.4808562899,14.3072288441,1.1855946896,12.7787383545,17.033854579,16.2705360873,16.9596916463
lognormal,cut,1000000,25,5,17.0352565414,21.2922376672,4.25698112577,19.1637471043,1232,0.001232,0.000289406967896,18.8761367341,18.7625310078,1.22925375226,17.0371929888,21.2916972363,20.6972349374,21.2549792057
lognormal,cut,1000000,25,6,21.2922376672,25.5492187929,4.25698112577,23.42072823,545,0.000545,0.000128024997973,23.1182149378,22.9228577438,1.21622926812,21.2925097544,25.5385702616,24.9194995684,25.4312461379
lognormal,cut,1000000,25,7,25.5492187929,29.8061999187,4.25698112577,27.6777093558,232,0.000232,5.44987147337e-05,27.408592213,27.2800639029,1.20788868355,25.5544132522,29.7863268968,29.2261880117,29.7704830869
lognormal,cut,1000000,25,8,29.8061999187,34.0631810445,4.25698112577,31.9346904816,122,0.000122,2.86588068858e-05,31.7369011991,31.9044453254,1.26562493046,29.8225390133,34.0023575773,33.4148712648,33.9821674637
lognormal,cut,1000000,25,9,34.0631810445,38.3201621702,4.25698112577,36.1916716074,67,6.7e-05,1.57388529619e-05,36.1614507554,36.1715631462,1.15474496785,34.2148922834,38.2841158244,37.6224823073,38.2837566396
lognormal,cut,1000000,25,10,38.3201621702,42.577143296,4.25698112577,40.4486527331,46,4.6e-05,1.08057796455e-05,40.2487096364,40.4121693645,1.23904400806,38.3382559667,42.2046952407,41.8834123797,42.1958885233
lognormal,cut,1000000,25,11,42.577143296,46.8341244218,4.25698112577,44.7056338589,27,2.7e-05,6.34252283538e-06,44.6148469458,44.7186381468,1.22301508277,42.8451190281,46.7922364217,46.33325894,46.7503819839
lognormal,cut,1000000,25,12,46.8341244218,51.0911055476,4.25698112577,48.9626149847,17,1.7e-05,3.99344030376e-06,48.9101423512,48.7160780401,1.1434630292,47.4479717992,50.8307151241,50.4177401213,50.7933048841
lognormal,cut,1000000,25,13,51.0911055476,55.3480866733,4.25698112577,53.2195961104,12,1.2e-05,2.81889903795e-06,53.4038195555,53.41678412,1.22975141575,51.6710461759,54.8936446162,54.8061151315,54.885135672
lognormal,cut,1000000,25,14,55.3480866733,59.6050677991,4.25698112577,57.4765772362,14,1.4e-05,3.28871554427e-06,56.7615815911,56.3078836179,1.13934744832,55.4595509659,58.6131624287,58.4918587984,58.6002112665
lognormal,cut,1000000,25,15,59.6050677991,63.8620489249,4.25698112577,61.733558362,10,1e-05,2.34908253162e-06,61.1974992533,61.2953488847,0.97179050837,59.6246438679,62.5356737018,62.1989210505,62.5019984366
lognormal,cut,1000000,25,16,63.8620489249,68.1190300506,4.25698112577,65.9905394878,6,6e-06,1.40944951897e-06,65.673786401,65.5965186599,1.20283050758,64.4069423451,67.7675164586,66.8775950909,67.6785243218
lognormal,cut,1000000,25,17,68.1190300506,72.3760111764,4.25698112577,70.2475206135,2,2e-06,4.69816506325e-07,69.9658097848,69.9658097848,0.80428483329,69.3970945252,70.5345250444,70.4207819925,70.5231507392
lognormal,cut,1000000,25,18,72.3760111764,76.6329923022,4.25698112577,74.5045017393,4,4e-06,9.39633012649e-07,74.7614936703,74.7013250963,1.39405857833,73.2278086008,76.4155158879,76.0831212703,76.3822764261
lognormal,cut,1000000,25,19,76.6329923022,80.889973428,4.25698112577,78.7614828651,1,1e-06,2.34908253162e-07,79.2759275361,79.2759275361,,79.2759275361,79.2759275361,79.2759275361,79.2759275361
lognormal,cut,1000000,25,20,80.889973428,85.1469545537,4.25698112577,83.0184639908,2,2e-06,4.69816506325e-07,82.2080421228,82.2080421228,1.34254646397,81.2587184141,83.1573658315,82.9675010898,83.1383793574
lognormal,cut,1000000,25,21,85.1469545537,89.4039356795,4.25698112577,87.2754451166,2,2e-06,4.69816506325e-07,87.8561455388,87.8561455388,0.411968552785,87.5648397815,88.1474512961,88.0891901446,88.141625181
lognormal,cut,1000000,25,22,89.4039356795,93.6609168053,4.25698112577,91.5324262424,1,1e-06,2.34908253162e-07,93.6390534181,93.6390534181,,93.6390534181,93.6390534181,93.6390534181,93.6390534181
lognormal,cut,1000000,25,23,93.6609168053,97.917897931,4.25698112577,95.7894073681,,0,0,,,,,,,
lognormal,cut,1000000,25,24,97.917897931,102.174879057,4.25698112577,100.046388494,,0,0,,,,,,,
lognormal,cut,1000000,25,25,102.174879057,106.431860183,4.25698112577,104.30336962,1,1e-06,2.34908253162e-07,106.431860183,106.431860183,,106.431860183,106.431860183,106.431860183,106.431860183
lognormal,qcut,1000000,25,1,0.0073320383007,0.173648260288,0.166316221987,0.0904901492943,40000,0.04,0.240505703665,0.122683760215,0.128428290533,0.0357089549169,0.0073320383007,0.173646859145,0.165482090026,0.172857382997
lognormal,qcut,1000000,25,2,0.173648260288,0.245621172548,0.0719729122597,0.209634716418,40000,0.04,0.555764644561,0.210679920114,0.211270487525,0.0207483601551,0.173648318669,0.245619542614,0.238942004196,0.244979453921
lognormal,qcut,1000000,25,3,0.245621172548,0.309545179444,0.0639240068961,0.277583175996,40000,0.04,0.62574300239,0.277952512514,0.278154532863,0.0184739521102,0.245621314281,0.309544859208,0.303454026253,0.308977332843
lognormal,qcut,1000000,25,4,0.309545179444,0.370844830576,0.0612996511326,0.34019500501,40000,0.04,0.652532261782,0.340308402704,0.340329195747,0.0176903781214,0.309545223112,0.370844578816,0.364841791134,0.370225238697
lognormal,qcut,1000000,25,5,0.370844830576,0.432189166363,0.0613443357864,0.401516998469,40000,0.04,0.652056941969,0.401358154817,0.401357990759,0.0176929357096,0.370844878531,0.432188729123,0.425832864412,0.431560631631
lognormal,qcut,1000000,25,6,0.432189166363,0.494657494199,0.0624683278367,0.463423330281,40000,0.04,0.640324487388,0.463234888679,0.463069869151,0.0179971273372,0.432189275673,0.494655712479,0.488214835374,0.494010316653
lognormal,qcut,1000000,25,7,0.494657494199,0.559649053373,0.0649915591739,0.527153273786,40000,0.04,0.615464538909,0.52694592086,0.526751500174,0.0187866502073,0.494658056848,0.55964892526,0.55312619868,0.559040237893
lognormal,qcut,1000000,25,8,0.559649053373,0.627767020081,0.0681179667082,0.593708036727,40000,0.04,0.587216588119,0.593354247081,0.593139257015,0.01972458258,0.559649103195,0.627766573644,0.620899083721,0.627096006073
lognormal,qcut,1000000,25,9,0.627767020081,0.699988238773,0.0722212186912,0.663877629427,40000,0.04,0.55385384967,0.663383984021,0.663083979007,0.0208238353638,0.62776723017,0.699987827693,0.69250473266,0.699257274799
lognormal,qcut,1000000,25,10,0.699988238773,0.77743241994,0.0774441811673,0.738710329356,40000,0.04,0.516501038517,0.738239545274,0.738098176583,0.0223950236472,0.699988470005,0.777431585316,0.76950555187,0.776687021673
lognormal,qcut,1000000,25,11,0.77743241994,0.861398347133,0.0839659271929,0.819415383536,40000,0.04,0.476383711075,0.818788966887,0.818379576379,0.0241594114334,0.777432976356,0.861396782748,0.852488203144,0.860482488544
lognormal,qcut,1000000,25,12,0.861398347133,0.951641508094,0.0902431609613,0.906519927614,40000,0.04,0.443246885126,0.905838135589,0.905721409173,0.0260400767498,0.861399576292,0.951635706625,0.94210029,0.950668248158
lognormal,qcut,1000000,25,13,0.951641508094,1.05216849196,0.100526983862,1.00190500003,40000,0.04,0.397903114797,1.00118630176,1.00060010133,0.0289603307381,0.951646863297,1.05216802372,1.04185537901,1.05117084229
lognormal,qcut,1000000,25,14,1.05216849196,1.16410096002,0.111932468062,1.10813472599,40000,0.04,0.357358331255,1.10711628995,1.10652650728,0.032231378891,1.05216899922,1.16410049141,1.15213169783,1.16297241511
lognormal,qcut,1000000,25,15,1.16410096002,1.2891637055,0.125062745479,1.22663233276,40000,0.04,0.319839452162,1.22535218192,1.22453556134,0.0361415873431,1.16410155643,1.28916039717,1.27615769722,1.28781821718
lognormal,qcut,1000000,25,16,1.2891637055,1.43138349671,0.142219791207,1.3602736011,40000,0.04,0.28125480751,1.3584601031,1.35737992461,0.040904843219,1.28916866799,1.43138157271,1.41609478551,1.42982192919
lognormal,qcut,1000000,25,17,1.43138349671,1.59629772679,0.164914230083,1.51384061175,40000,0.04,0.242550324371,1.51194969157,1.51083654412,0.0475204222439,1.43138691714,1.59629711112,1.57888433042,1.59442249644
lognormal,qcut,1000000,25,18,1.59629772679,1.79123186334,0.194934136554,1.69376479506,40000,0.04,0.205197512899,1.69134363113,1.69015970756,0.0562571874986,1.59629903508,1.79123078227,1.77033148155,1.78917782582
lognormal,qcut,1000000,25,19,1.79123186334,2.02608699695,0.234855133606,1.90865943014,40000,0.04,0.170317758807,1.90433621252,1.90223836679,0.06751191168,1.79123464324,2.02608654777,2.00014498948,2.0232736901
lognormal,qcut,1000000,25,20,2.02608699695,2.3207784068,0.294691409852,2.17343270187,40000,0.04,0.135735208638,2.16783218086,2.16532362114,0.0847996610026,2.02608841935,2.320776679,2.28779688929,2.31727774581
lognormal,qcut,1000000,25,21,2.3207784068,2.70630239483,0.38552398803,2.51354040082,40000,0.04,0.103754892671,2.50497528997,2.50053514143,0.111232272717,2.320785318,2.70630147448,2.66347629605,2.70193960981
lognormal,qcut,1000000,25,22,2.70630239483,3.24351113841,0.537208743584,2.97490676662,40000,0.04,0.0744589519023,2.95811886253,2.94990600944,0.154544089315,2.70630722667,3.24351051521,3.18006256855,3.23724301942
lognormal,qcut,1000000,25,23,3.24351113841,4.07542316598,0.831912027562,3.6594671522,40000,0.04,0.048082007081,3.62270612475,3.60434691285,0.23839139715,3.24351570856,4.07541852579,3.96868380282,4.06402777501
lognormal,qcut,1000000,25,24,4.07542316598,5.7576920517,1.68226888572,4.91655760884,40000,0.04,0.0237774117679,4.79163767211,4.73327319734,0.477106414753,4.07547652812,5.75769155828,5.50381524424,5.73289963587
lognormal,qcut,1000000,25,25,5.7576920517,106.431860183,100.674168131,56.0947761171,40000,0.04,0.000397321385839,9.34021973114,7.78410572156,4.86805351294,5.75770389377,106.431860183,14.215978339,28.1849479893
lognormal,log_binning,1000000,25,1,0.0073320383007,0.0107571841194,0.00342514581867,0.00904461121003,4,4e-06,0.00116783349141,0.00824378868153,0.0078554642569,0.00122543264977,0.0073320383007,0.00993218791163,0.00946235939057,0.00988520505952
lognormal,log_binning,1000000,25,2,0.0107571841194,0.015782379392,0.0050251952726,0.0132697817557,16,1.6e-05,0.00318395587277,0.0135821352278,0.0139014075857,0.00155354147923,0.0108581017872,0.0157466242025,0.0152145883016,0.0156873952325
lognormal,log_binning,1000000,25,3,0.015782379392,0.0231550837569,0.0073727043649,0.0194687315744,56,5.6e-05,0.00759558463603,0.0197402093151,0.0200569835154,0.00221759152258,0.0158509168445,0.0230384655636,0.0223774920839,0.0229290335172
lognormal,log_binning,1000000,25,4,0.0231550837569,0.0339719310043,0.0108168472474,0.0285635073806,295,0.000295,0.0272722719709,0.029401594764,0.0297737940546,0.00293710705105,0.0231825183429,0.0339601985928,0.0332009884199,0.0339152299686
lognormal,log_binning,1000000,25,5,0.0339719310043,0.0498418450254,0.0158699140211,0.0419068880149,1047,0.001047,0.0659738923983,0.0428239043695,0.0431583706468,0.00443328875572,0.0340602954916,0.0498382830053,0.0486667569051,0.0497089620695
lognormal,log_binning,1000000,25,6,0.0498418450254,0.073125355024,0.0232835099985,0.0614836000247,2993,0.002993,0.128545910827,0.0626340313772,0.0632448474144,0.00660036323963,0.0498470561445,0.073124655283,0.0712317265667,0.072976568489
lognormal,log_binning,1000000,25,7,0.073125355024,0.107285706311,0.0341603512867,0.0902055306673,8359,0.008359,0.244698888774,0.0916936485547,0.0923781303228,0.00962703792626,0.0731271510295,0.107282051621,0.10443078019,0.106961829324
lognormal,log_binning,1000000,25,8,0.107285706311,0.157403991746,0.0501182854349,0.132344849028,19373,0.019373,0.38654554584,0.134065979521,0.13482374312,0.0143822903574,0.107292229717,0.157391915837,0.153288280108,0.157013122198
lognormal,log_binning,1000000,25,9,0.157403991746,0.230934925718,0.0735309339722,0.194169458732,39153,0.039153,0.532469776799,0.195495578741,0.196158631353,0.0211484244487,0.157405064681,0.230930853328,0.224186843466,0.230247746597
lognormal,log_binning,1000000,25,10,0.230934925718,0.338815676304,0.107880750586,0.284875301011,67684,0.067684,0.627396450544,0.285825863756,0.286238669667,0.0310503972432,0.230935871931,0.338814009621,0.328324997512,0.337774839686
lognormal,log_binning,1000000,25,11,0.338815676304,0.497092685971,0.158277009667,0.417954181137,102566,0.102566,0.648015780789,0.417382029517,0.417154902065,0.0456122760761,0.338817188318,0.497092556726,0.480799741147,0.495492686937
lognormal,log_binning,1000000,25,12,0.497092685971,0.729308458041,0.232215772071,0.613200572006,133861,0.133861,0.5764509396,0.609501165106,0.607850753268,0.0667872480489,0.497095209348,0.729308141225,0.703690530513,0.726693016035
lognormal,log_binning,1000000,25,13,0.729308458041,1.0700033253,0.340694867258,0.89965589167,151185,0.151185,0.443754850834,0.889960094824,0.885402990021,0.0979265454612,0.729310504279,1.07000307722,1.0300911963,1.0657756931
lognormal,log_binning,1000000,25,14,1.0700033253,1.56985306221,0.49984973691,1.31992819375,147334,0.147334,0.29475658207,1.29980945462,1.29003472586,0.143464633203,1.07000722835,1.56985275868,1.50746443242,1.5634974341
lognormal,log_binning,1000000,25,15,1.56985306221,2.30320652157,0.733353459358,1.93652979189,123965,0.123965,0.169038542627,1.89795179685,1.87898986587,0.209884136374,1.56985388987,2.3031932529,2.2060549863,2.29306954023
lognormal,log_binning,1000000,25,16,2.30320652157,3.37914446179,1.07593794022,2.84117549168,90151,0.090151,0.0837882898537,2.77334379611,2.74023325137,0.306620048378,2.30321035365,3.37913394731,3.22715143021,3.36294761008
lognormal,log_binning,1000000,25,17,3.37914446179,4.95770448144,1.57856001965,4.16842447161,57235,0.057235,0.0362577281115,4.04492178488,3.98505411019,0.447073534481,3.37917191086,4.95766258956,4.71595579145,4.93199696749
lognormal,log_binning,1000000,25,18,4.95770448144,7.27368539676,2.31598091532,6.1156949391,31209,0.031209,0.013475499644,5.9119894158,5.81678564406,0.655444245999,4.95771446321,7.2736810127,6.9053645385,7.23504677308
lognormal,log_binning,1000000,25,19,7.27368539676,10.6715717827,3.39788638593,8.97262858972,14511,0.014511,0.00427059599758,8.63271185775,8.47312730882,0.954189385907,7.27371918208,10.6712466677,10.0879483515,10.6104501726
lognormal,log_binning,1000000,25,20,10.6715717827,15.6567734376,4.98520165487,13.1641726101,6034,0.006034,0.0012103823311,12.6226110241,12.3928237829,1.38917103856,10.6717356616,15.6557170137,14.7439112339,15.5731630338
lognormal,log_binning,1000000,25,21,15.6567734376,22.9708012528,7.31402781523,19.3137873452,2134,0.002134,0.000291768100137,18.5396777605,18.1507835118,2.02213398055,15.6569370518,22.9375913737,21.5870625113,22.8193647792
lognormal,log_binning,1000000,25,22,22.9708012528,33.7015613274,10.7307600746,28.3361812901,616,0.000616,5.74050669027e-05,26.783521843,26.1357663971,2.91249569636,22.973332918,33.5930212764,31.559057077,33.297745236
lognormal,log_binning,1000000,25,23,33.7015613274,49.4451727393,15.7436114119,41.5733670333,159,0.000159,1.00993346342e-05,39.5937925695,38.5841537544,4.22841981642,33.7508633591,49.0790065462,46.1899109337,48.9120694223
lognormal,log_binning,1000000,25,24,49.4451727393,72.5433781381,23.0982053988,60.9942754387,49,4.9e-05,2.12137692751e-06,57.827179351,56.3085437432,5.3098391454,50.1207492301,70.5345250444,65.4256103717,69.9885583952
lognormal,log_binning,1000000,25,25,72.5433781381,106.431860183,33.8884820445,89.4876191604,11,1.1e-05,3.24594060766e-07,83.5019264674,81.2587184141,10.0052586162,73.2278086008,106.431860183,93.6390534181,105.152579506
lognormal,cut,1000000,50,1,-0.0990924898436,2.13582260119,2.23491509103,1.01836505567,775969,0.775969,0.347202899616,0.860498847725,0.753551393122,0.530843297035,0.0073320383007,2.13581974806,1.6821968725,2.08120917328
lognormal,cut,1000000,50,2,2.13582260119,4.26431316407,2.12849056289,3.20006788263,150574,0.150574,0.0707421506233,2.95000449596,2.83737765995,0.588412320078,2.13582847949,4.26426349344,3.85750558832,4.21811512238
lognormal,cut,1000000,50,3,4.26431316407,6.39280372696,2.12849056289,5.32855844551,41703,0.041703,0.0195927577633,5.14028190384,5.05147330439,0.599858001855,4.26433674015,6.39278114231,6.04788440115,6.35745789624
lognormal,cut,1000000,50,4,6.39280372696,8.52129428984,2.12849056289,7.4570490084,15696,0.015696,0.00737423988327,7.29892667842,7.22324648226,0.600741049452,6.39292768051,8.52108820301,8.20064104023,8.4828039266
lognormal,cut,1000000,50,5,8.52129428984,10.6497848527,2.12849056289,9.58553957129,7005,0.007005,0.0032910646268,9.46023660958,9.38636819052,0.608132496246,8.52171622157,10.6491283088,10.3651570533,10.6237762907
lognormal,cut,1000000,50,6,10.6497848527,12.7782754156,2.12849056289,11.7140301342,3548,0.003548,0.00166690896444,11.5905620494,11.5214241774,0.612983774787,10.6500157433,12.7758121919,12.489969214,12.7515437323
lognormal,cut,1000000,50,7,12.7782754156,14.9067659785,2.12849056289,13.8425206971,2056,0.002056,0.000965942737004,13.7393751359,13.6834775562,0.619814026769,12.7787383545,14.9060315804,14.6456092716,14.8753859942
lognormal,cut,1000000,50,8,14.9067659785,17.0352565414,2.12849056289,15.9710112599,1106,0.001106,0.000519617055995,15.8592335527,15.8237329565,0.618017874785,14.907187911,17.033854579,16.7956662521,16.9917083378
lognormal,cut,1000000,50,9,17.0352565414,19.1637471043,2.12849056289,18.0995018228,734,0.000734,0.000344845315642,17.9981589187,17.9350665251,0.607852624516,17.0371929888,19.1591540019,18.8784231554,19.1385186699
lognormal,cut,1000000,50,10,19.1637471043,21.2922376672,2.12849056289,20.2279923857,498,0.000498,0.00023396862015,20.1701843575,20.1097736945,0.617578863637,19.1651562348,21.2916972363,21.0433450094,21.2835862299
lognormal,cut,1000000,50,11,21.2922376672,23.42072823,2.12849056289,22.3564829486,325,0.000325,0.000152690364556,22.2510647281,22.2474076647,0.613652267097,21.2925097544,23.4184300562,23.1561275249,23.3623047437
lognormal,cut,1000000,50,12,23.42072823,25.5492187929,2.12849056289,24.4849735115,220,0.00022,0.000103359631391,24.399232293,24.3538810075,0.594030582941,23.4208974112,25.5385702616,25.2358475658,25.4757971997
lognormal,cut,1000000,50,13,25.5492187929,27.6777093558,2.12849056289,26.6134640744,138,0.000138,6.48346778728e-05,26.5490939013,26.4737379436,0.603557050052,25.5544132522,27.6598820884,27.4188405048,27.6443757604
lognormal,cut,1000000,50,14,27.6777093558,29.8061999187,2.12849056289,28.7419546373,94,9.4e-05,4.41627515945e-05,28.6704088833,28.6286078831,0.617927093805,27.6964928474,29.7863268968,29.5869601869,29.7761896115
lognormal,cut,1000000,50,15,29.8061999187,31.9346904816,2.12849056289,30.8704452001,63,6.3e-05,2.95984398985e-05,30.6828383136,30.4684393797,0.689265312786,29.8225390133,31.9272259947,31.7611857757,31.9231316078
lognormal,cut,1000000,50,16,31.9346904816,34.0631810445,2.12849056289,32.998935763,59,5.9e-05,2.77191738732e-05,32.8624259752,32.7920904448,0.581697776985,31.9512233466,34.0023575773,33.7587736359,34.0022602201
lognormal,cut,1000000,50,17,34.0631810445,36.1916716074,2.12849056289,35.1274263259,34,3.4e-05,1.5973761215e-05,35.1650848191,35.0736709119,0.526982772823,34.2148922834,36.1715631462,35.8033735505,36.1600744991
lognormal,cut,1000000,50,18,36.1916716074,38.3201621702,2.12849056289,37.2559168888,33,3.3e-05,1.55039447087e-05,37.1880095989,37.1309448936,0.56769326656,36.2274323265,38.2841158244,37.9176806304,38.2839416742
lognormal,cut,1000000,50,19,38.3201621702,40.4486527331,2.12849056289,39.3844074517,24,2.4e-05,1.12755961518e-05,39.230628823,39.1365754978,0.679429640056,38.3382559667,40.4173803879,40.2451916751,40.4149833171
lognormal,cut,1000000,50,20,40.4486527331,42.577143296,2.12849056289,41.5128980146,22,2.2e-05,1.03359631391e-05,41.359343251,41.3392123241,0.554424034322,40.5538161372,42.2046952407,42.1596638376,42.2005854392
lognormal,cut,1000000,50,21,42.577143296,44.7056338589,2.12849056289,43.6413885775,13,1.3e-05,6.10761458222e-06,43.539356043,43.6550082297,0.467993458211,42.8451190281,44.5510172,43.8879390435,44.4717907773
lognormal,cut,1000000,50,22,44.7056338589,46.8341244218,2.12849056289,45.7698791403,14,1.4e-05,6.57743108855e-06,45.6135170698,45.5184233926,0.747408938991,44.7186381468,46.7922364217,46.541895283,46.7713092028
lognormal,cut,1000000,50,23,46.8341244218,48.9626149847,2.12849056289,47.8983697032,10,1e-05,4.69816506325e-06,48.1271449932,48.1882737724,0.584933956745,47.4479717992,48.8140115013,48.7258713862,48.8051974898
lognormal,cut,1000000,50,24,48.9626149847,51.0911055476,2.12849056289,50.0268602661,7,7e-06,3.28871554427e-06,50.0287100055,50.2278158197,0.701378378017,49.0474827419,50.8307151241,50.6904267238,50.8166862841
lognormal,cut,1000000,50,25,51.0911055476,53.2195961104,2.12849056289,52.155350829,6,6e-06,2.81889903795e-06,52.2825798945,52.2191963852,0.412213339669,51.6710461759,52.7767323516,52.7448941922,52.7735485357
lognormal,cut,1000000,50,26,53.2195961104,55.3480866733,2.12849056289,54.2838413919,6,6e-06,2.81889903795e-06,54.5250592165,54.6619261767,0.374014511549,54.0568358883,54.8936446162,54.8549675972,54.8897769143
lognormal,cut,1000000,50,27,55.3480866733,57.4765772362,2.12849056289,56.4123319548,10,1e-05,4.69816506325e-06,56.1134381761,56.1206317829,0.461856363731,55.4595509659,56.9297068807,56.64706078,56.9014422706
lognormal,cut,1000000,50,28,57.4765772362,59.6050677991,2.12849056289,58.5408225177,4,4e-06,1.8792660253e-06,58.3819401287,58.4774059278,0.290124210023,57.9597862305,58.6131624287,58.5832751314,58.6101736989
lognormal,cut,1000000,50,29,59.6050677991,61.733558362,2.12849056289,60.6693130805,7,7e-06,3.28871554427e-06,60.7516055889,61.0609834285,0.787055772751,59.6246438679,61.6251014743,61.4610726871,61.6086985956
lognormal,cut,1000000,50,30,61.733558362,63.8620489249,2.12849056289,62.7978036434,3,3e-06,1.40944951897e-06,62.2379178038,62.1615040892,0.267852564636,62.0165756203,62.5356737018,62.4608397793,62.5281903095
lognormal,cut,1000000,50,31,63.8620489249,65.9905394878,2.12849056289,64.9262942063,5,5e-06,2.34908253162e-06,65.2550403894,65.3116715128,0.70241716322,64.4069423451,65.9876737232,65.9451505567,65.9834214065
lognormal,cut,1000000,50,32,65.9905394878,68.1190300506,2.12849056289,67.0547847692,1,1e-06,4.69816506325e-07,67.7675164586,67.7675164586,,67.7675164586,67.7675164586,67.7675164586,67.7675164586
lognormal,cut,1000000,50,33,68.1190300506,70.2475206135,2.12849056289,69.1832753321,1,1e-06,4.69816506325e-07,69.3970945252,69.3970945252,,69.3970945252,69.3970945252,69.3970945252,69.3970945252
lognormal,cut,1000000,50,34,70.2475206135,72.3760111764,2.12849056289,71.311765895,1,1e-06,4.69816506325e-07,70.5345250444,70.5345250444,,70.5345250444,70.5345250444,70.5345250444,70.5345250444
lognormal,cut,1000000,50,35,72.3760111764,74.5045017393,2.12849056289,73.4402564579,2,2e-06,9.39633012649e-07,73.661462482,73.661462482,0.613279200194,73.2278086008,74.0951163632,74.008385587,74.0864432856
lognormal,cut,1000000,50,36,74.5045017393,76.6329923022,2.12849056289,75.5687470207,2,2e-06,9.39633012649e-07,75.8615248586,75.8615248586,0.783461626987,75.3075338294,76.4155158879,76.304717682,76.4044360673
lognormal,cut,1000000,50,37,76.6329923022,78.7614828651,2.12849056289,77.6972375836,,0,0,,,,,,,
lognormal,cut,1000000,50,38,78.7614828651,80.889973428,2.12849056289,79.8257281465,1,1e-06,4.69816506325e-07,79.2759275361,79.2759275361,,79.2759275361,79.2759275361,79.2759275361,79.2759275361
lognormal,cut,1000000,50,39,80.889973428,83.0184639908,2.12849056289,81.9542187094,1,1e-06,4.69816506325e-07,81.2587184141,81.2587184141,,81.2587184141,81.2587184141,81.2587184141,81.2587184141
lognormal,cut,1000000,50,40,83.0184639908,85.1469545537,2.12849056289,84.0827092723,1,1e-06,4.69816506325e-07,83.1573658315,83.1573658315,,83.1573658315,83.1573658315,83.1573658315,83.1573658315
lognormal,cut,1000000,50,41,85.1469545537,87.2754451166,2.12849056289,86.2111998352,,0,0,,,,,,,
lognormal,cut,1000000,50,42,87.2754451166,89.4039356795,2.12849056289,88.339690398,2,2e-06,9.39633012649e-07,87.8561455388,87.8561455388,0.411968552785,87.5648397815,88.1474512961,88.0891901446,88.141625181
lognormal,cut,1000000,50,43,89.4039356795,91.5324262424,2.12849056289,90.4681809609,,0,0,,,,,,,
lognormal,cut,1000000,50,44,91.5324262424,93.6609168053,2.12849056289,92.5966715238,1,1e-06,4.69816506325e-07,93.6390534181,93.6390534181,,93.6390534181,93.6390534181,93.6390534181,93.6390534181
lognormal,cut,1000000,50,45,93.6609168053,95.7894073681,2.12849056289,94.7251620867,,0,0,,,,,,,
lognormal,cut,1000000,50,46,95.7894073681,97.917897931,2.12849056289,96.8536526496,,0,0,,,,,,,
lognormal,cut,1000000,50,47,97.917897931,100.046388494,2.12849056289,98.9821432125,,0,0,,,,,,,
lognormal,cut,1000000,50,48,100.046388494,102.174879057,2.12849056289,101.110633775,,0,0,,,,,,,
lognormal,cut,1000000,50,49,102.174879057,104.30336962,2.12849056289,103.239124338,,0,0,,,,,,,
lognormal,cut,1000000,50,50,104.30336962,106.431860183,2.12849056289,105.367614901,1,1e-06,4.69816506325e-07,106.431860183,106.431860183,,106.431860183,106.431860183,106.431860183,106.431860183
lognormal,qcut,1000000,50,1,0.0073320383007,0.128432049344,0.121100011043,0.0678820438222,20000,0.02,0.165152751249,0.0931831642005,0.0975965542049,0.0253336476904,0.0073320383007,0.128424375105,0.123074426527,0.127917707534
lognormal,qcut,1000000,50,2,0.128432049344,0.173648260288,0.0452162109441,0.151040154816,20000,0.02,0.442319238662,0.15218435623,0.152832351395,0.0129565278361,0.128432205961,0.173646859145,0.169591713687,0.173259468999
lognormal,qcut,1000000,50,3,0.173648260288,0.211270548591,0.0376222883035,0.19245940444,20000,0.02,0.531599775077,0.192733210885,0.193033247965,0.0108876362659,0.173648318669,0.211270418132,0.207695893652,0.210901202748
lognormal,qcut,1000000,50,4,0.211270548591,0.245621172548,0.0343506239562,0.228445860569,20000,0.02,0.582231054245,0.228626629342,0.228711914786,0.00991306442341,0.211270556919,0.245619542614,0.242309834929,0.245310605494
lognormal,qcut,1000000,50,5,0.245621172548,0.278154644761,0.0325334722133,0.261887908654,20000,0.02,0.614751474079,0.261966648868,0.262037535682,0.00939465886178,0.245621314281,0.278154392991,0.274941886029,0.277789848556
lognormal,qcut,1000000,50,6,0.278154644761,0.309545179444,0.0313905346829,0.293849912102,20000,0.02,0.637134735106,0.293938376161,0.294030512537,0.00912195341478,0.278154672735,0.309544859208,0.306526243646,0.309252304409
lognormal,qcut,1000000,50,7,0.309545179444,0.340329542131,0.0307843626869,0.324937360787,20000,0.02,0.649680495367,0.324992445211,0.32499579959,0.00888913341449,0.309545223112,0.340328714659,0.337344909661,0.340032146267
lognormal,qcut,1000000,50,8,0.340329542131,0.370844830576,0.0305152884456,0.355587186353,20000,0.02,0.65540917418,0.355624360197,0.355517210576,0.00881574413673,0.340329676835,0.370844578816,0.367820942185,0.370536991666
lognormal,qcut,1000000,50,9,0.370844830576,0.401358265577,0.0305134350007,0.386101548077,20000,0.02,0.655448984999,0.386047047383,0.385940259737,0.00883827913441,0.370844878531,0.401357561355,0.398325920499,0.401051522653
lognormal,qcut,1000000,50,10,0.401358265577,0.432189166363,0.0308309007857,0.41677371597,20000,0.02,0.648699826807,0.416669262251,0.416766663275,0.00889364699567,0.401358420162,0.432188729123,0.429097330005,0.43187209489
lognormal,qcut,1000000,50,11,0.432189166363,0.463070014632,0.0308808482693,0.447629590497,20000,0.02,0.647650602911,0.447634400592,0.447660141846,0.00887672035681,0.432189275673,0.463069609363,0.459911746207,0.462757532477
lognormal,qcut,1000000,50,12,0.463070014632,0.494657494199,0.0315874795674,0.478863754416,20000,0.02,0.633162261564,0.478835376767,0.478839816368,0.0090685401387,0.463070128939,0.494655712479,0.491370489875,0.494325547606
lognormal,qcut,1000000,50,13,0.494657494199,0.526752657885,0.0320951636861,0.510705076042,20000,0.02,0.623146845288,0.510666365146,0.510801869167,0.00923880970163,0.494658056848,0.526749088274,0.52343500331,0.526388865893
lognormal,qcut,1000000,50,14,0.526752657885,0.559649053373,0.0328963954878,0.543200855629,20000,0.02,0.607969344465,0.543225476574,0.543325308022,0.00951126295068,0.526753912073,0.55964892526,0.556331569944,0.559334936734
lognormal,qcut,1000000,50,15,0.559649053373,0.593139616211,0.0334905628373,0.576394334792,20000,0.02,0.59718315566,0.576268662032,0.576224492884,0.00966013129515,0.559649103195,0.593138359027,0.58968032363,0.592809558559
lognormal,qcut,1000000,50,16,0.593139616211,0.627767020081,0.0346274038709,0.610453318146,20000,0.02,0.577577229715,0.61043983213,0.610365063163,0.0100476866534,0.593140155003,0.627766573644,0.624379328288,0.627412815075
lognormal,qcut,1000000,50,17,0.627767020081,0.663084228018,0.0353172079362,0.64542562405,20000,0.02,0.566296181627,0.645366408753,0.645404744324,0.0102151333986,0.62776723017,0.663083200849,0.659463252789,0.662687315998
lognormal,qcut,1000000,50,18,0.663084228018,0.699988238773,0.036904010755,0.681536233395,20000,0.02,0.541946514506,0.681401559288,0.681425955825,0.0106601345617,0.663084757165,0.699987827693,0.69620267016,0.699625821709
lognormal,qcut,1000000,50,19,0.699988238773,0.738099216404,0.0381109776311,0.719043727588,20000,0.02,0.524783179104,0.718878079976,0.718768192759,0.0110682472243,0.699988470005,0.738093843994,0.734263080759,0.737723332705
lognormal,qcut,1000000,50,20,0.738099216404,0.77743241994,0.0393332035362,0.757765818172,20000,0.02,0.508476254206,0.757601010573,0.757470553875,0.0114377875621,0.738102509171,0.777431585316,0.773502582848,0.777075517568
lognormal,qcut,1000000,50,21,0.77743241994,0.818379965671,0.0409475457309,0.797906192805,20000,0.02,0.488429761614,0.797875918322,0.797906747124,0.0117960499106,0.777432976356,0.818377143304,0.814264453276,0.81792904329
lognormal,qcut,1000000,50,22,0.818379965671,0.861398347133,0.043018381462,0.839889156402,20000,0.02,0.464917538045,0.839702015452,0.83968950015,0.0123887761766,0.818382009454,0.861396782748,0.856910403621,0.860958153238
lognormal,qcut,1000000,50,23,0.861398347133,0.90572143579,0.0443230886572,0.883559891462,20000,0.02,0.451232091578,0.88326308631,0.883164337234,0.0127331256276,0.861399576292,0.905721076465,0.901021735252,0.905282916271
lognormal,qcut,1000000,50,24,0.90572143579,0.951641508094,0.0459200723041,0.928681471942,20000,0.02,0.435539383901,0.928413184869,0.928199276146,0.0132195289701,0.905721741882,0.951635706625,0.946928164702,0.951153329135
lognormal,qcut,1000000,50,25,0.951641508094,1.00060010133,0.0489585932369,0.976120804713,20000,0.02,0.408508469662,0.976121374252,0.976060450524,0.0140598969736,0.951646863297,1.0005958767,0.995658466792,1.00008277195
lognormal,qcut,1000000,50,26,1.00060010133,1.05216849196,0.0515683906255,1.02638429664,20000,0.02,0.387834480723,1.02625122926,1.02619666273,0.0149398372614,1.00060432597,1.05216802372,1.04697284026,1.05170108888
lognormal,qcut,1000000,50,27,1.05216849196,1.1065262726,0.0543577806465,1.07934738228,20000,0.02,0.36793260803,1.07921356352,1.07923406972,0.0156680383523,1.05216899922,1.1065235738,1.10089098549,1.10591580873
lognormal,qcut,1000000,50,28,1.1065262726,1.16410096002,0.0575746874157,1.13531361631,20000,0.02,0.347374877706,1.13501901637,1.13510702441,0.0165857151374,1.10652944076,1.16410049141,1.15824872431,1.16356973686
lognormal,qcut,1000000,50,29,1.16410096002,1.2245355499,0.0604345898838,1.19431825496,20000,0.02,0.330936307146,1.19409368661,1.19403773664,0.0175738883253,1.16410155643,1.22453548985,1.2187109386,1.22391050612
lognormal,qcut,1000000,50,30,1.2245355499,1.2891637055,0.0646281555955,1.2568496277,20000,0.02,0.309462645433,1.25661067723,1.25637264145,0.0186913793633,1.22453563284,1.28916039717,1.28263118418,1.28847120369
lognormal,qcut,1000000,50,31,1.2891637055,1.35737896774,0.0682152622452,1.32327133662,20000,0.02,0.293189520083,1.32310496758,1.32307000194,0.0197229144792,1.28916866799,1.35737593766,1.35034303528,1.35665262786
lognormal,qcut,1000000,50,32,1.35737896774,1.43138349671,0.0740045289618,1.39438123222,20000,0.02,0.270253730151,1.39381523861,1.39362016823,0.0213870635422,1.35738391156,1.43138157271,1.42380478301,1.43061332381
lognormal,qcut,1000000,50,33,1.43138349671,1.51083640584,0.0794529091306,1.47110995127,20000,0.02,0.251721431208,1.47082302213,1.47054425208,0.0229045562761,1.43138691714,1.51083611197,1.50277344955,1.51000895325
lognormal,qcut,1000000,50,34,1.51083640584,1.59629772679,0.0854613209523,1.55356706631,20000,0.02,0.234023997958,1.553076361,1.55290172345,0.0246759042637,1.51083697628,1.59629711112,1.58738417353,1.59530405006
lognormal,qcut,1000000,50,35,1.59629772679,1.69015957935,0.0938618525668,1.64322865307,20000,0.02,0.213079109916,1.64262796337,1.64236438626,0.0270282485466,1.59629903508,1.69015938704,1.68041022482,1.68914503647
lognormal,qcut,1000000,50,36,1.69015957935,1.79123186334,0.101072283987,1.74069572135,20000,0.02,0.19787818392,1.74005929889,1.7401719962,0.0292011030274,1.69016002809,1.79123078227,1.78092391309,1.79022093019
lognormal,qcut,1000000,50,37,1.79123186334,1.9022378749,0.111006011554,1.84673486912,20000,0.02,0.180170422484,1.84603560403,1.84564879585,0.0320775579799,1.79123464324,1.90223734201,1.89078198841,1.9010282788
lognormal,qcut,1000000,50,38,1.9022378749,2.02608699695,0.123849122052,1.96416243592,20000,0.02,0.161486812895,1.96263682101,1.96170265536,0.0358986462437,1.90223939158,2.02608654777,2.01296111389,2.02465445877
lognormal,qcut,1000000,50,39,2.02608699695,2.16531424533,0.139227248382,2.09570062114,20000,0.02,0.143650041442,2.0944784737,2.09341551852,0.0401798471923,2.02608841935,2.16530687863,2.15104011288,2.16395276913
lognormal,qcut,1000000,50,40,2.16531424533,2.3207784068,0.15546416147,2.24304632607,20000,0.02,0.12864701299,2.24118588802,2.24055049811,0.0447865342185,2.16534036365,2.320776679,2.30414020067,2.31906670862
lognormal,qcut,1000000,50,41,2.3207784068,2.50053340064,0.179754993837,2.41065590372,20000,0.02,0.111262555621,2.40880575206,2.40817007822,0.0519821937062,2.320785318,2.50053242144,2.48134040161,2.49869683329
lognormal,qcut,1000000,50,42,2.50053340064,2.70630239483,0.205768994193,2.60341789773,20000,0.02,0.0971963734305,2.60114482788,2.59980507215,0.0595451277498,2.50053786141,2.70630147448,2.68471662028,2.70418002291
lognormal,qcut,1000000,50,43,2.70630239483,2.9499050206,0.243602625766,2.82810370771,20000,0.02,0.0821009212734,2.82455255828,2.82220020432,0.0701389550837,2.70630722667,2.94990463604,2.92374779662,2.94730948071
lognormal,qcut,1000000,50,44,2.9499050206,3.24351113841,0.293606117818,3.09670807951,20000,0.02,0.0681184716062,3.09168516679,3.08822795445,0.0846627011702,2.94990738285,3.24351051521,3.21111255365,3.24018808767
lognormal,qcut,1000000,50,45,3.24351113841,3.60434650286,0.360835364444,3.42392882064,20000,0.02,0.055426939737,3.41716885271,3.41385986035,0.104088519324,3.24351570856,3.60434640036,3.5640822167,3.60011712804
lognormal,qcut,1000000,50,46,3.60434650286,4.07542316598,0.471076663118,3.83988483442,20000,0.02,0.042455934598,3.82824339679,3.8234540773,0.135403002602,3.60434742534,4.07541852579,4.02181772657,4.06978168775
lognormal,qcut,1000000,50,47,4.07542316598,4.73327126515,0.657848099169,4.40434721556,20000,0.02,0.0304021551864,4.38344530679,4.37208204639,0.189467261411,4.07547652812,4.73327100166,4.6554274007,4.72502941208
lognormal,qcut,1000000,50,48,4.73327126515,5.7576920517,1.02442078655,5.24548165842,20000,0.02,0.0195232274302,5.19983003742,5.17480307888,0.293455147868,4.73327539302,5.75769155828,5.62714245386,5.745237151
lognormal,qcut,1000000,50,49,5.7576920517,7.78409640895,2.02640435725,6.77089423032,20000,0.02,0.00986969847771,6.62403335546,6.55601391618,0.573982649969,5.75770389377,7.78409602092,7.47570522801,7.75074752715
lognormal,qcut,1000000,50,50,7.78409640895,106.431860183,98.6477637736,57.1079782958,20000,0.02,0.000202741544612,12.0564061068,10.2730387545,5.68432442996,7.7841154222,106.431860183,17.8563932832,34.8752538955
lognormal,log_binning,1000000,50,1,0.0073320383007,0.00888099577586,0.00154895747517,0.00810651703828,3,3e-06,0.00193678654715,0.00768098893816,0.00734483567237,0.000593351887059,0.0073320383007,0.00836609284142,0.00816184140761,0.00834566769804
lognormal,log_binning,1000000,50,2,0.00888099577586,0.0107571841194,0.00187618834351,0.00981908994762,1,1e-06,0.000532995529718,0.00993218791163,0.00993218791163,,0.00993218791163,0.00993218791163,0.00993218791163,0.00993218791163
lognormal,log_binning,1000000,50,3,0.0107571841194,0.0130297337256,0.00227254960627,0.0118934589225,5,5e-06,0.00220017199457,0.0116272075442,0.0119429613951,0.000612932173997,0.0108581017872,0.0122117528434,0.0121437835626,0.0122049559153
lognormal,log_binning,1000000,50,4,0.0130297337256,0.015782379392,0.00275264566633,0.0144060565588,11,1.1e-05,0.00399615545675,0.0144707387203,0.0145727282647,0.000830971385758,0.0130804492819,0.0157466242025,0.0153517644026,0.0157071382225
lognormal,log_binning,1000000,50,5,0.015782379392,0.0191165456269,0.00333416623489,0.0174494625094,20,2e-05,0.00599850115172,0.0171197285185,0.0171553916236,0.000807146824487,0.0158509168445,0.0185252337802,0.0182745644817,0.0184810932865
lognormal,log_binning,1000000,50,6,0.0191165456269,0.0231550837569,0.00403853813001,0.0211358146919,36,3.6e-05,0.00891411665337,0.0211960319799,0.0212861906817,0.00112704970214,0.0193153862431,0.0230384655636,0.0226364628646,0.0229688269886
lognormal,log_binning,1000000,50,7,0.0231550837569,0.0280467985301,0.00489171477321,0.0256009411435,101,0.000101,0.0206471564027,0.0259961897749,0.0260798743861,0.00137767020441,0.0231825183429,0.028046121472,0.0277023786384,0.0280315594515
lognormal,log_binning,1000000,50,8,0.0280467985301,0.0339719310043,0.00592513247421,0.0310093647672,194,0.000194,0.0327418839738,0.0311745117944,0.0311986269699,0.00171152689903,0.0280501864356,0.0339601985928,0.0336138618538,0.0339173982747
lognormal,log_binning,1000000,50,9,0.0339719310043,0.0411487997435,0.0071768687392,0.0375603653739,385,0.000385,0.0536445647803,0.0378785343819,0.038038292171,0.00197986047626,0.0340602954916,0.041118574476,0.0405302440402,0.0410598471363
lognormal,log_binning,1000000,50,10,0.0411487997435,0.0498418450254,0.00869304528193,0.0454953223845,662,0.000662,0.0761528300533,0.0456999881237,0.0457676288801,0.00250902175889,0.041168034194,0.0498382830053,0.0490548863674,0.0497721724437
lognormal,log_binning,1000000,50,11,0.0498418450254,0.0603713724586,0.0105295274332,0.055106608742,1112,0.001112,0.105607778417,0.0552920474355,0.0553500159274,0.00296445242102,0.0498470561445,0.0603675059211,0.0593780000319,0.0602754489074
lognormal,log_binning,1000000,50,12,0.0603713724586,0.073125355024,0.0127539825654,0.0667483637413,1881,0.001881,0.147483344152,0.0669744280508,0.0669774208047,0.00366148182541,0.0603827416848,0.073124655283,0.071982401223,0.073025728167
lognormal,log_binning,1000000,50,13,0.073125355024,0.0885737284016,0.0154483733777,0.0808495417128,3229,0.003229,0.209018769877,0.081350274129,0.0815391844894,0.00444065672275,0.0731271510295,0.0885613635108,0.0871981851601,0.0884358533584
lognormal,log_binning,1000000,50,14,0.0885737284016,0.107285706311,0.0187119779091,0.0979297173561,5130,0.00513,0.274155945723,0.0982041273111,0.0984039246704,0.00537293547208,0.08857685279,0.107282051621,0.105451347025,0.107119611075
lognormal,log_binning,1000000,50,15,0.107285706311,0.129950753867,0.0226650475561,0.118618230089,7798,0.007798,0.344053988005,0.119036095058,0.119302313886,0.00652330488504,0.107292229717,0.129939229254,0.127895051476,0.12975597931
lognormal,log_binning,1000000,50,16,0.129950753867,0.157403991746,0.0274532378788,0.143677372806,11575,0.011575,0.42162604102,0.144191512051,0.144450535526,0.00792560085878,0.129956990177,0.157391915837,0.154932198186,0.157174858765
lognormal,log_binning,1000000,50,17,0.157403991746,0.190656967199,0.0332529754532,0.174030479472,16567,0.016567,0.498211055528,0.174263983941,0.174448352125,0.00951179243208,0.157405064681,0.190655703564,0.187329951338,0.190352785818
lognormal,log_binning,1000000,50,18,0.190656967199,0.230934925718,0.040277958519,0.210795946458,22586,0.022586,0.560753345763,0.211069112393,0.211274427398,0.0116517029974,0.190659460404,0.230930853328,0.227066888562,0.230510180326
lognormal,log_binning,1000000,50,19,0.230934925718,0.279721956663,0.0487870309452,0.25532844119,29678,0.029678,0.608317403725,0.255585123778,0.255638979949,0.0140599471564,0.230935871931,0.279716875166,0.274946670212,0.27922956982
lognormal,log_binning,1000000,50,20,0.279721956663,0.338815676304,0.0590937196413,0.309268816484,38006,0.038006,0.643147871393,0.309440153107,0.309522868225,0.0170547793344,0.279723186702,0.338814009621,0.333032698162,0.338215682124
lognormal,log_binning,1000000,50,21,0.338815676304,0.410393463134,0.0715777868297,0.374604569719,46965,0.046965,0.656139314725,0.374587640385,0.374519016721,0.0206534099868,0.338817188318,0.410392779726,0.403213237585,0.409650617685
lognormal,log_binning,1000000,50,22,0.410393463134,0.497092685971,0.0866992228368,0.453743074552,55601,0.055601,0.641309093446,0.453529553582,0.453338053598,0.0249786913619,0.410396271199,0.497092556726,0.48820396365,0.496221144691
lognormal,log_binning,1000000,50,23,0.497092685971,0.602107880956,0.105015194985,0.549600283463,63683,0.063683,0.606417004788,0.548990598244,0.548857315657,0.0302642298347,0.497095209348,0.602107725707,0.591177169141,0.60101156383
lognormal,log_binning,1000000,50,24,0.602107880956,0.729308458041,0.127200577086,0.665708169498,70178,0.070178,0.551711333454,0.664411456501,0.663634397081,0.0365960348934,0.602112219138,0.729308141225,0.715714463799,0.727912665891
lognormal,log_binning,1000000,50,25,0.729308458041,0.883381274011,0.154072815969,0.806344866026,74704,0.074704,0.484861651486,0.804427298969,0.803406546297,0.0445334713705,0.729310504279,0.883381051154,0.867100789517,0.881704027732
lognormal,log_binning,1000000,50,26,0.883381274011,1.0700033253,0.186622051288,0.976692299655,76481,0.076481,0.409817593752,0.973505576466,0.97219328973,0.0537909674062,0.883382544376,1.07000307722,1.04947465841,1.06790022423
lognormal,log_binning,1000000,50,27,1.0700033253,1.29605092369,0.22604759839,1.18302712449,75503,0.075503,0.334013723383,1.17892764095,1.17676287747,0.065259296582,1.07000722835,1.2960504447,1.27143981761,1.29358598192
lognormal,log_binning,1000000,50,28,1.29605092369,1.56985306221,0.27380213852,1.43295199295,71831,0.071831,0.262346380449,1.42687074538,1.423839216,0.0789668479159,1.29606167762,1.56985275868,1.53910987189,1.56672240731
lognormal,log_binning,1000000,50,29,1.56985306221,1.9014983068,0.331645244596,1.73567568451,65965,0.065965,0.198902294168,1.72791560849,1.72431100367,0.0957231979369,1.56985388987,1.90149148958,1.86405854634,1.89778579587
lognormal,log_binning,1000000,50,30,1.9014983068,2.30320652157,0.401708214762,2.10235241419,58000,0.058,0.144383405339,2.09133864453,2.08578439556,0.115971153067,1.90150696813,2.3031932529,2.25648883061,2.29833503732
lognormal,log_binning,1000000,50,31,2.30320652157,2.78977912418,0.486572602613,2.54649282287,49334,0.049334,0.10139082993,2.5322855912,2.52513116944,0.140012515911,2.30321035365,2.78977689082,2.73260018788,2.78373364775
lognormal,log_binning,1000000,50,32,2.78977912418,3.37914446179,0.58936533761,3.08446179299,40817,0.040817,0.0692558543832,3.06470194299,3.05429450188,0.169795033731,2.78979107379,3.37913394731,3.3085365034,3.37159365447
lognormal,log_binning,1000000,50,33,3.37914446179,4.09301840231,0.713873940519,3.73608143205,32582,0.032582,0.0456411113373,3.70869156947,3.69594344254,0.204872176731,3.37917191086,4.09300490173,4.00400309631,4.08391919458
lognormal,log_binning,1000000,50,34,4.09301840231,4.95770448144,0.864686079128,4.52536144187,24653,0.024653,0.0285109250572,4.48929175521,4.47369885551,0.248360296104,4.09304535455,4.95766258956,4.84747837026,4.94651780774
lognormal,log_binning,1000000,50,35,4.95770448144,6.00506308777,1.04735860633,5.4813837846,18227,0.018227,0.0174028263957,5.43375208944,5.41033067738,0.301902545053,4.95771446321,6.0050561037,5.87208707156,5.9907947818
lognormal,log_binning,1000000,50,36,6.00506308777,7.27368539676,1.26862230899,6.63937424226,12982,0.012982,0.010233148123,6.58344464208,6.55543750785,0.364461252405,6.00515460924,7.2736810127,7.11181640754,7.25644842703
lognormal,log_binning,1000000,50,37,7.27368539676,8.81031530856,1.5366299118,8.04200035266,8718,0.008718,0.00567345457293,7.96047785135,7.91493930702,0.440096689293,7.27371918208,8.81027350872,8.60956337032,8.78465138472
lognormal,log_binning,1000000,50,38,8.81031530856,10.6715717827,1.86125647413,9.74094354562,5793,0.005793,0.00311241361978,9.64437007763,9.58587790083,0.534410324729,8.8103311406,10.6712466677,10.4295163151,10.6459154427
lognormal,log_binning,1000000,50,39,10.6715717827,12.9260350311,2.25446324837,11.7988034069,3682,0.003682,0.00163320471188,11.6661412423,11.5830422402,0.651135801502,10.6717356616,12.9259723778,12.6306416065,12.8973535223
lognormal,log_binning,1000000,50,40,12.9260350311,15.6567734376,2.7307384065,14.2914042343,2352,0.002352,0.000861305496859,14.1199416945,14.0514897575,0.782680321645,12.926137758,15.6557170137,15.2468146305,15.6143290463
lognormal,log_binning,1000000,50,41,15.6567734376,18.9644043116,3.30763087405,17.3105888746,1311,0.001311,0.000396356198718,17.1554874625,17.1035541233,0.938553348398,15.6569370518,18.9623408409,18.5185270556,18.9229413103
lognormal,log_binning,1000000,50,42,18.9644043116,22.9708012528,4.00639694118,20.9676027822,823,0.000823,0.000205421482715,20.7446273118,20.6484466559,1.13279968594,18.9649937428,22.9375913737,22.4265196619,22.8984363238
lognormal,log_binning,1000000,50,43,22.9708012528,27.8235847288,4.852783476,25.3971929908,413,0.000413,8.51057958886e-05,25.0247926834,24.8274585517,1.34003168812,22.973332918,27.7744754939,27.0549797445,27.7027548843
lognormal,log_binning,1000000,50,44,27.8235847288,33.7015613274,5.8779765986,30.7625730281,203,0.000203,3.45356938046e-05,30.3616259955,30.0276490879,1.72425857808,27.9171743377,33.5930212764,32.8356104879,33.5552988885
lognormal,log_binning,1000000,50,45,33.7015613274,40.8213120982,7.11975077078,37.2614367128,103,0.000103,1.44667985321e-05,36.9406022238,36.8750266394,1.98172946029,33.7508633591,40.8140527012,39.7463475357,40.7778688343
lognormal,log_binning,1000000,50,46,40.8213120982,49.4451727393,8.62386064112,45.1332424187,56,5.6e-05,6.49361142654e-06,44.4737676695,43.8836520934,2.57870220111,40.8280619912,49.0790065462,48.5800314331,49.0616684538
lognormal,log_binning,1000000,50,47,49.4451727393,59.8908996687,10.4457269295,54.668036204,33,3.3e-05,3.15918654804e-06,54.7568709141,54.8936446162,2.82384737226,50.1207492301,59.7696386059,58.4990852337,59.7232402898
lognormal,log_binning,1000000,50,48,59.8908996687,72.5433781381,12.6524784694,66.2171389034,16,1.6e-05,1.26457437084e-06,64.1596905022,63.4713080234,3.1140948207,60.5901739762,70.5345250444,68.5823054919,70.3639104665
lognormal,log_binning,1000000,50,49,72.5433781381,87.8688037882,15.3254256501,80.2060909632,8,8e-06,5.22008339779e-07,78.7878532806,77.845721712,4.9734725977,73.2278086008,87.5648397815,84.4796080165,87.256316605
lognormal,log_binning,1000000,50,50,87.8688037882,106.431860183,18.5630563944,97.1503319854,3,3e-06,1.61611317461e-07,96.0727882989,93.6390534181,9.38201477213,88.1474512961,106.431860183,103.87329883,106.176004047
lognormal,cut,1000000,100,1,-0.0990924898436,1.07157731974,1.17066980959,0.48624241495,527169,0.527169,0.450313996041,0.550431159002,0.532654306539,0.268794347793,0.0073320383007,1.07157603349,0.938532027129,1.05715941398
lognormal,cut,1000000,100,2,1.07157731974,2.13582260119,1.06424528144,1.60369996046,248800,0.2488,0.233780693547,1.51748467328,1.47711348147,0.300741870476,1.07157843248,2.13581974806,1.96878472299,2.11825273091
lognormal,cut,1000000,100,3,2.13582260119,3.20006788263,1.06424528144,2.66794524191,101283,0.101283,0.0951688504202,2.59831624304,2.56584872267,0.303171713694,2.13582847949,3.20000742244,3.0473008656,3.18395289577
lognormal,cut,1000000,100,4,3.20006788263,4.26431316407,1.06424528144,3.73219052335,49291,0.049291,0.0463154508265,3.67265247063,3.64331986367,0.304017390466,3.20006951024,4.26426349344,4.11983296116,4.24944946964
lognormal,cut,1000000,100,5,4.26431316407,5.32855844551,1.06424528144,4.79643580479,26411,0.026411,0.0248166474971,4.74749608272,4.72312719755,0.305657835694,4.26433674015,5.32840317721,5.19094364606,5.31471327294
lognormal,cut,1000000,100,6,5.32855844551,6.39280372696,1.06424528144,5.86068108624,15292,0.015292,0.0143688680294,5.81866709358,5.79609942735,0.30538413569,5.32857194647,6.39278114231,6.26129732915,6.37972814619
lognormal,cut,1000000,100,7,6.39280372696,7.4570490084,1.06424528144,6.92492636768,9603,0.009603,0.00902329582047,6.88709157773,6.86860439804,0.305641839791,6.39292768051,7.45684655284,7.32616513741,7.4451890356
lognormal,cut,1000000,100,8,7.4570490084,8.52129428984,1.06424528144,7.98917164912,6093,0.006093,0.00572518394607,7.94800799663,7.92379406789,0.306262127114,7.4571445753,8.52108820301,8.38823390456,8.50492359221
lognormal,cut,1000000,100,9,8.52129428984,9.58553957129,1.06424528144,9.05341693056,4156,0.004156,0.00390511480057,9.02510483146,9.01455339385,0.305688619141,8.52171622157,9.58534861234,9.46197044614,9.57630698269
lognormal,cut,1000000,100,10,9.58553957129,10.6497848527,1.06424528144,10.117662212,2849,0.002849,0.00267701445304,10.0949883364,10.0800736314,0.306302884826,9.58567038488,10.6491283088,10.5278773662,10.6378467433
lognormal,cut,1000000,100,11,10.6497848527,11.7140301342,1.06424528144,11.1819074934,2074,0.002074,0.00194879886823,11.1422360253,11.1329136302,0.30337205531,10.6500157433,11.7129801462,11.5686294668,11.7017518673
lognormal,cut,1000000,100,12,11.7140301342,12.7782754156,1.06424528144,12.2461527749,1474,0.001474,0.00138501906065,12.2213817061,12.2026141105,0.306718495355,11.7150333313,12.7758121919,12.6646419618,12.769848011
lognormal,cut,1000000,100,13,12.7782754156,13.8425206971,1.06424528144,13.3103980563,1165,0.001165,0.00109467245974,13.2673714,13.2470642647,0.300860491359,12.7787383545,13.8420820641,13.7018975651,13.8275081363
lognormal,cut,1000000,100,14,13.8425206971,14.9067659785,1.06424528144,14.3746433378,891,0.000891,0.000837213014271,14.3565292911,14.349891309,0.309394957776,13.8425809374,14.9060315804,14.7941261481,14.8914577429
lognormal,cut,1000000,100,15,14.9067659785,15.9710112599,1.06424528144,15.4388886192,633,0.000633,0.000594787697007,15.3992506218,15.3604919522,0.310040506296,14.907187911,15.9704100436,15.8556053455,15.9661784555
lognormal,cut,1000000,100,16,15.9710112599,17.0352565414,1.06424528144,16.5031339007,473,0.000473,0.000444446414983,16.4748132468,16.4256137307,0.319323491607,15.9713991912,17.033854579,16.9272270075,17.0245647122
lognormal,cut,1000000,100,17,17.0352565414,18.0995018228,1.06424528144,17.5673791821,422,0.000422,0.000396525131338,17.5460181779,17.5408447918,0.303444792966,17.0371929888,18.098005335,17.9711104282,18.0921292232
lognormal,cut,1000000,100,18,18.0995018228,19.1637471043,1.06424528144,18.6316244635,312,0.000312,0.000293165499947,18.6097082541,18.5980483724,0.30595137708,18.1024047124,19.1591540019,19.0190646116,19.1541122887
lognormal,cut,1000000,100,19,19.1637471043,20.2279923857,1.06424528144,19.695869745,276,0.000276,0.000259338711491,19.6892321778,19.6730862672,0.30824064879,19.1651562348,20.2259456674,20.1081745051,20.2103565252
lognormal,cut,1000000,100,20,20.2279923857,21.2922376672,1.06424528144,20.7601150264,222,0.000222,0.000208598528808,20.7681249053,20.7483561336,0.302433496227,20.2458596662,21.2916972363,21.2008196295,21.2870219405
lognormal,cut,1000000,100,21,21.2922376672,22.3564829486,1.06424528144,21.8243603079,186,0.000186,0.000174771740353,21.7962230822,21.7610876079,0.326274859138,21.2925097544,22.3510272799,22.2761147609,22.3372662153
lognormal,cut,1000000,100,22,22.3564829486,23.42072823,1.06424528144,22.8886055893,139,0.000139,0.000130608988758,22.8597017507,22.8237900865,0.299072071468,22.3624491075,23.4184300562,23.3066977254,23.4088628822
lognormal,cut,1000000,100,23,23.42072823,24.4849735115,1.06424528144,23.9528508708,124,0.000124,0.000116514493569,23.9485638573,23.9355125362,0.302944650189,23.4208974112,24.4805301095,24.3753537867,24.4707663084
lognormal,cut,1000000,100,24,24.4849735115,25.5492187929,1.06424528144,25.0170961522,96,9.6e-05,9.02047692143e-05,24.981345689,24.9915538212,0.295150807738,24.4987259566,25.5385702616,25.3857919152,25.5371533558
lognormal,cut,1000000,100,25,25.5492187929,26.6134640744,1.06424528144,26.0813414336,77,7.7e-05,7.2351741974e-05,26.0836304254,26.1334895179,0.298072301362,25.5544132522,26.60921647,26.4715947358,26.5808422834
lognormal,cut,1000000,100,26,26.6134640744,27.6777093558,1.06424528144,27.1455867151,61,6.1e-05,5.73176137716e-05,27.1366461578,27.0954991204,0.300369914399,26.6173740451,27.6598820884,27.5089375542,27.6559162504
lognormal,cut,1000000,100,27,27.6777093558,28.7419546373,1.06424528144,28.2098319965,50,5e-05,4.69816506325e-05,28.1713965699,28.1249293138,0.287835694946,27.6964928474,28.6929389222,28.5765838803,28.6887072504
lognormal,cut,1000000,100,28,28.7419546373,29.8061999187,1.06424528144,29.274077278,44,4.4e-05,4.13438525566e-05,29.2374683304,29.2362114122,0.335905071043,28.7577720645,29.7863268968,29.7169492512,29.7816397649
lognormal,cut,1000000,100,29,29.8061999187,30.8704452001,1.06424528144,30.3383225594,38,3.8e-05,3.57060544807e-05,30.1905722879,30.080661232,0.288496797753,29.8225390133,30.8581996248,30.6110493037,30.7919526091
lognormal,cut,1000000,100,30,30.8704452001,31.9346904816,1.06424528144,31.4025678409,25,2.5e-05,2.34908253162e-05,31.4310826725,31.5188099286,0.363474340315,30.9006496637,31.9272259947,31.8794591068,31.9256410707
lognormal,cut,1000000,100,31,31.9346904816,32.998935763,1.06424528144,32.4668131223,35,3.5e-05,3.28871554427e-05,32.4533919379,32.4008290741,0.284534824794,31.9512233466,32.9010865699,32.8287667816,32.8840367112
lognormal,cut,1000000,100,32,32.998935763,34.0631810445,1.06424528144,33.5310584037,24,2.4e-05,2.25511923036e-05,33.4589339463,33.4624212807,0.328197951753,33.0197758643,34.0023575773,33.8936350303,34.0023189701
lognormal,cut,1000000,100,33,34.0631810445,35.1274263259,1.06424528144,34.5953036852,19,1.9e-05,1.78530272403e-05,34.7757486051,34.8504242844,0.264325521051,34.2148922834,35.1166312247,35.057541427,35.1137372138
lognormal,cut,1000000,100,34,35.1274263259,36.1916716074,1.06424528144,35.6595489666,15,1.5e-05,1.40944951897e-05,35.6582440235,35.7215953016,0.313809892079,35.1348392125,36.1715631462,36.0765373136,36.1666891747
lognormal,cut,1000000,100,35,36.1916716074,37.2559168888,1.06424528144,36.7237942481,19,1.9e-05,1.78530272403e-05,36.7897933118,36.8746423034,0.322268090253,36.2274323265,37.2238272138,37.1484501836,37.2228631572
lognormal,cut,1000000,100,36,37.2559168888,38.3201621702,1.06424528144,37.7880395295,14,1.4e-05,1.31548621771e-05,37.7284459886,37.6230563151,0.321229698194,37.2577881509,38.2841158244,38.2336964789,38.2840450759
lognormal,cut,1000000,100,37,38.3201621702,39.3844074517,1.06424528144,38.852284811,15,1.5e-05,1.40944951897e-05,38.7779830338,38.6772147327,0.335266080199,38.3382559667,39.3659277991,39.2232478503,39.3524704406
lognormal,cut,1000000,100,38,39.3844074517,40.4486527331,1.06424528144,39.9165300924,9,9e-06,8.45669711384e-06,39.9850384716,39.858961958,0.325613148877,39.6259217547,40.4173803879,40.4090427504,40.4165466241
lognormal,cut,1000000,100,39,40.4486527331,41.5128980146,1.06424528144,40.9807753738,13,1.3e-05,1.22152291644e-05,40.9620456777,40.9319269948,0.292651801969,40.5538161372,41.4051565627,41.368278775,41.4030565443
lognormal,cut,1000000,100,40,41.5128980146,42.577143296,1.06424528144,42.0450206553,9,9e-06,8.45669711384e-06,41.9332175236,41.9078479457,0.226768177557,41.5857882395,42.2046952407,42.1890388541,42.2031296021
lognormal,cut,1000000,100,41,42.577143296,43.6413885775,1.06424528144,43.1092659367,6,6e-06,5.6377980759e-06,43.128378941,43.1382795357,0.188487094628,42.8451190281,43.4027481182,43.3093157383,43.3934048802
lognormal,cut,1000000,100,42,43.6413885775,44.7056338589,1.06424528144,44.1735112182,7,7e-06,6.57743108855e-06,43.8916221304,43.8697206691,0.307821580962,43.6550082297,44.5510172,44.1548850862,44.5114039886
lognormal,cut,1000000,100,43,44.7056338589,45.7698791403,1.06424528144,45.2377564996,7,7e-06,6.57743108855e-06,44.9433626315,44.9923523911,0.195250985118,44.7186381468,45.2090517673,45.1694610045,45.205092691
lognormal,cut,1000000,100,44,45.7698791403,46.8341244218,1.06424528144,46.3020017811,7,7e-06,6.57743108855e-06,46.2836715081,46.3331764275,0.352568269331,45.8277950179,46.7922364217,46.6956492576,46.7825777053
lognormal,cut,1000000,100,45,46.8341244218,47.8983697032,1.06424528144,47.3662470625,5,5e-06,4.69816506325e-06,47.5858855265,47.4859512768,0.16602740173,47.4479717992,47.8029949809,47.7723771399,47.7999331968
lognormal,cut,1000000,100,46,47.8983697032,48.9626149847,1.06424528144,48.4304923439,5,5e-06,4.69816506325e-06,48.6684044599,48.651869892,0.0993115148221,48.5735525638,48.8140115013,48.7748381168,48.8100941629
lognormal,cut,1000000,100,47,48.9626149847,50.0268602661,1.06424528144,49.4947376254,2,2e-06,1.8792660253e-06,49.063244644,49.063244644,0.0222906958297,49.0474827419,49.0790065462,49.0758541658,49.0786913082
lognormal,cut,1000000,100,48,50.0268602661,51.0911055476,1.06424528144,50.5589829068,5,5e-06,4.69816506325e-06,50.4148961501,50.2982994531,0.292039158289,50.1207492301,50.8307151241,50.7371895239,50.8213625641
lognormal,cut,1000000,100,49,51.0911055476,52.155350829,1.06424528144,51.6232281883,2,2e-06,1.8792660253e-06,51.883649106,51.883649106,0.3006659472,51.6710461759,52.0962520362,52.0537314501,52.0919999775
lognormal,cut,1000000,100,50,52.155350829,53.2195961104,1.06424528144,52.6874734697,4,4e-06,3.7585320506e-06,52.4820452887,52.4866698583,0.306464708805,52.1781090866,52.7767323516,52.757629456,52.774822062
lognormal,cut,1000000,100,51,53.2195961104,54.2838413919,1.06424528144,53.7517187512,2,2e-06,1.8792660253e-06,54.0582838756,54.0582838756,0.00204776321113,54.0568358883,54.0597318628,54.0594422654,54.0597029031
lognormal,cut,1000000,100,52,54.2838413919,55.3480866733,1.06424528144,54.8159640326,4,4e-06,3.7585320506e-06,54.7584468869,54.7654133453,0.123548134081,54.6093162409,54.8936446162,54.8704384048,54.8913239951
lognormal,cut,1000000,100,53,55.3480866733,56.4123319548,1.06424528144,55.880209314,8,8e-06,7.5170641012e-06,55.9486274028,55.9744532627,0.33466059172,55.4595509659,56.3085437432,56.3076195677,56.3084513256
lognormal,cut,1000000,100,54,56.4123319548,57.4765772362,1.06424528144,56.9444545955,2,2e-06,1.8792660253e-06,56.7726812692,56.7726812692,0.222067749446,56.6156556577,56.9297068807,56.8983017584,56.9265663685
lognormal,cut,1000000,100,55,57.4765772362,58.5408225177,1.06424528144,58.0086998769,3,3e-06,2.81889903795e-06,58.3048660287,58.4412737513,0.301024225811,57.9597862305,58.5135381043,58.4990852337,58.5120928173
lognormal,cut,1000000,100,56,58.5408225177,59.6050677991,1.06424528144,59.0729451584,1,1e-06,9.39633012649e-07,58.6131624287,58.6131624287,,58.6131624287,58.6131624287,58.6131624287,58.6131624287
lognormal,cut,1000000,100,57,59.6050677991,60.6693130805,1.06424528144,60.1371904398,3,3e-06,2.81889903795e-06,59.9948188167,59.7696386059,0.520664664633,59.6246438679,60.5901739762,60.4260669022,60.5737632688
lognormal,cut,1000000,100,58,60.6693130805,61.733558362,1.06424528144,61.2014357213,4,4e-06,3.7585320506e-06,61.319195668,61.2953488847,0.236463318479,61.0609834285,61.6251014743,61.5430870807,61.6169000349
lognormal,cut,1000000,100,59,61.733558362,62.7978036434,1.06424528144,62.2656810027,3,3e-06,2.81889903795e-06,62.2379178038,62.1615040892,0.267852564636,62.0165756203,62.5356737018,62.4608397793,62.5281903095
lognormal,cut,1000000,100,60,62.7978036434,63.8620489249,1.06424528144,63.3299262841,,0,0,,,,,,,
lognormal,cut,1000000,100,61,63.8620489249,64.9262942063,1.06424528144,64.3941715656,2,2e-06,1.8792660253e-06,64.5472454521,64.5472454521,0.198418556791,64.4069423451,64.6875485591,64.6594879377,64.684742497
lognormal,cut,1000000,100,62,64.9262942063,65.9905394878,1.06424528144,65.458416847,3,3e-06,2.81889903795e-06,65.726903681,65.881365807,0.363508814697,65.3116715128,65.9876737232,65.9664121399,65.9855475648
lognormal,cut,1000000,100,63,65.9905394878,67.0547847692,1.06424528144,66.5226621285,,0,0,,,,,,,
lognormal,cut,1000000,100,64,67.0547847692,68.1190300506,1.06424528144,67.5869074099,1,1e-06,9.39633012649e-07,67.7675164586,67.7675164586,,67.7675164586,67.7675164586,67.7675164586,67.7675164586
lognormal,cut,1000000,100,65,68.1190300506,69.1832753321,1.06424528144,68.6511526914,,0,0,,,,,,,
lognormal,cut,1000000,100,66,69.1832753321,70.2475206135,1.06424528144,69.7153979728,1,1e-06,9.39633012649e-07,69.3970945252,69.3970945252,,69.3970945252,69.3970945252,69.3970945252,69.3970945252
lognormal,cut,1000000,100,67,70.2475206135,71.311765895,1.06424528144,70.7796432542,1,1e-06,9.39633012649e-07,70.5345250444,70.5345250444,,70.5345250444,70.5345250444,70.5345250444,70.5345250444
lognormal,cut,1000000,100,68,71.311765895,72.3760111764,1.06424528144,71.8438885357,,0,0,,,,,,,
lognormal,cut,1000000,100,69,72.3760111764,73.4402564579,1.06424528144,72.9081338171,1,1e-06,9.39633012649e-07,73.2278086008,73.2278086008,,73.2278086008,73.2278086008,73.2278086008,73.2278086008
lognormal,cut,1000000,100,70,73.4402564579,74.5045017393,1.06424528144,73.9723790986,1,1e-06,9.39633012649e-07,74.0951163632,74.0951163632,,74.0951163632,74.0951163632,74.0951163632,74.0951163632
lognormal,cut,1000000,100,71,74.5045017393,75.5687470207,1.06424528144,75.03662438,1,1e-06,9.39633012649e-07,75.3075338294,75.3075338294,,75.3075338294,75.3075338294,75.3075338294,75.3075338294
lognormal,cut,1000000,100,72,75.5687470207,76.6329923022,1.06424528144,76.1008696615,1,1e-06,9.39633012649e-07,76.4155158879,76.4155158879,,76.4155158879,76.4155158879,76.4155158879,76.4155158879
lognormal,cut,1000000,100,73,76.6329923022,77.6972375836,1.06424528144,77.1651149429,,0,0,,,,,,,
lognormal,cut,1000000,100,74,77.6972375836,78.7614828651,1.06424528144,78.2293602243,,0,0,,,,,,,
lognormal,cut,1000000,100,75,78.7614828651,79.8257281465,1.06424528144,79.2936055058,1,1e-06,9.39633012649e-07,79.2759275361,79.2759275361,,79.2759275361,79.2759275361,79.2759275361,79.2759275361
lognormal,cut,1000000,100,76,79.8257281465,80.889973428,1.06424528144,80.3578507872,,0,0,,,,,,,
lognormal,cut,1000000,100,77,80.889973428,81.9542187094,1.06424528144,81.4220960687,1,1e-06,9.39633012649e-07,81.2587184141,81.2587184141,,81.2587184141,81.2587184141,81.2587184141,81.2587184141
lognormal,cut,1000000,100,78,81.9542187094,83.0184639908,1.06424528144,82.4863413501,,0,0,,,,,,,
lognormal,cut,1000000,100,79,83.0184639908,84.0827092723,1.06424528144,83.5505866316,1,1e-06,9.39633012649e-07,83.1573658315,83.1573658315,,83.1573658315,83.1573658315,83.1573658315,83.1573658315
lognormal,cut,1000000,100,80,84.0827092723,85.1469545537,1.06424528144,84.614831913,,0,0,,,,,,,
lognormal,cut,1000000,100,81,85.1469545537,86.2111998352,1.06424528144,85.6790771944,,0,0,,,,,,,
lognormal,cut,1000000,100,82,86.2111998352,87.2754451166,1.06424528144,86.7433224759,,0,0,,,,,,,
lognormal,cut,1000000,100,83,87.2754451166,88.339690398,1.06424528144,87.8075677573,2,2e-06,1.8792660253e-06,87.8561455388,87.8561455388,0.411968552785,87.5648397815,88.1474512961,88.0891901446,88.141625181
lognormal,cut,1000000,100,84,88.339690398,89.4039356795,1.06424528144,88.8718130388,,0,0,,,,,,,
lognormal,cut,1000000,100,85,89.4039356795,90.4681809609,1.06424528144,89.9360583202,,0,0,,,,,,,
lognormal,cut,1000000,100,86,90.4681809609,91.5324262424,1.06424528144,91.0003036017,,0,0,,,,,,,
lognormal,cut,1000000,100,87,91.5324262424,92.5966715238,1.06424528144,92.0645488831,,0,0,,,,,,,
lognormal,cut,1000000,100,88,92.5966715238,93.6609168053,1.06424528144,93.1287941645,1,1e-06,9.39633012649e-07,93.6390534181,93.6390534181,,93.6390534181,93.6390534181,93.6390534181,93.6390534181
lognormal,cut,1000000,100,89,93.6609168053,94.7251620867,1.06424528144,94.193039446,,0,0,,,,,,,
lognormal,cut,1000000,100,90,94.7251620867,95.7894073681,1.06424528144,95.2572847274,,0,0,,,,,,,
lognormal,cut,1000000,100,91,95.7894073681,96.8536526496,1.06424528144,96.3215300089,,0,0,,,,,,,
lognormal,cut,1000000,100,92,96.8536526496,97.917897931,1.06424528144,97.3857752903,,0,0,,,,,,,
lognormal,cut,1000000,100,93,97.917897931,98.9821432125,1.06424528144,98.4500205718,,0,0,,,,,,,
lognormal,cut,1000000,100,94,98.9821432125,100.046388494,1.06424528144,99.5142658532,,0,0,,,,,,,
lognormal,cut,1000000,100,95,100.046388494,101.110633775,1.06424528144,100.578511135,,0,0,,,,,,,
lognormal,cut,1000000,100,96,101.110633775,102.174879057,1.06424528144,101.642756416,,0,0,,,,,,,
lognormal,cut,1000000,100,97,102.174879057,103.239124338,1.06424528144,102.707001698,,0,0,,,,,,,
lognormal,cut,1000000,100,98,103.239124338,104.30336962,1.06424528144,103.771246979,,0,0,,,,,,,
lognormal,cut,1000000,100,99,104.30336962,105.367614901,1.06424528144,104.83549226,,0,0,,,,,,,
lognormal,cut,1000000,100,100,105.367614901,106.431860183,1.06424528144,105.899737542,1,1e-06,9.39633012649e-07,106.431860183,106.431860183,,106.431860183,106.431860183,106.431860183,106.431860183
lognormal,qcut,1000000,100,1,0.0073320383007,0.0975967451667,0.090264706866,0.0524643917337,10000,0.01,0.110785270868,0.0724876057603,0.076462811693,0.0186645271404,0.0073320383007,0.097596359346,0.0938817745943,0.0972331906242
lognormal,qcut,1000000,100,2,0.0975967451667,0.128432049344,0.0308353041771,0.113014397255,10000,0.01,0.324303595079,0.113878722641,0.114279499813,0.008865047937,0.0975967490639,0.128424375105,0.125683435036,0.128208715176
lognormal,qcut,1000000,100,3,0.128432049344,0.152833516156,0.0244014668118,0.14063278275,10000,0.01,0.409811429662,0.140997252522,0.141119799544,0.00702440728828,0.128432205961,0.152831112288,0.150603273751,0.152589901967
lognormal,qcut,1000000,100,4,0.152833516156,0.173648260288,0.0208147441323,0.163240888222,10000,0.01,0.480428677692,0.163371459938,0.163501221454,0.0060075042007,0.152833590502,0.173646859145,0.17160142388,0.173475516704
lognormal,qcut,1000000,100,5,0.173648260288,0.193035270142,0.0193870098541,0.183341765215,10000,0.01,0.515809300932,0.183324090259,0.183266793593,0.00565631380013,0.173648318669,0.193031001101,0.191195084256,0.192876734462
lognormal,qcut,1000000,100,6,0.193035270142,0.211270548591,0.0182352784494,0.202152909367,10000,0.01,0.548387567964,0.202142331511,0.202084064499,0.00529324157488,0.193035494828,0.211270418132,0.209461363525,0.211081100872
lognormal,qcut,1000000,100,7,0.211270548591,0.228712543121,0.01744199453,0.219991545856,10000,0.01,0.573328926507,0.220044366735,0.220030440662,0.00501340688403,0.211270556919,0.228711184164,0.226999641178,0.228539745457
lognormal,qcut,1000000,100,8,0.228712543121,0.245621172548,0.0169086294262,0.237166857834,10000,0.01,0.591413990332,0.237208891949,0.237229774072,0.00490796051057,0.228712645408,0.245619542614,0.243975006648,0.245444630415
lognormal,qcut,1000000,100,9,0.245621172548,0.262038213845,0.0164170412978,0.253829693196,10000,0.01,0.609123155544,0.253816267885,0.253814609116,0.00470629273929,0.245621314281,0.262036708653,0.260357464023,0.261857710721
lognormal,qcut,1000000,100,10,0.262038213845,0.278154644761,0.0161164309155,0.270096429303,10000,0.01,0.620484774355,0.270117029851,0.27015534609,0.00463768890182,0.262038362711,0.278154392991,0.276508167166,0.277967546138
lognormal,qcut,1000000,100,11,0.278154644761,0.294030796143,0.0158761513824,0.286092720452,10000,0.01,0.62987557621,0.286038033668,0.286039646596,0.00460330941613,0.278154672735,0.29403014894,0.292511697683,0.293907774433
lognormal,qcut,1000000,100,12,0.294030796143,0.309545179444,0.0155143833004,0.301787987793,10000,0.01,0.644563164796,0.301838718654,0.301835250369,0.00451604086741,0.294030876135,0.309544859208,0.308003874677,0.309412263165
lognormal,qcut,1000000,100,13,0.309545179444,0.324996060086,0.0154508806424,0.317270619765,10000,0.01,0.647212300155,0.317299875505,0.317291839368,0.00445808242226,0.309545223112,0.324995447568,0.323442939179,0.324834147603
lognormal,qcut,1000000,100,14,0.324996060086,0.340329542131,0.0153334820445,0.332662801108,10000,0.01,0.652167587959,0.332685014917,0.332738100517,0.00445013433799,0.324996151612,0.340328714659,0.338850583853,0.340187420247
lognormal,qcut,1000000,100,15,0.340329542131,0.355517953279,0.0151884111485,0.347923747705,10000,0.01,0.65839671459,0.34800124532,0.348041323351,0.00442245704474,0.340329676835,0.355516149572,0.354102108418,0.355358074676
lognormal,qcut,1000000,100,16,0.355517953279,0.370844830576,0.0153268772971,0.363181391928,10000,0.01,0.652448623822,0.363247475073,0.363299356179,0.00443271375107,0.35551827158,0.370844578816,0.369323322127,0.370701536131
lognormal,qcut,1000000,100,17,0.370844830576,0.385940269615,0.0150954390392,0.378392550096,10000,0.01,0.662451749434,0.378392741609,0.3783326812,0.00438871086956,0.370844878531,0.38594024477,0.384499933688,0.385809729194
lognormal,qcut,1000000,100,18,0.385940269615,0.401358265577,0.0154179959614,0.393649267596,10000,0.01,0.648592724049,0.393701353157,0.393685446676,0.00444846858036,0.385940274704,0.401357561355,0.399833860993,0.401196568128
lognormal,qcut,1000000,100,19,0.401358265577,0.416766840502,0.015408574925,0.409062553039,10000,0.01,0.648989283478,0.408978021732,0.408987959114,0.00446290201842,0.401358420162,0.416766377425,0.415171103531,0.416603623092
lognormal,qcut,1000000,100,20,0.416766840502,0.432189166363,0.0154223258607,0.424478003432,10000,0.01,0.648410628223,0.42436050277,0.424228032999,0.00446790064391,0.416766949125,0.432188729123,0.430584944072,0.432041691247
lognormal,qcut,1000000,100,21,0.432189166363,0.447661059572,0.0154718932091,0.439925112967,10000,0.01,0.646333313245,0.439951466846,0.439942317689,0.00446573920818,0.432189275673,0.447658559559,0.446150463655,0.447501279483
lognormal,qcut,1000000,100,22,0.447661059572,0.463070014632,0.0154089550602,0.455365537102,10000,0.01,0.648973273069,0.455317334337,0.455229211477,0.00442613078872,0.447661724132,0.463069609363,0.461495046619,0.462909650377
lognormal,qcut,1000000,100,23,0.463070014632,0.47884111398,0.0157710993479,0.470955564306,10000,0.01,0.634071207049,0.470987709224,0.471035682916,0.004539827902,0.463070128939,0.478837413383,0.477215119946,0.478679808596
lognormal,qcut,1000000,100,24,0.47884111398,0.494657494199,0.0158163802195,0.48674930409,10000,0.01,0.632255918308,0.48668304431,0.486701088012,0.0045487292343,0.478842219353,0.494655712479,0.493029809802,0.494485917281
lognormal,qcut,1000000,100,25,0.494657494199,0.510802174225,0.0161446800252,0.502729834212,10000,0.01,0.619399082818,0.502658055448,0.50263782048,0.00463240624973,0.494658056848,0.510801259053,0.509071643826,0.510637252316
lognormal,qcut,1000000,100,26,0.510802174225,0.526752657885,0.0159504836609,0.518777416055,10000,0.01,0.626940236583,0.518674674844,0.518666196898,0.00458057658333,0.510802479282,0.526749088274,0.525033436837,0.526566147286
lognormal,qcut,1000000,100,27,0.526752657885,0.543325551726,0.0165728938408,0.535039104806,10000,0.01,0.60339492282,0.534993820033,0.535037013229,0.00480311017356,0.526753912073,0.543324778229,0.5416366754,0.543162647459
lognormal,qcut,1000000,100,28,0.543325551726,0.559649053373,0.016323501647,0.55148730255,10000,0.01,0.61261365461,0.551457133115,0.551433806284,0.00472583681505,0.543325837814,0.55964892526,0.558029967393,0.559488249435
lognormal,qcut,1000000,100,29,0.559649053373,0.576224899402,0.0165758460285,0.567936976388,10000,0.01,0.60328745711,0.567906724957,0.567919424669,0.00478587746097,0.559649103195,0.576223524985,0.574574208734,0.576049425526
lognormal,qcut,1000000,100,30,0.576224899402,0.593139616211,0.0169147168087,0.584682257806,10000,0.01,0.591201148271,0.584630599107,0.584599101715,0.00488702505333,0.576225460783,0.593138359027,0.591399387926,0.592951294356
lognormal,qcut,1000000,100,31,0.593139616211,0.610366670094,0.0172270538837,0.601753143152,10000,0.01,0.580482308089,0.60175124289,0.601718145924,0.00502711276324,0.593140155003,0.610360834397,0.608717018186,0.610181640504
lognormal,qcut,1000000,100,32,0.610366670094,0.627767020081,0.0174003499872,0.619066845088,10000,0.01,0.574701084021,0.61912842137,0.619184609973,0.00506477859829,0.610369291929,0.627766573644,0.626097832224,0.627591257292
lognormal,qcut,1000000,100,33,0.627767020081,0.645405079533,0.017638059452,0.636586049807,10000,0.01,0.566955793931,0.636507986774,0.636568404336,0.00508386051469,0.62776723017,0.645403758414,0.643562136852,0.645212776671
lognormal,qcut,1000000,100,34,0.645405079533,0.663084228018,0.0176791484842,0.654244653776,10000,0.01,0.565638102362,0.654224830732,0.654256371947,0.00508957003045,0.645405730234,0.663083200849,0.661292756753,0.662882809462
lognormal,qcut,1000000,100,35,0.663084228018,0.681426221995,0.018341993977,0.672255225006,10000,0.01,0.545196995077,0.672177986814,0.672133344713,0.00528816080965,0.663084757165,0.681425068593,0.679573089884,0.681259458966
lognormal,qcut,1000000,100,36,0.681426221995,0.699988238773,0.018562016778,0.690707230384,10000,0.01,0.538734563146,0.690625131763,0.690646955138,0.00539982064848,0.681426843057,0.699987827693,0.698183799536,0.69980163551
lognormal,qcut,1000000,100,37,0.699988238773,0.71876852508,0.0187802863072,0.709378381926,10000,0.01,0.532473245425,0.709269934755,0.709153452066,0.00542224600933,0.699988470005,0.718766914604,0.716826673336,0.718576966714
lognormal,qcut,1000000,100,38,0.71876852508,0.738099216404,0.0193306913239,0.728433870742,10000,0.01,0.517312072933,0.728486225198,0.728484388628,0.00556527797718,0.718769470915,0.738093843994,0.736157489714,0.737904001308
lognormal,qcut,1000000,100,39,0.738099216404,0.757470854204,0.0193716378005,0.747785035304,10000,0.01,0.51621861316,0.74768555627,0.747603680074,0.00562841191327,0.738102509171,0.75746918874,0.755498140087,0.757261395893
lognormal,qcut,1000000,100,40,0.757470854204,0.77743241994,0.0199615657357,0.767451637072,10000,0.01,0.500962706653,0.767516464875,0.767648828002,0.00577303198727,0.75747191901,0.777431585316,0.775487355253,0.777270300151
lognormal,qcut,1000000,100,41,0.77743241994,0.797907315886,0.0204748959455,0.787669867913,10000,0.01,0.488402970478,0.787660537129,0.78764732348,0.00587299733986,0.777432976356,0.797903587336,0.795839927371,0.797712205435
lognormal,qcut,1000000,100,42,0.797907315886,0.818379965671,0.0204726497854,0.808143640778,10000,0.01,0.488456555689,0.808091299515,0.808102893004,0.00592338641116,0.797909906912,0.818377143304,0.816359748058,0.818155832643
lognormal,qcut,1000000,100,43,0.818379965671,0.839689537861,0.0213095721902,0.829034751766,10000,0.01,0.469272677591,0.828986529185,0.828905272974,0.00615706531519,0.818382009454,0.839689230789,0.837559637154,0.839501268084
lognormal,qcut,1000000,100,44,0.839689537861,0.861398347133,0.0217088092719,0.850543942497,10000,0.01,0.460642491938,0.850417501718,0.85039740114,0.00627719588992,0.839689769512,0.861396782748,0.859145245974,0.861171566951
lognormal,qcut,1000000,100,45,0.861398347133,0.88316454133,0.0217661941969,0.872281444231,10000,0.01,0.459428042842,0.872245593109,0.872274619171,0.00627844048424,0.861399576292,0.883162296278,0.880889966864,0.882967452354
lognormal,qcut,1000000,100,46,0.88316454133,0.90572143579,0.0225568944603,0.89444298856,10000,0.01,0.443323437878,0.89428057951,0.894212472735,0.00648596824903,0.88316637819,0.905721076465,0.90333506445,0.905508322134
lognormal,qcut,1000000,100,47,0.90572143579,0.928199418149,0.0224779823592,0.91696042697,10000,0.01,0.444879786816,0.916985738895,0.917094821556,0.00649493365752,0.905721741882,0.928196909423,0.925918289818,0.927961631705
lognormal,qcut,1000000,100,48,0.928199418149,0.951641508094,0.0234420899449,0.939920463122,10000,0.01,0.42658312563,0.939840630844,0.939847764815,0.00679308792738,0.928201642869,0.951635706625,0.949365185832,0.951387800372
lognormal,qcut,1000000,100,49,0.951641508094,0.976060462144,0.0244189540497,0.963850985119,10000,0.01,0.409517949854,0.963966809821,0.964059614111,0.00707069530987,0.951646863297,0.976059869528,0.973671190246,0.97585072703
lognormal,qcut,1000000,100,50,0.976060462144,1.00060010133,0.0245396391872,0.988330281738,10000,0.01,0.407503954061,0.988275938683,0.988326797909,0.00706328684463,0.97606103152,1.0005958767,0.997999434332,1.00034780855
lognormal,qcut,1000000,100,51,1.00060010133,1.02619666166,0.0255965603333,1.0133983815,10000,0.01,0.390677492202,1.01329637565,1.01330859789,0.0073924340798,1.00060432597,1.02619660929,1.02357267865,1.02592343831
lognormal,qcut,1000000,100,52,1.02619666166,1.05216849196,0.0259718302923,1.03918257681,10000,0.01,0.385032548244,1.03920608287,1.03921192659,0.00748877040802,1.02619671618,1.05216802372,1.04968942598,1.05194078057
lognormal,qcut,1000000,100,53,1.05216849196,1.07923403685,0.0270655448936,1.0657012644,10000,0.01,0.369473440839,1.0656523498,1.0655634587,0.00783332960718,1.05216899922,1.07923352195,1.07658122136,1.07899904897
lognormal,qcut,1000000,100,54,1.07923403685,1.1065262726,0.0272922357529,1.09288015473,10000,0.01,0.366404573467,1.09277477725,1.09276714738,0.00786056801991,1.07923461748,1.1065235738,1.10366970161,1.10620106611
lognormal,qcut,1000000,100,55,1.1065262726,1.13510684242,0.028580569813,1.12081655751,10000,0.01,0.349888055606,1.12067086944,1.12053424017,0.00821096826349,1.10652944076,1.13510520451,1.13211165552,1.13481395352
lognormal,qcut,1000000,100,56,1.13510684242,1.16410096002,0.0289941176027,1.14960390122,10000,0.01,0.344897545669,1.1493671633,1.14917388723,0.00842612521647,1.1351088443,1.16410049141,1.16118896906,1.16380124133
lognormal,qcut,1000000,100,57,1.16410096002,1.19403759215,0.0299366321356,1.17906927609,10000,0.01,0.33403891108,1.17888399442,1.17882171859,0.00867520365063,1.16410155643,1.1940367046,1.1908575201,1.19369981957
lognormal,qcut,1000000,100,58,1.19403759215,1.2245355499,0.0304979577481,1.20928657103,10000,0.01,0.327890807725,1.2093033788,1.20918456379,0.00892967446111,1.19403876868,1.22453548985,1.22158637563,1.22422725706
lognormal,qcut,1000000,100,59,1.2245355499,1.25637251434,0.03183696444,1.24045403212,10000,0.01,0.314100297434,1.24040380434,1.24037122964,0.00914622597463,1.22453563284,1.25637193528,1.25308796039,1.25603917111
lognormal,qcut,1000000,100,60,1.25637251434,1.2891637055,0.0327911911554,1.27276810992,10000,0.01,0.304959949536,1.27281755011,1.27296964108,0.00947305760014,1.25637334763,1.28916039717,1.28589538581,1.28883350056
lognormal,qcut,1000000,100,61,1.2891637055,1.32306736699,0.0339036614954,1.30611553625,10000,0.01,0.294953393201,1.30603388193,1.30598008903,0.00985528369263,1.28916866799,1.32305802492,1.3197464108,1.32275000902
lognormal,qcut,1000000,100,62,1.32306736699,1.35737896774,0.0343116007498,1.34022316737,10000,0.01,0.291446618096,1.34017605323,1.34027964374,0.0098993321355,1.32308197895,1.35737593766,1.35383981558,1.35696703357
lognormal,qcut,1000000,100,63,1.35737896774,1.39361960768,0.0362406399399,1.37549928771,10000,0.01,0.275933317308,1.37532950427,1.37544361312,0.0105385888059,1.35738391156,1.39361801229,1.38994924551,1.39323110236
lognormal,qcut,1000000,100,64,1.39361960768,1.43138349671,0.0377638890219,1.41250155219,10000,0.01,0.264803235552,1.41230097296,1.41213250518,0.0109673955563,1.39362232417,1.43138157271,1.42741032854,1.43101378945
lognormal,qcut,1000000,100,65,1.43138349671,1.4705440317,0.0391605349997,1.4509637642,10000,0.01,0.255359126225,1.45098177641,1.45104321212,0.0113534565316,1.43138691714,1.47054351749,1.46664837022,1.4701774234
lognormal,qcut,1000000,100,66,1.4705440317,1.51083640584,0.040292374131,1.49069021877,10000,0.01,0.248185921423,1.49066426786,1.49053700573,0.0115308317767,1.47054498668,1.51083611197,1.50671713461,1.51042326752
lognormal,qcut,1000000,100,67,1.51083640584,1.55290090176,0.0420644959274,1.5318686538,10000,0.01,0.237730175521,1.53171404525,1.53187273099,0.012188598376,1.51083697628,1.55289930672,1.54871140871,1.55250330391
lognormal,qcut,1000000,100,68,1.55290090176,1.59629772679,0.0433968250249,1.57459931428,10000,0.01,0.230431604023,1.57443867675,1.57439168808,0.0125104404703,1.55290414018,1.59629711112,1.59179852017,1.5958121694
lognormal,qcut,1000000,100,69,1.59629772679,1.6423639996,0.0460662728127,1.61933086319,10000,0.01,0.21707855638,1.6192744501,1.61915816895,0.0133670350102,1.59629903508,1.64236336874,1.63780663596,1.64187010132
lognormal,qcut,1000000,100,70,1.6423639996,1.69015957935,0.0477955797541,1.66626178948,10000,0.01,0.209224368685,1.66598147664,1.66585812398,0.0138407232974,1.64236540377,1.69015938704,1.68526565038,1.68963876827
lognormal,qcut,1000000,100,71,1.69015957935,1.74017170522,0.050012125866,1.71516564229,10000,0.01,0.199951508296,1.71479747328,1.71455977441,0.0144101225673,1.69016002809,1.74017130339,1.73501401918,1.73950661839
lognormal,qcut,1000000,100,72,1.74017170522,1.79123186334,0.0510601581212,1.76570178428,10000,0.01,0.19584741544,1.76532112451,1.76508942803,0.0148793538473,1.74017268901,1.79123078227,1.78612228581,1.79075433929
lognormal,qcut,1000000,100,73,1.79123186334,1.84564869492,0.0544168315816,1.81844027913,10000,0.01,0.183766671255,1.81826467097,1.81807438865,0.0157218220202,1.79123464324,1.84564857644,1.83999724095,1.84511633436
lognormal,qcut,1000000,100,74,1.84564869492,1.9022378749,0.0565891799728,1.87394328491,10000,0.01,0.176712226698,1.87380653708,1.87386309272,0.0163787351597,1.84564901527,1.90223734201,1.89650474291,1.9015778817
lognormal,qcut,1000000,100,75,1.9022378749,1.96170265159,0.0594647766969,1.93197026324,10000,0.01,0.168166779655,1.93151170671,1.93119091259,0.0173203115837,1.90223939158,1.96170264782,1.95553561064,1.96116957274
lognormal,qcut,1000000,100,76,1.96170265159,2.02608699695,0.0643843453547,1.99389482427,10000,0.01,0.155317258332,1.9937619353,1.9935729572,0.0184342627135,1.96170266291,2.02608654777,2.01934878876,2.02533978493
lognormal,qcut,1000000,100,77,2.02608699695,2.0934144406,0.0673274436539,2.05975071877,10000,0.01,0.148527843288,2.05970780898,2.05978041796,0.0194938195261,2.02608841935,2.09341352238,2.0865600584,2.09277538646
lognormal,qcut,1000000,100,78,2.0934144406,2.16531424533,0.0718998047286,2.12936434297,10000,0.01,0.139082436145,2.12924913842,2.12886093604,0.0207545808149,2.09341751466,2.16530687863,2.15828903306,2.16463917399
lognormal,qcut,1000000,100,79,2.16531424533,2.24054427449,0.0752300291607,2.20292925991,10000,0.01,0.132925643012,2.20241088329,2.20221147869,0.0216483435711,2.16534036365,2.24053976774,2.23246624046,2.23982531305
lognormal,qcut,1000000,100,80,2.24054427449,2.3207784068,0.080234132309,2.28066134065,10000,0.01,0.124635235806,2.27996089275,2.27959157067,0.0231498251677,2.24056122848,2.320776679,2.31219117194,2.31989654116
lognormal,qcut,1000000,100,81,2.3207784068,2.4081698241,0.0873914172998,2.36447411545,10000,0.01,0.1144277128,2.36383539985,2.36335023609,0.0253294182609,2.320785318,2.40816966835,2.39945512536,2.40735036812
lognormal,qcut,1000000,100,82,2.4081698241,2.50053340064,0.0923635765373,2.45435161237,10000,0.01,0.108267786663,2.45377610427,2.45354647853,0.0267939932606,2.4081704881,2.50053242144,2.49120158675,2.49962290079
lognormal,qcut,1000000,100,83,2.50053340064,2.59980499698,0.0992715963413,2.55016919881,10000,0.01,0.100733748308,2.54965637281,2.54924506263,0.0288193427692,2.50053786141,2.59980495825,2.58976162305,2.59894831555
lognormal,qcut,1000000,100,84,2.59980499698,2.70630239483,0.106497397852,2.6530536959,10000,0.01,0.0938990078793,2.65263328295,2.6522060995,0.0309579114439,2.59980518605,2.70630147448,2.69554824615,2.7051762435
lognormal,qcut,1000000,100,85,2.70630239483,2.82219952671,0.115897131877,2.76425096077,10000,0.01,0.0862834121783,2.7639481135,2.76385543128,0.0334305820465,2.70630722667,2.8221992363,2.81053445688,2.82098894288
lognormal,qcut,1000000,100,86,2.82219952671,2.9499050206,0.127705493889,2.88605227365,10000,0.01,0.0783051667979,2.88515700306,2.88478566105,0.0370850659102,2.82220117235,2.94990463604,2.93670389322,2.94846013121
lognormal,qcut,1000000,100,87,2.9499050206,3.08822524458,0.138320223981,3.01906513259,10000,0.01,0.0722960078592,3.0182946966,3.01780233716,0.0398177613818,2.94990738285,3.08822429246,3.07381721971,3.08674271998
lognormal,qcut,1000000,100,88,3.08822524458,3.24351113841,0.155285893837,3.1658681915,10000,0.01,0.0643973496426,3.16507563697,3.16418306494,0.0444680683121,3.08823161643,3.24351051521,3.22664197955,3.24197613915
lognormal,qcut,1000000,100,89,3.24351113841,3.41385833293,0.170347194516,3.32868473567,10000,0.01,0.0587036377582,3.32710967556,3.32623438703,0.0491229561047,3.24351570856,3.41385790212,3.39661508878,3.4121421351
lognormal,qcut,1000000,100,90,3.41385833293,3.60434650286,0.190488169928,3.50910241789,10000,0.01,0.0524966983713,3.50722802986,3.50666009626,0.0550810799951,3.41386181857,3.60434640036,3.5842507024,3.60222473934
lognormal,qcut,1000000,100,91,3.60434650286,3.82345080545,0.219104302594,3.71389865415,10000,0.01,0.0456403634325,3.71126238815,3.71033020415,0.0632195656873,3.60434742534,3.82345008724,3.79988446949,3.82151404331
lognormal,qcut,1000000,100,92,3.82345080545,4.07542316598,0.251972360525,3.94943698571,10000,0.01,0.0396868925591,3.94522440543,3.94330938541,0.0728094524958,3.82345806735,4.07541852579,4.04792755665,4.0726630213
lognormal,qcut,1000000,100,93,4.07542316598,4.37206531058,0.296642144602,4.22374423828,10000,0.01,0.0337106516453,4.21970770534,4.21688466164,0.086119235062,4.07547652812,4.37206258614,4.34049969348,4.36919678058
lognormal,qcut,1000000,100,94,4.37206531058,4.73327126515,0.361205954567,4.55266828786,10000,0.01,0.0276850363998,4.54718290824,4.54259817894,0.103717823906,4.37210150663,4.73327100166,4.69299816392,4.72883020388
lognormal,qcut,1000000,100,95,4.73327126515,5.1747925374,0.441521272251,4.95403190127,10000,0.01,0.0226489653579,4.94739167362,4.94533848383,0.127983894269,4.73327539302,5.17479136612,5.12717710149,5.17006608281
lognormal,qcut,1000000,100,96,5.1747925374,5.7576920517,0.582899514299,5.46624229455,10000,0.01,0.0171556155987,5.45226840122,5.44417714602,0.168515819857,5.17481479164,5.75769155828,5.69313597587,5.75142075656
lognormal,qcut,1000000,100,97,5.7576920517,6.55601146178,0.798319410089,6.15685175674,10000,0.01,0.0125263144972,6.13233411552,6.12116113303,0.230155003329,5.75770389377,6.55601130512,6.46219769212,6.54514009302
lognormal,qcut,1000000,100,98,6.55601146178,7.78409640895,1.22808494716,7.17005393537,10000,0.01,0.00814275919845,7.1157325954,7.08731942433,0.349841599441,6.55601652724,7.78409602092,7.620846051,7.76838776696
lognormal,qcut,1000000,100,99,7.78409640895,10.2727834491,2.48868704018,9.02843992904,10000,0.01,0.00401818301721,8.8419436256,8.7595377272,0.704653296906,7.7841154222,10.2727782388,9.89537496398,10.2247980089
lognormal,qcut,1000000,100,100,10.2727834491,106.431860183,96.1590767334,58.3523218159,10000,0.01,0.000103994342913,15.2708685881,13.1825460794,6.59258513878,10.2732992702,106.431860183,21.8811694432,42.1853204623
lognormal,log_binning,1000000,100,1,0.0073320383007,0.00806943623662,0.000737397935928,0.00770073726866,2,2e-06,0.00271223975896,0.00733843698653,0.00733843698653,9.04910829321e-06,0.0073320383007,0.00734483567237,0.0073435559352,0.00734470769865
lognormal,log_binning,1000000,100,2,0.00806943623662,0.00888099577586,0.000811559539238,0.00847521600624,1,1e-06,0.00123219548493,0.00836609284142,0.00836609284142,,0.00836609284142,0.00836609284142,0.00836609284142,0.00836609284142
lognormal,log_binning,1000000,100,3,0.00888099577586,0.009774175501,0.000893179725136,0.00932758563843,,0,0,,,,,,,
lognormal,log_binning,1000000,100,4,0.009774175501,0.0107571841194,0.000983008618374,0.0102656798102,1,1e-06,0.001017285079,0.00993218791163,0.00993218791163,,0.00993218791163,0.00993218791163,0.00993218791163,0.00993218791163
lognormal,log_binning,1000000,100,5,0.0107571841194,0.0118390559046,0.00108187178527,0.011298120012,2,2e-06,0.00184864789639,0.0109697469205,0.0109697469205,0.000157890061689,0.0108581017872,0.0110813920538,0.0110590630272,0.0110791591512
lognormal,log_binning,1000000,100,6,0.0118390559046,0.0130297337256,0.00119067782101,0.0124343948151,3,3e-06,0.00251957326077,0.0120655146267,0.0120418296414,0.000135951993599,0.0119429613951,0.0122117528434,0.012177768203,0.0122083543794
lognormal,log_binning,1000000,100,7,0.0130297337256,0.0143401604257,0.00131042670004,0.0136849470757,5,5e-06,0.0038155510719,0.0137264268249,0.0136840476695,0.000496462829974,0.0130804492819,0.0143040127901,0.0142299146749,0.0142966029786
lognormal,log_binning,1000000,100,8,0.0143401604257,0.015782379392,0.00144221896628,0.0150612699088,6,6e-06,0.00416025592526,0.0150909986331,0.014994514642,0.000410097044286,0.0145727282647,0.0157466242025,0.0155491943026,0.0157268812125
lognormal,log_binning,1000000,100,9,0.015782379392,0.0173696452395,0.00158726584756,0.0165760123157,13,1.3e-05,0.00819018441052,0.0166342673909,0.0165530748293,0.000489966260629,0.0158509168445,0.0173358618214,0.0172054906294,0.0173206780488
lognormal,log_binning,1000000,100,10,0.0173696452395,0.0191165456269,0.00174690038733,0.0182430954332,7,7e-06,0.00400709739992,0.0180212991839,0.0178713033112,0.000352108045545,0.0175090627179,0.0185252337802,0.0183858427476,0.0185112946769
lognormal,log_binning,1000000,100,11,0.0191165456269,0.0210391353228,0.00192258969596,0.0200778404748,15,1.5e-05,0.00780197669399,0.0200558668588,0.0200453009572,0.000533335264107,0.0193153862431,0.0210100234672,0.0207902290408,0.0209993827538
lognormal,log_binning,1000000,100,12,0.0210391353228,0.0231550837569,0.00211594843405,0.0220971095398,21,2.1e-05,0.00992462749189,0.0220104356378,0.0221191930668,0.000593642055609,0.0212365624408,0.0230384655636,0.0227968791673,0.0229986720922
lognormal,log_binning,1000000,100,13,0.0231550837569,0.0254838374088,0.00232875365189,0.0243194605828,34,3.4e-05,0.0146000844582,0.0243912970415,0.0245167760078,0.000717521421865,0.0231825183429,0.0254425775613,0.0253560837499,0.0254368559713
lognormal,log_binning,1000000,100,14,0.0254838374088,0.0280467985301,0.00256296112132,0.0267653179694,67,6.7e-05,0.0261416372814,0.026810612953,0.0268192190099,0.000786193867586,0.0255038110695,0.028046121472,0.0278607664652,0.0280365105385
lognormal,log_binning,1000000,100,15,0.0280467985301,0.0308675218402,0.00282072331012,0.0294571601851,84,8.4e-05,0.0297795957862,0.0294934663349,0.0296237263102,0.000787865070824,0.0280501864356,0.0307564796557,0.0303702001494,0.0306973699372
lognormal,log_binning,1000000,100,16,0.0308675218402,0.0339719310043,0.00310440916409,0.0324197264222,110,0.00011,0.0354334735486,0.0324582192361,0.032393145581,0.000934519458514,0.0308726003718,0.0339601985928,0.0337491663547,0.0339231310071
lognormal,log_binning,1000000,100,17,0.0339719310043,0.037388556883,0.00341662587874,0.0356802439437,153,0.000153,0.0447810223976,0.0357935728101,0.0358305037216,0.000972418807756,0.0340602954916,0.0373883030953,0.0371002734263,0.0373502870261
lognormal,log_binning,1000000,100,18,0.037388556883,0.0411487997435,0.00376024286047,0.0392686783133,232,0.000232,0.0616981425426,0.0392535305908,0.0391588883306,0.00105634960317,0.0374749938966,0.041118574476,0.0407689480674,0.0410879378272
lognormal,log_binning,1000000,100,19,0.0411487997435,0.0452872178412,0.00413841809772,0.0432180087924,292,0.000292,0.0705583614573,0.0432617569307,0.0433318042994,0.00118206294998,0.041168034194,0.0452871099418,0.0448494400139,0.0451653915752
lognormal,log_binning,1000000,100,20,0.0452872178412,0.0498418450254,0.00455462718421,0.0475645314333,370,0.00037,0.0812360671984,0.0476242138219,0.0476613377071,0.0013257959824,0.0453042271522,0.0498382830053,0.0494120679048,0.0498015484654
lognormal,log_binning,1000000,100,21,0.0498418450254,0.0548545402866,0.00501269526116,0.052348192656,508,0.000508,0.101342685628,0.0525164012103,0.0525738921703,0.00146771034655,0.0498470561445,0.0548524556715,0.054441105977,0.0548011953031
lognormal,log_binning,1000000,100,22,0.0548545402866,0.0603713724586,0.005516832172,0.0576129563726,604,0.000604,0.109483120234,0.0576265313467,0.057568110671,0.00155914339831,0.0548690256681,0.0603675059211,0.0598673793294,0.060326755885
lognormal,log_binning,1000000,100,23,0.0603713724586,0.0664430436112,0.0060716711526,0.0634072080349,860,0.00086,0.141641399606,0.0635452458581,0.0635960324984,0.0017613768868,0.0603827416848,0.0664390250174,0.0659781628961,0.0663906052962
lognormal,log_binning,1000000,100,24,0.0664430436112,0.073125355024,0.00668231141277,0.0697841993176,1021,0.001021,0.152791442501,0.069862867508,0.0699292051902,0.00195735016287,0.066443274649,0.073124655283,0.0725475364844,0.0730805192368
lognormal,log_binning,1000000,100,25,0.073125355024,0.0804797200241,0.00735436500018,0.0768025375241,1386,0.001386,0.188459506696,0.0769153971894,0.0769043000005,0.00210896852797,0.0731271510295,0.0804657249364,0.079825090499,0.080368933902
lognormal,log_binning,1000000,100,26,0.0804797200241,0.0885737284016,0.00809400837748,0.0845267242129,1843,0.001843,0.227699294842,0.0846854555931,0.0847530515278,0.00229875942052,0.0804833598336,0.0885613635108,0.0877751325006,0.0884830311081
lognormal,log_binning,1000000,100,27,0.0885737284016,0.0974817675883,0.00890803918667,0.093027747995,2320,0.00232,0.260438908202,0.0930882642279,0.0931342066588,0.00256081742559,0.08857685279,0.0974804859845,0.0965651711595,0.0973871970633
lognormal,log_binning,1000000,100,28,0.0974817675883,0.107285706311,0.00980393872238,0.102383736949,2810,0.00281,0.286619498507,0.102427900391,0.102430015176,0.00279910000475,0.0974855080073,0.107282051621,0.106303771955,0.107183758745
lognormal,log_binning,1000000,100,29,0.107285706311,0.118075646999,0.0107899406882,0.112680676655,3467,0.003467,0.321317799624,0.112734906876,0.112700274655,0.00310367584043,0.107292229717,0.118070447906,0.11701207683,0.117943106718
lognormal,log_binning,1000000,100,30,0.118075646999,0.129950753867,0.0118751068679,0.124013200433,4331,0.004331,0.364712507279,0.124080246392,0.124133554576,0.00341676402762,0.118077917543,0.129939229254,0.12878356772,0.129848214169
lognormal,log_binning,1000000,100,31,0.129950753867,0.143020164274,0.0130694104073,0.13648545907,5191,0.005191,0.397187006777,0.136590529656,0.136603649051,0.00373036524536,0.129956990177,0.143017766655,0.141752974964,0.142879138438
lognormal,log_binning,1000000,100,32,0.143020164274,0.157403991746,0.0143838274715,0.15021207801,6384,0.006384,0.443831797388,0.150372072768,0.15048345098,0.00417061770783,0.14302741315,0.157391915837,0.156028029745,0.157296189591
lognormal,log_binning,1000000,100,33,0.157403991746,0.173234429867,0.015830438121,0.165319210806,7641,0.007641,0.48267773397,0.165400851698,0.16543076972,0.00454460997258,0.157405064681,0.173233931859,0.171658407914,0.17307556361
lognormal,log_binning,1000000,100,34,0.173234429867,0.190656967199,0.0174225373322,0.181945698533,8926,0.008926,0.512324917421,0.181851166719,0.181713056645,0.00504250911586,0.173238560514,0.190655703564,0.188969374081,0.190466091988
lognormal,log_binning,1000000,100,35,0.190656967199,0.209831724383,0.0191747571844,0.200244345791,10492,0.010492,0.547177724291,0.20023793996,0.20017302713,0.0055426946393,0.190659460404,0.209830442827,0.207955167528,0.209638761727
lognormal,log_binning,1000000,100,36,0.209831724383,0.230934925718,0.0211032013346,0.22038332505,12094,0.012094,0.573088405321,0.220465561968,0.220432179356,0.00606757667791,0.20983193248,0.230930853328,0.22886283973,0.230723905508
lognormal,log_binning,1000000,100,37,0.230934925718,0.254160518735,0.0232255930171,0.242547722226,13929,0.013929,0.599726344543,0.242670842171,0.242732750159,0.0067366501029,0.230935871931,0.254160239279,0.251952064826,0.253974405823
lognormal,log_binning,1000000,100,38,0.254160518735,0.279721956663,0.0255614379281,0.266941237699,15749,0.015749,0.616123398235,0.267006993642,0.267063100317,0.00737638214817,0.254162619406,0.279716875166,0.277157065771,0.27944501516
lognormal,log_binning,1000000,100,39,0.279721956663,0.307854160154,0.0281322034907,0.293788058408,17916,0.017916,0.636850220635,0.293838043747,0.293952799797,0.00818725854654,0.279723186702,0.30785387244,0.30515844429,0.307599802049
lognormal,log_binning,1000000,100,40,0.307854160154,0.338815676304,0.0309615161506,0.323334918229,20090,0.02009,0.648870032794,0.323353910762,0.323359722811,0.00893276068966,0.307854547605,0.338814009621,0.335691207888,0.338501185254
lognormal,log_binning,1000000,100,41,0.338815676304,0.372891054817,0.0340753785128,0.355853365561,22379,0.022379,0.656749858012,0.355877824391,0.355787183617,0.00985631411645,0.338817188318,0.372889510154,0.369513126153,0.372519635894
lognormal,log_binning,1000000,100,42,0.372891054817,0.410393463134,0.0375024083169,0.391642258975,24586,0.024586,0.655584563856,0.39161794105,0.391667955864,0.0108506058846,0.372893086202,0.410392779726,0.4066070256,0.410006354182
lognormal,log_binning,1000000,100,43,0.410393463134,0.451667564581,0.0412741014466,0.431030513857,26656,0.026656,0.645828717422,0.431040634525,0.431033433839,0.0119355849912,0.410396271199,0.451666857897,0.447572030052,0.45124527661
lognormal,log_binning,1000000,100,44,0.451667564581,0.497092685971,0.0454251213903,0.474380125276,28945,0.028945,0.637202479908,0.474240026077,0.474298225047,0.0131394709975,0.451671324306,0.497092556726,0.492459883265,0.496639841413
lognormal,log_binning,1000000,100,45,0.497092685971,0.547086303784,0.0499936178136,0.522089494878,30803,0.030803,0.616138646234,0.521939674331,0.52176484868,0.0144220383758,0.497095209348,0.547084964649,0.542088212197,0.546573457892
lognormal,log_binning,1000000,100,46,0.547086303784,0.602107880956,0.0550215771713,0.57459709237,32880,0.03288,0.597583742422,0.574332739647,0.574234027031,0.0158545409223,0.547086738704,0.602107725707,0.59642508924,0.601580270742
lognormal,log_binning,1000000,100,47,0.602107880956,0.662663089537,0.060555208581,0.632385485246,34555,0.034555,0.570636297186,0.632271842601,0.632057772683,0.0174651819854,0.602112219138,0.662662621911,0.656563283783,0.662037587962
lognormal,log_binning,1000000,100,48,0.662663089537,0.729308458041,0.0666453685046,0.695985773789,35623,0.035623,0.53451576305,0.695587504511,0.695457436405,0.0191976319501,0.662663706954,0.729308141225,0.722456141333,0.728595022899
lognormal,log_binning,1000000,100,49,0.729308458041,0.802656486183,0.0733480281415,0.765982472112,36985,0.036985,0.504239867616,0.765520043618,0.765376717749,0.0212457514175,0.729310504279,0.802651071349,0.79519126138,0.801925575049
lognormal,log_binning,1000000,100,50,0.802656486183,0.883381274011,0.080724787828,0.843018880097,37719,0.037719,0.46725424761,0.842577431242,0.84226353624,0.0233557963514,0.802657449572,0.883381051154,0.875141957642,0.882582710998
lognormal,log_binning,1000000,100,51,0.883381274011,0.972224717181,0.0888434431706,0.927802995596,38254,0.038254,0.430577638988,0.926961266526,0.926529663392,0.0255536685388,0.883382544376,0.972220880372,0.962902179887,0.97126970059
lognormal,log_binning,1000000,100,52,0.972224717181,1.0700033253,0.0977786081177,1.02111402124,38227,0.038227,0.390954634515,1.02008276098,1.01951396248,0.0282516208155,0.972225557291,1.07000307722,1.05965031077,1.06885886304
lognormal,log_binning,1000000,100,53,1.0700033253,1.17761572599,0.107612400693,1.12380952565,38035,0.038035,0.353444396325,1.12285282896,1.12220068701,0.0310979382998,1.07000722835,1.17761085001,1.16642806188,1.17649208454
lognormal,log_binning,1000000,100,54,1.17761572599,1.29605092369,0.118435197697,1.23683332484,37468,0.037468,0.316358656284,1.23585102821,1.23515672847,0.0341758072091,1.17761914259,1.2960504447,1.28380424776,1.29484117358
lognormal,log_binning,1000000,100,55,1.29605092369,1.42639738899,0.130346465306,1.36122415634,36620,0.03662,0.280943560027,1.35975665394,1.35886716726,0.0374666862161,1.29606167762,1.42639589645,1.41234476504,1.4250908435
lognormal,log_binning,1000000,100,56,1.42639738899,1.56985306221,0.143455673214,1.4981252256,35211,0.035211,0.245448640762,1.49667046788,1.49581087488,0.0412855397373,1.42639852087,1.56985275868,1.55459850796,1.56820640994
lognormal,log_binning,1000000,100,57,1.56985306221,1.72773636291,0.157883300701,1.64879471256,33646,0.033646,0.21310676842,1.64672051288,1.64572366848,0.0455998910174,1.56985388987,1.72771660363,1.71073637067,1.72595842096
lognormal,log_binning,1000000,100,58,1.72773636291,1.9014983068,0.173761943894,1.81461733486,32319,0.032319,0.185995847397,1.81244452916,1.81132372242,0.0502866370951,1.72774269529,1.90149148958,1.88333090393,1.89971379919
lognormal,log_binning,1000000,100,59,1.9014983068,2.09273584119,0.19123753438,1.99711707399,30007,0.030007,0.156909573726,1.99432213993,1.99302882053,0.0554742356708,1.90150696813,2.09273566179,2.07262471788,2.09071946835
lognormal,log_binning,1000000,100,60,2.09273584119,2.30320652157,0.210470680382,2.19797118138,27993,0.027993,0.133001898171,2.19533515271,2.1940461548,0.0605190756961,2.09275270023,2.3031932529,2.2804295594,2.30077691464
lognormal,log_binning,1000000,100,61,2.30320652157,2.53484466438,0.231638142815,2.41902559297,25674,0.025674,0.110836668297,2.41594797343,2.41429958233,0.0669750503217,2.30321035365,2.53484021698,2.50970778362,2.53258955786
lognormal,log_binning,1000000,100,62,2.53484466438,2.78977912418,0.254934459799,2.66231189428,23660,0.02366,0.0928081673175,2.65852616595,2.65655913894,0.0733798340125,2.53485184221,2.78977689082,2.76221270444,2.78690003367
lognormal,log_binning,1000000,100,63,2.78977912418,3.07035285873,0.280573734547,2.93006599145,21546,0.021546,0.076792647875,2.92566292703,2.92373003264,0.0814053441735,2.78979107379,3.07034588384,3.0405130542,3.06754432239
lognormal,log_binning,1000000,100,64,3.07035285873,3.37914446179,0.308791603063,3.22474866026,19271,0.019271,0.0624077850849,3.22015493649,3.21714728434,0.0887392934654,3.07036873479,3.37913394731,3.34434054571,3.37557857291
lognormal,log_binning,1000000,100,65,3.37914446179,3.71899186154,0.339847399745,3.54906816166,17369,0.017369,0.0511082327333,3.54266720914,3.53929504353,0.0978945253521,3.37917191086,3.71898492898,3.68123518819,3.71569742756
lognormal,log_binning,1000000,100,66,3.71899186154,4.09301840231,0.374026540773,3.90600513192,15213,0.015213,0.0406735842022,3.89824505101,3.89437954896,0.107469662022,3.71901466483,4.09300490173,4.05035643911,4.08853262016
lognormal,log_binning,1000000,100,67,4.09301840231,4.50466154952,0.411643147212,4.29883997591,13231,0.013231,0.0321419173126,4.28964609063,4.28622714732,0.118908322391,4.09304535455,4.50458711465,4.45872147529,4.50014700286
lognormal,log_binning,1000000,100,68,4.50466154952,4.95770448144,0.453042931916,4.73118301548,11422,0.011422,0.0252117386573,4.72055701418,4.71635778663,0.130763095942,4.50466887738,4.95766258956,4.90745695546,4.9530226623
lognormal,log_binning,1000000,100,69,4.95770448144,5.45631085822,0.498606376784,5.20700766983,9932,0.009932,0.0199195206128,5.19447002123,5.18780050741,0.143713908779,4.95771446321,5.45621328283,5.40108791251,5.45012987134
lognormal,log_binning,1000000,100,70,5.45631085822,6.00506308777,0.548752229547,5.73068697299,8295,0.008295,0.0151161117046,5.72025594736,5.71770523283,0.157806045531,5.45635542963,6.0050561037,5.9453838085,5.99810024392
lognormal,log_binning,1000000,100,71,6.00506308777,6.60900444001,0.603941352245,6.30703376389,7053,0.007053,0.011678286267,6.29396046577,6.28898092733,0.174610484589,6.00515460924,6.60881971398,6.54070469354,6.60322972085
lognormal,log_binning,1000000,100,72,6.60900444001,7.27368539676,0.664680956746,6.94134491839,5929,0.005929,0.00892006900428,6.92780826081,6.92210386006,0.190504082397,6.60907331272,7.2736810127,7.19714563005,7.26509802071
lognormal,log_binning,1000000,100,73,7.27368539676,8.005214663,0.731529266241,7.63945002988,4875,0.004875,0.00666412162162,7.6217200529,7.6082678794,0.210960332088,7.27371918208,8.00518828152,7.92052846914,7.99655005201
lognormal,log_binning,1000000,100,74,8.005214663,8.81031530856,0.805100645559,8.40776498578,3843,0.003843,0.00477331625704,8.39020573775,8.37752846886,0.229482324157,8.00550589179,8.81027350872,8.71740381745,8.80003983718
lognormal,log_binning,1000000,100,75,8.81031530856,9.696386556,0.886071247444,9.25335093228,3228,0.003228,0.0036430479031,9.23071588632,9.22338689935,0.251987096279,8.8103311406,9.69633934913,9.58747045066,9.68494596004
lognormal,log_binning,1000000,100,76,9.696386556,10.6715717827,0.975185226688,10.1839791693,2565,0.002565,0.00263026954244,10.1649454108,10.1464807618,0.28054598066,9.69674860019,10.6712466677,10.5615664906,10.6595229931
lognormal,log_binning,1000000,100,77,10.6715717827,11.7448333619,1.07326157924,11.2082025723,2073,0.002073,0.00193149558327,11.1677350575,11.1536999943,0.306511087872,10.6717356616,11.7446620293,11.6032010328,11.7301448686
lognormal,log_binning,1000000,100,78,11.7448333619,12.9260350311,1.18120166913,12.3354341965,1609,0.001609,0.00136217213542,12.3082767432,12.2951978596,0.341562151382,11.7469964987,12.9259723778,12.7961517311,12.9135795013
lognormal,log_binning,1000000,100,79,12.9260350311,14.2260325434,1.29999751239,13.5760337873,1329,0.001329,0.00102230964855,13.5252328751,13.4847518635,0.380148133718,12.926137758,14.2253538289,14.0746615837,14.2093516931
lognormal,log_binning,1000000,100,80,14.2260325434,15.6567734376,1.43074089411,14.9414029905,1023,0.001023,0.000715014160993,14.8925399553,14.8611558414,0.404967928839,14.2261109019,15.6557170137,15.4781583475,15.6377874997
lognormal,log_binning,1000000,100,81,15.6567734376,17.23140684,1.57463340243,16.4440901388,712,0.000712,0.000452168739024,16.4145488338,16.3651300542,0.457138770851,15.6569370518,17.2313976019,17.0661805046,17.2037519755
lognormal,log_binning,1000000,100,82,17.23140684,18.9644043116,1.73299747162,18.0979055758,599,0.000599,0.000345643897241,18.0362024936,17.9784454332,0.500624120871,17.2325797348,18.9623408409,18.7881324326,18.9450182469
lognormal,log_binning,1000000,100,83,18.9644043116,20.8716928475,1.90728853587,19.9180485795,461,0.000461,0.000241704383647,19.8801808134,19.8652412415,0.546865568257,18.9649937428,20.8707828524,20.6566230194,20.8595562777
lognormal,log_binning,1000000,100,84,20.8716928475,22.9708012528,2.09910840531,21.9212470501,362,0.000362,0.000172454171059,21.8454832117,21.7737261942,0.609387419446,20.8717535306,22.9375913737,22.7059168264,22.9197922277
lognormal,log_binning,1000000,100,85,22.9708012528,25.2810212401,2.31021998737,24.1259112465,248,0.000248,0.000107349084224,24.0805401748,24.0911094186,0.641003827619,22.973332918,25.2628579293,25.0032036084,25.2123702
lognormal,log_binning,1000000,100,86,25.2810212401,27.8235847288,2.54256348864,26.5523029845,165,0.000165,6.48951346692e-05,26.4440328175,26.3643169647,0.719346644712,25.2870668519,27.7744754939,27.4565863234,27.7325342485
lognormal,log_binning,1000000,100,87,27.8235847288,30.621858975,2.79827424622,29.2227218519,122,0.000122,4.35982999754e-05,29.1236847223,29.0998105267,0.810064767849,27.9171743377,30.6055117828,30.1464816343,30.5078416445
lognormal,log_binning,1000000,100,88,30.621858975,33.7015613274,3.07970235239,32.1617101512,81,8.1e-05,2.63012430202e-05,32.226179518,32.2863796042,0.810807407834,30.6239701859,33.5930212764,33.2251259088,33.5923196201
lognormal,log_binning,1000000,100,89,33.7015613274,37.0909955803,3.38943425295,35.3962784539,57,5.7e-05,1.68169658256e-05,35.4421417758,35.4101301867,1.00106698768,33.7508633591,37.0520903842,36.8747960378,37.0401841083
lognormal,log_binning,1000000,100,90,37.0909955803,40.8213120982,3.73031651783,38.9561538393,46,4.6e-05,1.23313932692e-05,38.7973901702,38.6110070082,1.13412523914,37.1309448936,40.8140527012,40.4855982625,40.7992808052
lognormal,log_binning,1000000,100,91,40.8213120982,44.9267941004,4.10548200221,42.8740530993,33,3.3e-05,8.03803304513e-06,42.6303479181,42.2046952407,1.24628443692,40.8280619912,44.797360369,44.4189731621,44.7795399278
lognormal,log_binning,1000000,100,92,44.9267941004,49.4451727393,4.5183786389,47.1859834198,23,2.3e-05,5.09032151533e-06,47.1186742692,47.4479717992,1.39793498462,44.9923523911,49.0790065462,48.7944248091,49.0720713093
lognormal,log_binning,1000000,100,93,49.4451727393,54.4179738656,4.97280112627,51.9315733024,13,1.3e-05,2.61422077214e-06,51.8374252207,52.0962520362,1.3651037224,50.1207492301,54.0597318628,53.800815181,54.0593843459
lognormal,log_binning,1000000,100,94,54.4179738656,59.8908996687,5.47292580319,57.1544367671,20,2e-05,3.65435248334e-06,56.6545106148,56.2746768416,1.62201466063,54.6093162409,59.7696386059,58.7143105726,59.7420896057
lognormal,log_binning,1000000,100,95,59.8908996687,65.9142487001,6.02334903139,62.9025741844,12,1.2e-05,1.99224715976e-06,62.739019857,62.0890398547,1.82948801009,60.5901739762,65.881365807,65.2492592175,65.8186994346
lognormal,log_binning,1000000,100,96,65.9142487001,72.5433781381,6.629129438,69.2288134191,4,4e-06,6.0339748038e-07,68.4217024378,68.5823054919,1.98056087764,65.9876737232,70.5345250444,70.1932958886,70.5004021288
lognormal,log_binning,1000000,100,97,72.5433781381,79.8392125447,7.29583440654,76.1912953414,5,5e-06,6.85322571949e-07,75.6643804435,75.3075338294,2.35235458966,73.2278086008,79.2759275361,78.1317628768,79.1615110702
lognormal,log_binning,1000000,100,98,79.8392125447,87.8688037882,8.02959124353,83.8540081664,3,3e-06,3.73618022264e-07,83.9936413424,83.1573658315,3.23516757258,81.2587184141,87.5648397815,86.6833449915,87.4766903025
lognormal,log_binning,1000000,100,99,87.8688037882,96.7059472793,8.83714349115,92.2873755338,2,2e-06,2.26317474872e-07,90.8932523571,90.8932523571,3.88314910003,88.1474512961,93.6390534181,93.0898932059,93.5841373969
lognormal,log_binning,1000000,100,100,96.7059472793,106.431860183,9.72591290323,101.568903731,1,1e-06,1.02818111775e-07,106.431860183,106.431860183,,106.431860183,106.431860183,106.431860183,106.431860183
pareto,cut,1000000,25,1,-21.0874455017,884.497823882,905.585269383,431.70518919,999967,0.999967,0.00110422180418,2.92074980448,1.5870843525,9.49084920229,1.000000093,873.512460046,4.65188190786,21.5291356478
pareto,cut,1000000,25,2,884.497823882,1767.99564767,883.497823789,1326.24673578,21,2.1e-05,2.37691587173e-08,1262.91569341,1226.74292291,242.866448674,911.506561649,1714.5835148,1574.51381225,1708.8099918
pareto,cut,1000000,25,3,1767.99564767,2651.49347146,883.497823789,2209.74455956,7,7e-06,7.92305290576e-09,1939.4303232,1962.90905305,127.768587719,1769.18049877,2083.96919618,2074.38991253,2083.01126781
pareto,cut,1000000,25,4,2651.49347146,3534.99129525,883.497823789,3093.24238335,1,1e-06,1.13186470082e-09,2714.9557207,2714.9557207,,2714.9557207,2714.9557207,2714.9557207,2714.9557207
pareto,cut,1000000,25,5,3534.99129525,4418.48911904,883.497823789,3976.74020714,1,1e-06,1.13186470082e-09,4036.99983668,4036.99983668,,4036.99983668,4036.99983668,4036.99983668,4036.99983668
pareto,cut,1000000,25,6,4418.48911904,5301.98694282,883.497823789,4860.23803093,1,1e-06,1.13186470082e-09,5091.09850891,5091.09850891,,5091.09850891,5091.09850891,5091.09850891,5091.09850891
pareto,cut,1000000,25,7,5301.98694282,6185.48476661,883.497823789,5743.73585472,,0,0,,,,,,,
pareto,cut,1000000,25,8,6185.48476661,7068.9825904,883.497823789,6627.23367851,,0,0,,,,,,,
pareto,cut,1000000,25,9,7068.9825904,7952.48041419,883.497823789,7510.7315023,,0,0,,,,,,,
pareto,cut,1000000,25,10,7952.48041419,8835.97823798,883.497823789,8394.22932609,,0,0,,,,,,,
pareto,cut,1000000,25,11,8835.97823798,9719.47606177,883.497823789,9277.72714987,,0,0,,,,,,,
pareto,cut,1000000,25,12,9719.47606177,10602.9738856,883.497823789,10161.2249737,,0,0,,,,,,,
pareto,cut,1000000,25,13,10602.9738856,11486.4717093,883.497823789,11044.7227975,,0,0,,,,,,,
pareto,cut,1000000,25,14,11486.4717093,12369.9695331,883.497823789,11928.2206212,,0,0,,,,,,,
pareto,cut,1000000,25,15,12369.9695331,13253.4673569,883.497823789,12811.718445,1,1e-06,1.13186470082e-09,13086.0765405,13086.0765405,,13086.0765405,13086.0765405,13086.0765405,13086.0765405
pareto,cut,1000000,25,16,13253.4673569,14136.9651807,883.497823789,13695.2162688,,0,0,,,,,,,
pareto,cut,1000000,25,17,14136.9651807,15020.4630045,883.497823789,14578.7140926,,0,0,,,,,,,
pareto,cut,1000000,25,18,15020.4630045,15903.9608283,883.497823789,15462.2119164,,0,0,,,,,,,
pareto,cut,1000000,25,19,15903.9608283,16787.4586521,883.497823789,16345.7097402,,0,0,,,,,,,
pareto,cut,1000000,25,20,16787.4586521,17670.9564759,883.497823789,17229.207564,,0,0,,,,,,,
pareto,cut,1000000,25,21,17670.9564759,18554.4542997,883.497823789,18112.7053878,,0,0,,,,,,,
pareto,cut,1000000,25,22,18554.4542997,19437.9521234,883.497823789,18996.2032115,,0,0,,,,,,,
pareto,cut,1000000,25,23,19437.9521234,20321.4499472,883.497823789,19879.7010353,,0,0,,,,,,,
pareto,cut,1000000,25,24,20321.4499472,21204.947771,883.497823789,20763.1988591,,0,0,,,,,,,
pareto,cut,1000000,25,25,21204.947771,22088.4455948,883.497823789,21646.6966829,1,1e-06,1.13186470082e-09,22088.4455948,22088.4455948,,22088.4455948,22088.4455948,22088.4455948,22088.4455948
pareto,qcut,1000000,25,1,1.000000093,1.02775063201,0.027750539009,1.0138753625,40000,0.04,1.44141344379,1.01373171399,1.01366627885,0.00798786038407,1.000000093,1.02775056135,1.02483258099,1.02743796487
pareto,qcut,1000000,25,2,1.02775063201,1.05751342394,0.029762791937,1.04263202798,40000,0.04,1.34395993779,1.04243593317,1.04225124256,0.00858552594316,1.02775063495,1.05751317566,1.05444379826,1.05721569548
pareto,qcut,1000000,25,3,1.05751342394,1.08915834192,0.0316449179801,1.07333588293,40000,0.04,1.26402602861,1.07318406676,1.0731868715,0.0091118053973,1.05751344553,1.08915738578,1.08584065613,1.08881705352
pareto,qcut,1000000,25,4,1.08915834192,1.12324178792,0.0340834459979,1.10620006492,40000,0.04,1.17359025265,1.10605204813,1.10604291213,0.00982834099374,1.08915847231,1.12323979974,1.11973237561,1.12289918116
pareto,qcut,1000000,25,5,1.12324178792,1.1600357438,0.0367939558778,1.14163876586,40000,0.04,1.08713507547,1.14140070433,1.14127631706,0.0106341396584,1.12324216662,1.16003526599,1.15619181075,1.15966078953
pareto,qcut,1000000,25,6,1.1600357438,1.20084894962,0.0408132058252,1.18044234671,40000,0.04,0.980074933865,1.18018082469,1.18005405639,0.0117864956438,1.16003586325,1.20084830693,1.19659934731,1.20040016169
pareto,qcut,1000000,25,7,1.20084894962,1.24527448886,0.0444255392334,1.22306171924,40000,0.04,0.900382993436,1.22273964934,1.22263744228,0.0127849449266,1.20084915258,1.24527257485,1.24059157626,1.24483312696
pareto,qcut,1000000,25,8,1.24527448886,1.2934510485,0.0481765596393,1.26936276868,40000,0.04,0.830279295564,1.26895699911,1.26870511174,0.0138853423877,1.24527523319,1.29344940059,1.28840292288,1.29291929983
pareto,qcut,1000000,25,9,1.2934510485,1.34658905164,0.0531380031417,1.32002005007,40000,0.04,0.752756927905,1.31956691734,1.31938517591,0.0153727172203,1.29345182398,1.3465887548,1.34103256643,1.34600098441
pareto,qcut,1000000,25,10,1.34658905164,1.40603082925,0.0594417776122,1.37630994045,40000,0.04,0.672927385533,1.37573758673,1.37546043682,0.0171663811915,1.34658921861,1.4060308097,1.39985456964,1.40542547835
pareto,qcut,1000000,25,11,1.40603082925,1.47191630676,0.065885477513,1.43897356801,40000,0.04,0.607114063825,1.43832809503,1.43793988507,0.0190195586333,1.40603084228,1.47191624692,1.46508234255,1.4711878742
pareto,qcut,1000000,25,12,1.47191630676,1.54654715857,0.0746308518022,1.50923173267,40000,0.04,0.535971371545,1.50846873327,1.50816956106,0.0215089444047,1.47191635378,1.54654636557,1.53865321428,1.54574032208
pareto,qcut,1000000,25,13,1.54654715857,1.63100442323,0.0844572646664,1.5887757909,40000,0.04,0.473612307455,1.58769979557,1.58712264832,0.0243438584723,1.54654789057,1.63100391272,1.62190193605,1.63015461651
pareto,qcut,1000000,25,14,1.63100442323,1.72867999687,0.0976755736341,1.67984221005,40000,0.04,0.409518966839,1.67868032638,1.67817879835,0.0281217644226,1.63100497629,1.72867974173,1.71800501223,1.72761970513
pareto,qcut,1000000,25,15,1.72867999687,1.84315381286,0.114473815989,1.78591690486,40000,0.04,0.34942488511,1.78423436274,1.78352145674,0.0329801648346,1.72868032159,1.84315336706,1.83061800231,1.84198468308
pareto,qcut,1000000,25,16,1.84315381286,1.97659154818,0.133437735322,1.90987268052,40000,0.04,0.299765279314,1.90820048311,1.90736704776,0.0385153764181,1.84315448155,1.97659059275,1.96224624929,1.97518738698
pareto,qcut,1000000,25,17,1.97659154818,2.13899023203,0.162398683854,2.0577908901,40000,0.04,0.24630741488,2.05497311185,2.0536576722,0.0467788604636,1.97659324672,2.13898990371,2.12108786465,2.13715191072
pareto,qcut,1000000,25,18,2.13899023203,2.33849834447,0.199508112436,2.23874428825,40000,0.04,0.200493100313,2.23548606778,2.23359960263,0.0576770590193,2.13899092971,2.33849805585,2.31701963171,2.33630771993
pareto,qcut,1000000,25,19,2.33849834447,2.59163585904,0.253137514567,2.46506710175,40000,0.04,0.158016878961,2.45975693333,2.45657727849,0.0732336865306,2.33849908664,2.59163230036,2.56356822639,2.58876426295
pareto,qcut,1000000,25,20,2.59163585904,2.92894791767,0.337312058638,2.76029188835,40000,0.04,0.118584553904,2.75231807003,2.74856768057,0.0968426846864,2.59164712818,2.92894648518,2.89055447208,2.92491521817
pareto,qcut,1000000,25,21,2.92894791767,3.39747481876,0.468526901085,3.16321136822,40000,0.04,0.0853739665905,3.14888395413,3.14193672132,0.134685725893,2.92895364764,3.39746931553,3.34246607925,3.39209563633
pareto,qcut,1000000,25,22,3.39747481876,4.11835012955,0.720875310792,3.75791247415,40000,0.04,0.0554880981512,3.7293054685,3.71467535652,0.207902707549,3.3975037107,4.11834484254,4.03092279582,4.10863911988
pareto,qcut,1000000,25,23,4.11835012955,5.40369746504,1.28534733549,4.7610237973,40000,0.04,0.0311199929354,4.68968855405,4.65251719454,0.368730548111,4.11838890097,5.40369246712,5.23150549922,5.38562959872
pareto,qcut,1000000,25,24,5.40369746504,8.56616886265,3.16247139761,6.98493316384,40000,0.04,0.0126483357384,6.67827425946,6.53765944072,0.88847103474,5.40375494112,8.56616352166,8.02720994481,8.51134796684
pareto,qcut,1000000,25,25,8.56616886265,22088.4455948,22079.8794259,11048.5058818,40000,0.04,1.81160409567e-06,25.7959212854,13.6312006454,144.572905484,8.56629704631,22088.4455948,39.3132600348,204.323568576
pareto,log_binning,1000000,25,1,1.000000093,1.49199251701,0.49199242401,1.245996305,451174,0.451174,0.917034446024,1.20541201732,1.18575986676,0.139403657777,1.000000093,1.49199249566,1.41549736441,1.48368044967
pareto,log_binning,1000000,25,2,1.49199251701,2.22604146379,0.734048946783,1.8590169904,247292,0.247292,0.336887616397,1.79797172634,1.76878769137,0.20808200155,1.49199331103,2.2260368712,2.11109026878,2.21430531591
pareto,log_binning,1000000,25,3,2.22604146379,3.32123689766,1.09519543387,2.77363918072,136023,0.136023,0.124199750833,2.68376776856,2.64066274923,0.311009475595,2.22605244232,3.32123097672,3.15244719961,3.30377274805
pareto,log_binning,1000000,25,4,3.32123689766,4.95526013769,1.63402324003,4.13824851767,74427,0.074427,0.0455483117845,4.00306607235,3.93823688025,0.463074520719,3.32126635985,4.95521905942,4.6989038239,4.92805249012
pareto,log_binning,1000000,25,5,4.95526013769,7.3932103577,2.43795022002,6.17423524769,41237,0.041237,0.016914619364,5.97268677844,5.87162217273,0.689103354148,4.95542765616,7.39313975029,7.0095077642,7.34922125337
pareto,log_binning,1000000,25,6,7.3932103577,11.0306135045,3.63740314683,9.21191193112,22422,0.022422,0.00616428784352,8.91288500929,8.76402795906,1.03837693065,7.39323725827,11.0305909348,10.4859171731,10.9674572698
pareto,log_binning,1000000,25,7,11.0306135045,16.4575912763,5.42697777172,13.7441023904,12450,0.01245,0.00229409452622,13.3147054771,13.1178807446,1.53958176615,11.0309187493,16.4572769281,15.6298109401,16.3657959707
pareto,log_binning,1000000,25,8,16.4575912763,24.5546007486,8.09700947237,20.5060960124,6771,0.006771,0.000836234664552,19.8402501782,19.5057119582,2.29273330191,16.4579795737,24.5542136047,23.2790311243,24.4155777677
pareto,log_binning,1000000,25,9,24.5546007486,36.6352771681,12.0806764194,30.5949389583,3754,0.003754,0.000310744189287,29.5759415695,29.1149389896,3.40152075343,24.5560412576,36.631249289,34.7701952927,36.4279249167
pareto,log_binning,1000000,25,10,36.6352771681,54.65955431,18.024277142,45.6474157391,1987,0.001987,0.000110240204606,44.1538412821,43.3196834928,5.14613430528,36.6374471205,54.6503842127,51.9382117591,54.3795038469
pareto,log_binning,1000000,25,11,54.65955431,81.5516384294,26.8920841194,68.1055963697,1092,0.001092,4.06067449124e-05,65.9944564572,65.1240376311,7.62873075971,54.6745913587,81.53851505,77.5390512869,81.0453708614
pareto,log_binning,1000000,25,12,81.5516384294,121.674422971,40.1227845416,101.6130307,584,0.000584,1.45553207902e-05,98.6595881772,96.9092363703,11.543066161,81.5527963348,121.587830162,115.943289565,121.287089447
pareto,log_binning,1000000,25,13,121.674422971,181.537311701,59.8628887304,151.605867336,332,0.000332,5.54600700102e-06,146.535619693,145.226369564,17.3825052211,121.711324777,181.405380109,172.413904356,180.069446469
pareto,log_binning,1000000,25,14,181.537311701,270.852285428,89.3149737262,226.194798565,196,0.000196,2.19448085604e-06,221.112911838,218.764825417,23.4226465906,181.905697065,270.256432942,252.161686033,267.795289294
pareto,log_binning,1000000,25,15,270.852285428,404.109545491,133.257260064,337.480915459,104,0.000104,7.80445282684e-07,323.251947522,317.709013162,36.4932717671,273.05366941,404.021525924,373.248599946,399.710569867
pareto,log_binning,1000000,25,16,404.109545491,602.928361853,198.818816362,503.518953672,81,8.1e-05,4.07406107139e-07,485.406346962,480.273055527,60.2618379456,404.191384985,602.37916163,579.720736715,600.046823573
pareto,log_binning,1000000,25,17,602.928361853,899.564520519,296.636158666,751.246441186,41,4.1e-05,1.38216460813e-07,721.285280497,693.76728745,75.8406660129,608.744094896,873.512460046,828.330279864,872.127102878
pareto,log_binning,1000000,25,18,899.564520519,1342.14340836,442.578887845,1120.85396444,12,1.2e-05,2.71138102823e-08,1087.35964746,1093.39760044,124.643216462,911.506561649,1286.39039,1224.87853289,1279.82916862
pareto,log_binning,1000000,25,19,1342.14340836,2002.46773581,660.324327442,1672.30557209,13,1.3e-05,1.96872952574e-08,1605.29416965,1574.51381225,205.923713855,1371.5898408,1962.90905305,1832.43283911,1947.29370005
pareto,log_binning,1000000,25,20,2002.46773581,2987.66659953,985.19886372,2495.06716767,4,4e-06,4.06009400467e-09,2223.76439248,2075.9864598,328.301811441,2028.12892961,2714.9557207,2525.65976335,2696.02612497
pareto,log_binning,1000000,25,21,2987.66659953,4457.57579526,1469.90919574,3722.62119739,1,1e-06,6.80314132941e-10,4036.99983668,4036.99983668,,4036.99983668,4036.99983668,4036.99983668,4036.99983668
pareto,log_binning,1000000,25,22,4457.57579526,6650.66911203,2193.09331677,5554.12245365,1,1e-06,4.5597694925e-10,5091.09850891,5091.09850891,,5091.09850891,5091.09850891,5091.09850891,5091.09850891
pareto,log_binning,1000000,25,23,6650.66911203,9922.74762545,3272.07851342,8286.70836874,,0,0,,,,,,,
pareto,log_binning,1000000,25,24,9922.74762545,14804.6638285,4881.91620308,12363.705727,1,1e-06,2.0483760032e-10,13086.0765405,13086.0765405,,13086.0765405,13086.0765405,13086.0765405,13086.0765405
pareto,log_binning,1000000,25,25,14804.6638285,22088.4455948,7283.78176628,18446.5547117,1,1e-06,1.37291318176e-10,22088.4455948,22088.4455948,,22088.4455948,22088.4455948,22088.4455948,22088.4455948
pareto,cut,1000000,50,1,-21.0874455017,442.748911987,463.836357489,210.830733243,999874,0.999874,0.00215566111594,2.86440585141,1.58698551603,7.39440050959,1.000000093,441.619040351,4.64918637516,21.3839017752
pareto,cut,1000000,50,2,442.748911987,884.497823882,441.748911894,663.623367934,93,9.3e-05,2.10526834353e-07,608.693370673,587.452662557,117.604870362,445.883269657,873.512460046,794.320965479,870.32613856
pareto,cut,1000000,50,3,884.497823882,1326.24673578,441.748911894,1105.37227983,12,1.2e-05,2.71647528197e-08,1087.35964746,1093.39760044,124.643216462,911.506561649,1286.39039,1224.87853289,1279.82916862
pareto,cut,1000000,50,4,1326.24673578,1767.99564767,441.748911894,1547.12119172,9,9e-06,2.03735646148e-08,1496.99042136,1463.68077787,135.013464464,1371.5898408,1714.5835148,1691.48942279,1712.2741056
pareto,cut,1000000,50,5,1767.99564767,2209.74455956,441.748911894,1988.87010362,7,7e-06,1.58461058115e-08,1939.4303232,1962.90905305,127.768587719,1769.18049877,2083.96919618,2074.38991253,2083.01126781
pareto,cut,1000000,50,6,2209.74455956,2651.49347146,441.748911894,2430.61901551,,0,0,,,,,,,
pareto,cut,1000000,50,7,2651.49347146,3093.24238335,441.748911894,2872.36792741,1,1e-06,2.26372940165e-09,2714.9557207,2714.9557207,,2714.9557207,2714.9557207,2714.9557207,2714.9557207
pareto,cut,1000000,50,8,3093.24238335,3534.99129525,441.748911894,3314.1168393,,0,0,,,,,,,
pareto,cut,1000000,50,9,3534.99129525,3976.74020714,441.748911894,3755.86575119,,0,0,,,,,,,
pareto,cut,1000000,50,10,3976.74020714,4418.48911904,441.748911894,4197.61466309,1,1e-06,2.26372940165e-09,4036.99983668,4036.99983668,,4036.99983668,4036.99983668,4036.99983668,4036.99983668
pareto,cut,1000000,50,11,4418.48911904,4860.23803093,441.748911894,4639.36357498,,0,0,,,,,,,
pareto,cut,1000000,50,12,4860.23803093,5301.98694282,441.748911894,5081.11248688,1,1e-06,2.26372940165e-09,5091.09850891,5091.09850891,,5091.09850891,5091.09850891,5091.09850891,5091.09850891
pareto,cut,1000000,50,13,5301.98694282,5743.73585472,441.748911894,5522.86139877,,0,0,,,,,,,
pareto,cut,1000000,50,14,5743.73585472,6185.48476661,441.748911894,5964.61031067,,0,0,,,,,,,
pareto,cut,1000000,50,15,6185.48476661,6627.23367851,441.748911894,6406.35922256,,0,0,,,,,,,
pareto,cut,1000000,50,16,6627.23367851,7068.9825904,441.748911894,6848.10813446,,0,0,,,,,,,
pareto,cut,1000000,50,17,7068.9825904,7510.7315023,441.748911894,7289.85704635,,0,0,,,,,,,
pareto,cut,1000000,50,18,7510.7315023,7952.48041419,441.748911894,7731.60595824,,0,0,,,,,,,
pareto,cut,1000000,50,19,7952.48041419,8394.22932609,441.748911894,8173.35487014,,0,0,,,,,,,
pareto,cut,1000000,50,20,8394.22932609,8835.97823798,441.748911894,8615.10378203,,0,0,,,,,,,
pareto,cut,1000000,50,21,8835.97823798,9277.72714987,441.748911894,9056.85269393,,0,0,,,,,,,
pareto,cut,1000000,50,22,9277.72714987,9719.47606177,441.748911894,9498.60160582,,0,0,,,,,,,
pareto,cut,1000000,50,23,9719.47606177,10161.2249737,441.748911894,9940.35051772,,0,0,,,,,,,
pareto,cut,1000000,50,24,10161.2249737,10602.9738856,441.748911894,10382.0994296,,0,0,,,,,,,
pareto,cut,1000000,50,25,10602.9738856,11044.7227975,441.748911894,10823.8483415,,0,0,,,,,,,
pareto,cut,1000000,50,26,11044.7227975,11486.4717093,441.748911894,11265.5972534,,0,0,,,,,,,
pareto,cut,1000000,50,27,11486.4717093,11928.2206212,441.748911894,11707.3461653,,0,0,,,,,,,
pareto,cut,1000000,50,28,11928.2206212,12369.9695331,441.748911894,12149.0950772,,0,0,,,,,,,
pareto,cut,1000000,50,29,12369.9695331,12811.718445,441.748911894,12590.8439891,,0,0,,,,,,,
pareto,cut,1000000,50,30,12811.718445,13253.4673569,441.748911894,13032.592901,1,1e-06,2.26372940165e-09,13086.0765405,13086.0765405,,13086.0765405,13086.0765405,13086.0765405,13086.0765405
pareto,cut,1000000,50,31,13253.4673569,13695.2162688,441.748911894,13474.3418129,,0,0,,,,,,,
pareto,cut,1000000,50,32,13695.2162688,14136.9651807,441.748911894,13916.0907248,,0,0,,,,,,,
pareto,cut,1000000,50,33,14136.9651807,14578.7140926,441.748911894,14357.8396367,,0,0,,,,,,,
pareto,cut,1000000,50,34,14578.7140926,15020.4630045,441.748911894,14799.5885486,,0,0,,,,,,,
pareto,cut,1000000,50,35,15020.4630045,15462.2119164,441.748911894,15241.3374604,,0,0,,,,,,,
pareto,cut,1000000,50,36,15462.2119164,15903.9608283,441.748911894,15683.0863723,,0,0,,,,,,,
pareto,cut,1000000,50,37,15903.9608283,16345.7097402,441.748911894,16124.8352842,,0,0,,,,,,,
pareto,cut,1000000,50,38,16345.7097402,16787.4586521,441.748911894,16566.5841961,,0,0,,,,,,,
pareto,cut,1000000,50,39,16787.4586521,17229.207564,441.748911894,17008.333108,,0,0,,,,,,,
pareto,cut,1000000,50,40,17229.207564,17670.9564759,441.748911894,17450.0820199,,0,0,,,,,,,
pareto,cut,1000000,50,41,17670.9564759,18112.7053878,441.748911894,17891.8309318,,0,0,,,,,,,
pareto,cut,1000000,50,42,18112.7053878,18554.4542997,441.748911894,18333.5798437,,0,0,,,,,,,
pareto,cut,1000000,50,43,18554.4542997,18996.2032115,441.748911894,18775.3287556,,0,0,,,,,,,
pareto,cut,1000000,50,44,18996.2032115,19437.9521234,441.748911894,19217.0776675,,0,0,,,,,,,
pareto,cut,1000000,50,45,19437.9521234,19879.7010353,441.748911894,19658.8265794,,0,0,,,,,,,
pareto,cut,1000000,50,46,19879.7010353,20321.4499472,441.748911894,20100.5754913,,0,0,,,,,,,
pareto,cut,1000000,50,47,20321.4499472,20763.1988591,441.748911894,20542.3244032,,0,0,,,,,,,
pareto,cut,1000000,50,48,20763.1988591,21204.947771,441.748911894,20984.0733151,,0,0,,,,,,,
pareto,cut,1000000,50,49,21204.947771,21646.6966829,441.748911894,21425.822227,,0,0,,,,,,,
pareto,cut,1000000,50,50,21646.6966829,22088.4455948,441.748911894,21867.5711389,1,1e-06,2.26372940165e-09,22088.4455948,22088.4455948,,22088.4455948,22088.4455948,22088.4455948,22088.4455948
pareto,qcut,1000000,50,1,1.000000093,1.01366653595,0.0136664429519,1.00683331447,20000,0.02,1.46343858972,1.00681568645,1.00680109411,0.00394406725888,1.000000093,1.01366601104,1.0123086027,1.0135297932
pareto,qcut,1000000,50,2,1.01366653595,1.02775063201,0.0140840960571,1.02070858398,20000,0.02,1.42004143673,1.02064774152,1.02063360363,0.00404866568275,1.01366654666,1.02775056135,1.02631604199,1.02759940636
pareto,qcut,1000000,50,3,1.02775063201,1.04225129816,0.014500666157,1.03500096509,20000,0.02,1.37924697965,1.0350122901,1.03506794531,0.00419145953085,1.02775063495,1.04225117938,1.04076866798,1.04211598356
pareto,qcut,1000000,50,4,1.04225129816,1.05751342394,0.01526212578,1.04988236105,20000,0.02,1.31043344082,1.04985957624,1.04987882726,0.00443073357794,1.04225130575,1.05751317566,1.05600202542,1.05736108817
pareto,qcut,1000000,50,5,1.05751342394,1.07318695976,0.0156735358131,1.06535019185,20000,0.02,1.27603625873,1.06529242238,1.06528683433,0.00451717653839,1.05751344553,1.07318676118,1.07158100469,1.07301716851
pareto,qcut,1000000,50,6,1.07318695976,1.08915834192,0.015971382167,1.08117265084,20000,0.02,1.2522397743,1.08107571114,1.08102711515,0.00459205102643,1.07318698182,1.08915738578,1.08749036385,1.08900154191
pareto,qcut,1000000,50,7,1.08915834192,1.10604319909,0.0168848571706,1.09760077051,20000,0.02,1.18449328875,1.09755249671,1.09751686869,0.00488963677302,1.08915847231,1.10604251356,1.10436867285,1.10587160641
pareto,qcut,1000000,50,8,1.10604319909,1.12324178792,0.0171985888273,1.11464249351,20000,0.02,1.16288610658,1.11455159955,1.11448810896,0.0049796468069,1.10604331069,1.12323979974,1.12152096912,1.12306802873
pareto,qcut,1000000,50,9,1.12324178792,1.1412765964,0.0180348084803,1.13225919216,20000,0.02,1.10896658658,1.13218644284,1.13213258329,0.00521520503834,1.12324216662,1.1412758806,1.13946500308,1.14110662671
pareto,qcut,1000000,50,10,1.1412765964,1.1600357438,0.0187591473975,1.1506561701,20000,0.02,1.06614653514,1.15061496582,1.15064911962,0.00540031695549,1.14127675353,1.16003526599,1.15810936604,1.15985493376
pareto,qcut,1000000,50,11,1.1600357438,1.18005448519,0.0200187413914,1.1700451145,20000,0.02,0.999063807707,1.16997959885,1.170006743,0.00580143390963,1.16003586325,1.18005329068,1.17804831888,1.17983463201
pareto,qcut,1000000,50,12,1.18005448519,1.20084894962,0.0207944644338,1.19045171741,20000,0.02,0.961794426764,1.19038205053,1.19035872341,0.00600440221257,1.1800548221,1.20084830693,1.19872282209,1.20061692011
pareto,qcut,1000000,50,13,1.20084894962,1.2226376121,0.0217886624775,1.21174328086,20000,0.02,0.917908569222,1.21168566614,1.21168298812,0.00630545640827,1.20084915258,1.22263708848,1.2204183399,1.2223968142
pareto,qcut,1000000,50,14,1.2226376121,1.24527448886,0.0226368767559,1.23395605048,20000,0.02,0.883514109109,1.23379363254,1.23369036051,0.00653955024801,1.22263779608,1.24527257485,1.24296794219,1.24504035272
pareto,qcut,1000000,50,15,1.24527448886,1.26870512727,0.0234306384086,1.25698980806,20000,0.02,0.853583229411,1.25693216494,1.25695881163,0.0067761113572,1.24527523319,1.26870507291,1.26632207242,1.26844653693
pareto,qcut,1000000,50,16,1.26870512727,1.2934510485,0.0247459212306,1.28107808788,20000,0.02,0.808214000748,1.28098183327,1.28092383088,0.00710575035001,1.26870515056,1.29344940059,1.29089680537,1.2931799367
pareto,qcut,1000000,50,17,1.2934510485,1.31938519661,0.0259341481174,1.30641812256,20000,0.02,0.771183996847,1.30625485625,1.30614038125,0.0075342391399,1.29345182398,1.3193851112,1.31675025574,1.31914845513
pareto,qcut,1000000,50,18,1.31938519661,1.34658905164,0.0272038550243,1.33298712413,20000,0.02,0.735189920036,1.33287897843,1.33284601745,0.0078388942863,1.31938524062,1.3465887548,1.34379771992,1.34628456019
pareto,qcut,1000000,50,19,1.34658905164,1.37546071005,0.0288716584155,1.36102488085,20000,0.02,0.692720858364,1.36087178085,1.36092495635,0.00830090672637,1.34658921861,1.37545929835,1.37241220923,1.37519613976
pareto,qcut,1000000,50,20,1.37546071005,1.40603082925,0.0305701191967,1.39074576965,20000,0.02,0.654233628313,1.39060339261,1.39046293063,0.00885847050247,1.3754615753,1.4060308097,1.40304154314,1.40570735742
pareto,qcut,1000000,50,21,1.40603082925,1.43794000395,0.0319091747025,1.4219854166,20000,0.02,0.626778980857,1.42186487076,1.42173486767,0.00920914012987,1.40603084228,1.43793914204,1.43466643687,1.43765678989
pareto,qcut,1000000,50,22,1.43794000395,1.47191630676,0.0339763028106,1.45492815536,20000,0.02,0.588645566044,1.4547913193,1.45476198928,0.00982824682842,1.4379406281,1.47191624692,1.46838956329,1.47157385777
pareto,qcut,1000000,50,23,1.47191630676,1.50816957482,0.0362532680578,1.49004294079,20000,0.02,0.551674402653,1.48985867158,1.48981785913,0.0104961392012,1.47191635378,1.50816938906,1.50450561498,1.50780313154
pareto,qcut,1000000,50,24,1.50816957482,1.54654715857,0.0383775837444,1.52735836669,20000,0.02,0.521137550847,1.52707879497,1.52680605352,0.0110643637777,1.50816973306,1.54654636557,1.54260090321,1.54615298486
pareto,qcut,1000000,50,25,1.54654715857,1.58712264832,0.0405754897521,1.56683490344,20000,0.02,0.492908406582,1.56663067571,1.56653563734,0.0116870062334,1.54654789057,1.58712255782,1.58293912689,1.58667866923
pareto,qcut,1000000,50,26,1.58712264832,1.63100442323,0.0438817749143,1.60906353578,20000,0.02,0.455770078559,1.60876891543,1.60867599272,0.0126818923082,1.58712273882,1.63100391272,1.62635486197,1.63057492466
pareto,qcut,1000000,50,27,1.63100442323,1.67817866694,0.0471742437119,1.65459154509,20000,0.02,0.423960161866,1.65433165169,1.65416850926,0.0136108873648,1.63100497629,1.67817715584,1.67329826819,1.67769892057
pareto,qcut,1000000,50,28,1.67817866694,1.72867999687,0.0505013299222,1.70342933191,20000,0.02,0.396029174495,1.70302900106,1.70281382474,0.0145146598452,1.67818044085,1.72867974173,1.72327870722,1.72811914484
pareto,qcut,1000000,50,29,1.72867999687,1.78352140404,0.0548414071696,1.75610070045,20000,0.02,0.364687943512,1.75571800145,1.75555332653,0.0158715458759,1.72868032159,1.78352112736,1.7779239783,1.78302104723
pareto,qcut,1000000,50,30,1.78352140404,1.84315381286,0.0596324088191,1.81333760845,20000,0.02,0.335388095099,1.81275072403,1.81259604685,0.0172361225092,1.78352178612,1.84315336706,1.83680540308,1.84258587944
pareto,qcut,1000000,50,31,1.84315381286,1.90736680885,0.0642129959973,1.87526031085,20000,0.02,0.311463430251,1.87481681764,1.87460483422,0.0184618377078,1.84315448155,1.9073660523,1.90055206795,1.90666337275
pareto,qcut,1000000,50,32,1.90736680885,1.97659154818,0.0692247393251,1.94197917852,20000,0.02,0.288914052909,1.94158414857,1.94134133565,0.0199262006616,1.90736804323,1.97659059275,1.96943580783,1.97582585412
pareto,qcut,1000000,50,33,1.97659154818,2.05365695379,0.0770654056082,2.01512425098,20000,0.02,0.259519817513,2.01448727761,2.01425265784,0.0222142391016,1.97659324672,2.05365542716,2.04554238862,2.05288422501
pareto,qcut,1000000,50,34,2.05365695379,2.13899023203,0.0853332782455,2.09632359291,20000,0.02,0.234375151303,2.0954589461,2.09477616578,0.0245925009798,2.05365991723,2.13898990371,2.13012494968,2.13803714811
pareto,qcut,1000000,50,35,2.13899023203,2.23359867973,0.0946084477031,2.18629445588,20000,0.02,0.211397612851,2.18561389065,2.18536222445,0.0274987803967,2.13899092971,2.23359729539,2.22369144945,2.23264233117
pareto,qcut,1000000,50,36,2.23359867973,2.33849834447,0.104899664733,2.2860485121,20000,0.02,0.19065837866,2.28535824492,2.28488006649,0.0303735551391,2.23360190988,2.33849805585,2.32760982581,2.33737577063
pareto,qcut,1000000,50,37,2.33849834447,2.45657425315,0.118075908684,2.39753629881,20000,0.02,0.169382562649,2.39631644883,2.39566270306,0.0339913096062,2.33849908664,2.4565709757,2.44407816447,2.45531390832
pareto,qcut,1000000,50,38,2.45657425315,2.59163585904,0.135061605883,2.52410505609,20000,0.02,0.148080573078,2.52319741783,2.52283731668,0.0390052828817,2.45658358128,2.59163230036,2.57762521007,2.59022093439
pareto,qcut,1000000,50,39,2.59163585904,2.74856566019,0.156929801152,2.67010075961,20000,0.02,0.127445519291,2.6686930575,2.66776164011,0.0453096331136,2.59164712818,2.74856407274,2.73227167221,2.74693890109
pareto,qcut,1000000,50,40,2.74856566019,2.92894791767,0.180382257486,2.83875678893,20000,0.02,0.110875649738,2.83594308255,2.83451735103,0.0521299574259,2.7485712884,2.92894648518,2.90915705883,2.92704238717
pareto,qcut,1000000,50,41,2.92894791767,3.14193422032,0.21298630265,3.035441069,20000,0.02,0.0939027522012,3.0326918622,3.03140605517,0.0619307075659,2.92895364764,3.14193281351,3.11956682297,3.13970925939
pareto,qcut,1000000,50,42,3.14193422032,3.39747481876,0.255540598435,3.26970451954,20000,0.02,0.0782654502748,3.26507604605,3.2627564941,0.0737796005542,3.14194062913,3.39746931553,3.36938068328,3.39470483605
pareto,qcut,1000000,50,43,3.39747481876,3.71466541064,0.317190591883,3.5560701147,20000,0.02,0.0630535725579,3.5497826416,3.54751706284,0.0917780426587,3.3975037107,3.7146615428,3.67956726355,3.71102904214
pareto,qcut,1000000,50,44,3.71466541064,4.11835012955,0.403684718908,3.9165077701,20000,0.02,0.0495436142693,3.90882829539,3.90448598925,0.116472786617,3.71468917024,4.11834484254,4.07474888128,4.1133463233
pareto,qcut,1000000,50,45,4.11835012955,4.65251697751,0.534166847955,4.38543355353,20000,0.02,0.0374414849528,4.37257600072,4.36762248918,0.154555569038,4.11838890097,4.65251692325,4.59166227615,4.64661929873
pareto,qcut,1000000,50,46,4.65251697751,5.40369746504,0.751180487536,5.02810722127,20000,0.02,0.0266247597373,5.00680110738,4.9957121036,0.216594111773,4.65251746583,5.40369246712,5.31643925228,5.39498343096
pareto,qcut,1000000,50,47,5.40369746504,6.5376341219,1.13393665686,5.97066579347,20000,0.02,0.017637669511,5.92418389294,5.89943836287,0.325153294681,5.40375494112,6.53763066933,6.3948205405,6.52254463671
pareto,qcut,1000000,50,48,6.5376341219,8.56616886265,2.02853474075,7.55190149227,20000,0.02,0.00985933324099,7.43236462598,7.37881394195,0.579409126001,6.5376882121,8.56616352166,8.28591598278,8.53873153354
pareto,qcut,1000000,50,49,8.56616886265,13.630984963,5.06481610038,11.0985769128,20000,0.02,0.00394881069788,10.6204979807,10.4099541707,1.42769593595,8.56629704631,13.6309759763,12.7924747926,13.5476755008
pareto,qcut,1000000,50,50,13.630984963,22088.4455948,22074.8146098,11051.0382899,20000,0.02,9.06009873853e-07,40.9713445901,21.5794751458,203.324978366,13.6314253145,22088.4455948,63.0124872322,330.741775125
pareto,log_binning,1000000,50,1,1.000000093,1.22147151246,0.221471419466,1.11073580273,258976,0.258976,1.16934275594,1.10149877516,1.09707336777,0.0634734999062,1.000000093,1.22147029565,1.19353429934,1.21871716128
pareto,log_binning,1000000,50,2,1.22147151246,1.49199251701,0.270521004544,1.35673201474,192198,0.192198,0.710473481805,1.34542926933,1.33966206213,0.0776887640293,1.22147542784,1.49199249566,1.45799507608,1.48844878751
pareto,log_binning,1000000,50,3,1.49199251701,1.82242618685,0.330433669844,1.65720935193,142094,0.142094,0.430022763924,1.64305309953,1.63615717722,0.0948908087114,1.49199331103,1.82242532125,1.78095119208,1.81808604818
pareto,log_binning,1000000,50,4,1.82242618685,2.22604146379,0.403615276938,2.02423382532,105198,0.105198,0.260639291947,2.00722482392,1.99850403824,0.115825583678,1.82242731492,2.2260368712,2.17529832438,2.22101553666
pareto,log_binning,1000000,50,5,2.22604146379,2.71904598072,0.493004516927,2.47254372225,77906,0.077906,0.158022892946,2.45133267363,2.44018273676,0.141426770835,2.22605244232,2.71903585479,2.65684208514,2.71250071956
pareto,log_binning,1000000,50,6,2.71904598072,3.32123689766,0.60219091694,3.02014143919,58117,0.058117,0.0965092603777,2.99534765923,2.98276749447,0.173414310098,2.71907942414,3.32123097672,3.24557325463,3.31393336221
pareto,log_binning,1000000,50,7,3.32123689766,4.05679587936,0.735558981701,3.68901638851,42692,0.042692,0.0580402130381,3.6578773341,3.64237633895,0.211349756646,3.32126635985,4.0567857283,3.96391048488,4.04749947777
pareto,log_binning,1000000,50,8,4.05679587936,4.95526013769,0.898464258329,4.50602800852,31735,0.031735,0.0353213827994,4.46743656593,4.44812449887,0.258619639343,4.05681272477,4.95521905942,4.84224280431,4.94356999702
pareto,log_binning,1000000,50,9,4.95526013769,6.05270853214,1.09744839446,5.50398433491,23731,0.023731,0.0216237958157,5.46070485585,5.43913127886,0.314468063145,4.95542765616,6.05270356541,5.91587412987,6.0389081271
pareto,log_binning,1000000,50,10,6.05270853214,7.3932103577,1.34050182556,6.72295944492,17506,0.017506,0.0130592884442,6.66672556542,6.640140016,0.384046515668,6.05291579899,7.39313975029,7.22150429008,7.37650591217
pareto,log_binning,1000000,50,11,7.3932103577,9.03059499776,1.63738464006,8.21190267773,12916,0.012916,0.00788818930142,8.14224437029,8.10123177889,0.474191411835,7.39323725827,9.03031445789,8.83092550873,9.0085527542
pareto,log_binning,1000000,50,12,9.03059499776,11.0306135045,2.00001850678,10.0306042511,9506,0.009506,0.00475295601905,9.95997048093,9.92845527208,0.578228221973,9.03073223588,11.0305909348,10.7812394971,11.0046140837
pareto,log_binning,1000000,50,13,11.0306135045,13.4735789078,2.44296540324,12.2520962062,7062,0.007062,0.00289074908332,12.1518014774,12.1088923008,0.702267498622,11.0309187493,13.4725627208,13.1645416873,13.4391252778
pareto,log_binning,1000000,50,14,13.4735789078,16.4575912763,2.98401236848,14.965585092,5388,0.005388,0.00180562254262,14.8389126126,14.7750123284,0.857161272732,13.4736575947,16.4572769281,16.0816237698,16.4209859921
pareto,log_binning,1000000,50,15,16.4575912763,20.1024770382,3.64488576197,18.2800341572,3876,0.003876,0.00106340781389,18.1240626837,18.0602390915,1.04308031722,16.4579795737,20.1001953253,19.6355039292,20.0500235758
pareto,log_binning,1000000,50,16,20.1024770382,24.5546007486,4.4521237104,22.3285388934,2895,0.002895,0.000650251472851,22.1379851449,22.0507623765,1.27043238832,20.1038251535,24.5542136047,23.9893053934,24.4967606978
pareto,log_binning,1000000,50,17,24.5546007486,29.9927425251,5.43814177648,27.2736716369,2172,0.002172,0.000399401135402,27.0682386856,26.9957657109,1.56825131249,24.5560412576,29.9906458329,29.3625091526,29.9139890818
pareto,log_binning,1000000,50,18,29.9927425251,36.6352771681,6.64253464296,33.3140098466,1582,0.001582,0.000238162100016,33.0188813063,32.8935672434,1.89419156836,29.9946068606,36.631249289,35.7700510257,36.534074894
pareto,log_binning,1000000,50,19,36.6352771681,44.7489432504,8.11366608238,40.6921102093,1163,0.001163,0.000143338410552,40.3779531646,40.2113444925,2.29667850285,36.6374471205,44.7366006083,43.6462510175,44.539155275
pareto,log_binning,1000000,50,20,44.7489432504,54.65955431,9.9106110596,49.7042487802,824,0.000824,8.31432083294e-05,49.4831590984,49.3745737175,2.8062554266,44.7528692294,54.6503842127,53.3770376687,54.5434116736
pareto,log_binning,1000000,50,21,54.65955431,66.7650822647,12.1055279546,60.7123182874,631,0.000631,5.21249467487e-05,60.3552428861,60.0779793935,3.49457627001,54.6745913587,66.7404765387,65.3487434181,66.589025869
pareto,log_binning,1000000,50,22,66.7650822647,81.5516384294,14.7865561648,74.1583603471,461,0.000461,3.11769687859e-05,73.7132064861,73.4325685785,4.23948370445,66.8257718163,81.53851505,79.8630565585,81.2944416683
pareto,log_binning,1000000,50,23,81.5516384294,99.6129938725,18.0613554431,90.582316151,335,0.000335,1.8547888117e-05,90.0375319214,89.5776970931,5.27627443447,81.5527963348,99.6076765245,97.8458835975,99.5284175352
pareto,log_binning,1000000,50,24,99.6129938725,121.674422971,22.0614290985,110.643708422,249,0.000249,1.12866668287e-05,110.259543381,110.083371161,6.34143538672,99.6497883252,121.587830162,119.281639984,121.515682811
pareto,log_binning,1000000,50,25,121.674422971,148.621827633,26.947404662,135.148125302,190,0.00019,7.05077176756e-06,133.605309568,132.917653147,8.04209120983,121.711324777,148.535504592,145.916386404,148.404432128
pareto,log_binning,1000000,50,26,148.621827633,181.537311701,32.9154840684,165.079569667,142,0.000142,4.3140790427e-06,163.836738875,163.210951995,9.7911488661,148.646644999,181.405380109,178.109409843,180.755910123
pareto,log_binning,1000000,50,27,181.537311701,221.742634071,40.2053223695,201.639972886,103,0.000103,2.56184987284e-06,202.099043115,203.43568612,11.0408342495,181.905697065,221.160071205,216.576864392,220.226969614
pareto,log_binning,1000000,50,28,221.742634071,270.852285428,49.1096513567,246.297459749,93,9.3e-05,1.89372144641e-06,242.171282575,240.119918433,13.2158319515,222.189861963,270.256432942,262.982089231,268.00334963
pareto,log_binning,1000000,50,29,270.852285428,330.838319968,59.9860345406,300.845302698,59,5.9e-05,9.83562264981e-07,295.542181683,292.847102383,15.7806119403,273.05366941,330.729678102,318.81577554,329.729498065
pareto,log_binning,1000000,50,30,330.838319968,404.109545491,73.271225523,367.47393273,45,4.5e-05,6.14156507945e-07,359.582529399,354.620778224,20.242573491,331.939380466,404.021525924,393.257997505,402.183263586
pareto,log_binning,1000000,50,31,404.109545491,493.608251828,89.4987063364,448.858898659,50,5e-05,5.58667293045e-07,444.527925068,439.70865749,28.8654641401,404.191384985,493.313688016,487.499207733,493.192866371
pareto,log_binning,1000000,50,32,493.608251828,602.928361853,109.320110026,548.26830684,31,3.1e-05,2.83570881814e-07,551.3392855,550.65973856,32.3406865959,494.1869898,602.37916163,588.914225596,601.504534859
pareto,log_binning,1000000,50,33,602.928361853,736.459749571,133.531387718,669.694055712,25,2.5e-05,1.87221899115e-07,667.288127959,670.671229441,30.3808622828,608.744094896,735.465580282,698.283447401,728.174270168
pareto,log_binning,1000000,50,34,736.459749571,899.564520519,163.104770948,818.012135045,16,1.6e-05,9.80964560813e-08,805.655831338,797.578178417,37.5355761689,749.44481876,873.512460046,855.69986839,872.992951108
pareto,log_binning,1000000,50,35,899.564520519,1098.79233325,199.227812733,999.178426886,6,6e-06,3.01162770283e-08,977.036490326,971.462031345,45.7751730917,911.506561649,1038.17576435,1028.13904257,1037.17209217
pareto,log_binning,1000000,50,36,1098.79233325,1342.14340836,243.351075112,1220.46787081,6,6e-06,2.46557365618e-08,1197.68280459,1183.88183607,53.5985543902,1148.61943653,1286.39039,1256.56665646,1283.40801665
pareto,log_binning,1000000,50,37,1342.14340836,1639.3897865,297.246378134,1490.76659743,7,7e-06,2.35494879499e-08,1438.94491109,1402.89924774,80.9115312493,1371.5898408,1574.51381225,1538.4446242,1570.90689345
pareto,log_binning,1000000,50,38,1639.3897865,2002.46773581,363.077949308,1820.92876115,6,6e-06,1.65253770201e-08,1799.36830463,1800.11012437,99.881635784,1685.71589979,1962.90905305,1897.84508222,1956.40265597
pareto,log_binning,1000000,50,39,2002.46773581,2445.95706645,443.48933064,2224.21240113,3,3e-06,6.76453703108e-09,2060.03394974,2068.00372343,28.7605947785,2028.12892961,2083.96919618,2080.77610163,2083.64988672
pareto,log_binning,1000000,50,40,2445.95706645,2987.66659953,541.70953308,2716.81183299,1,1e-06,1.8460077568e-09,2714.9557207,2714.9557207,,2714.9557207,2714.9557207,2714.9557207,2714.9557207
pareto,log_binning,1000000,50,41,2987.66659953,3649.34930068,661.682701152,3318.5079501,,0,0,,,,,,,
pareto,log_binning,1000000,50,42,3649.34930068,4457.57579526,808.226494584,4053.46254797,1,1e-06,1.23727693499e-09,4036.99983668,4036.99983668,,4036.99983668,4036.99983668,4036.99983668,4036.99983668
pareto,log_binning,1000000,50,43,4457.57579526,5444.80134221,987.225546943,4951.18856873,1,1e-06,1.0129397513e-09,5091.09850891,5091.09850891,,5091.09850891,5091.09850891,5091.09850891,5091.09850891
pareto,log_binning,1000000,50,44,5444.80134221,6650.66911203,1205.86776982,6047.73522712,,0,0,,,,,,,
pareto,log_binning,1000000,50,45,6650.66911203,8123.60210369,1472.93299166,7387.13560786,,0,0,,,,,,,
pareto,log_binning,1000000,50,46,8123.60210369,9922.74762545,1799.14552176,9023.17486457,,0,0,,,,,,,
pareto,log_binning,1000000,50,47,9922.74762545,12120.3524227,2197.60479724,11021.5500241,,0,0,,,,,,,
pareto,log_binning,1000000,50,48,12120.3524227,14804.6638285,2684.31140584,13462.5081256,1,1e-06,3.72535018785e-10,13086.0765405,13086.0765405,,13086.0765405,13086.0765405,13086.0765405,13086.0765405
pareto,log_binning,1000000,50,49,14804.6638285,18083.4734364,3278.8096079,16444.0686325,,0,0,,,,,,,
pareto,log_binning,1000000,50,50,18083.4734364,22088.4455948,4004.97215838,20085.9595156,1,1e-06,2.49689625908e-10,22088.4455948,22088.4455948,,22088.4455948,22088.4455948,22088.4455948,22088.4455948
pareto,cut,1000000,100,1,-21.0874455017,221.87445604,242.961901542,100.393505269,999648,0.999648,0.00411442285254,2.79660708301,1.58674501488,5.77810698679,1.000000093,221.160071205,4.64302846315,21.0530374151
pareto,cut,1000000,100,2,221.87445604,442.748911987,220.874455947,332.311684014,226,0.000226,1.02320568954e-06,302.753358201,288.244319998,65.5215047799,222.189861963,441.619040351,410.580000419,439.844174077
pareto,cut,1000000,100,3,442.748911987,663.623367934,220.874455947,553.186139961,61,6.1e-05,2.76174987001e-07,536.946895662,527.847797434,60.2546028965,445.883269657,658.600070017,623.325983669,656.37108048
pareto,cut,1000000,100,4,663.623367934,884.497823882,220.874455947,774.060595908,32,3.2e-05,1.44878681705e-07,745.460088663,742.455199521,67.6902329531,665.326119459,873.512460046,839.668837741,872.438808241
pareto,cut,1000000,100,5,884.497823882,1105.37227983,220.874455947,994.935051855,6,6e-06,2.71647528197e-08,977.036490326,971.462031345,45.7751730917,911.506561649,1038.17576435,1028.13904257,1037.17209217
pareto,cut,1000000,100,6,1105.37227983,1326.24673578,220.874455947,1215.8095078,6,6e-06,2.71647528197e-08,1197.68280459,1183.88183607,53.5985543902,1148.61943653,1286.39039,1256.56665646,1283.40801665
pareto,cut,1000000,100,7,1326.24673578,1547.12119172,220.874455947,1436.68396375,6,6e-06,2.71647528197e-08,1416.35009423,1388.14007622,59.7293460185,1371.5898408,1514.39849883,1489.03963835,1511.86261278
pareto,cut,1000000,100,8,1547.12119172,1767.99564767,220.874455947,1657.5584197,3,3e-06,1.35823764099e-08,1658.27107561,1685.71589979,73.9580568524,1574.51381225,1714.5835148,1708.8099918,1714.0061625
pareto,cut,1000000,100,9,1767.99564767,1988.87010362,220.874455947,1878.43287564,4,4e-06,1.81098352132e-08,1848.97760329,1831.91043068,81.5108296808,1769.18049877,1962.90905305,1923.87067055,1959.0052148
pareto,cut,1000000,100,10,1988.87010362,2209.74455956,220.874455947,2099.30733159,3,3e-06,1.35823764099e-08,2060.03394974,2068.00372343,28.7605947785,2028.12892961,2083.96919618,2080.77610163,2083.64988672
pareto,cut,1000000,100,11,2209.74455956,2430.61901551,220.874455947,2320.18178754,,0,0,,,,,,,
pareto,cut,1000000,100,12,2430.61901551,2651.49347146,220.874455947,2541.05624349,,0,0,,,,,,,
pareto,cut,1000000,100,13,2651.49347146,2872.36792741,220.874455947,2761.93069943,1,1e-06,4.52745880329e-09,2714.9557207,2714.9557207,,2714.9557207,2714.9557207,2714.9557207,2714.9557207
pareto,cut,1000000,100,14,2872.36792741,3093.24238335,220.874455947,2982.80515538,,0,0,,,,,,,
pareto,cut,1000000,100,15,3093.24238335,3314.1168393,220.874455947,3203.67961133,,0,0,,,,,,,
pareto,cut,1000000,100,16,3314.1168393,3534.99129525,220.874455947,3424.55406727,,0,0,,,,,,,
pareto,cut,1000000,100,17,3534.99129525,3755.86575119,220.874455947,3645.42852322,,0,0,,,,,,,
pareto,cut,1000000,100,18,3755.86575119,3976.74020714,220.874455947,3866.30297917,,0,0,,,,,,,
pareto,cut,1000000,100,19,3976.74020714,4197.61466309,220.874455947,4087.17743512,1,1e-06,4.52745880329e-09,4036.99983668,4036.99983668,,4036.99983668,4036.99983668,4036.99983668,4036.99983668
pareto,cut,1000000,100,20,4197.61466309,4418.48911904,220.874455947,4308.05189106,,0,0,,,,,,,
pareto,cut,1000000,100,21,4418.48911904,4639.36357498,220.874455947,4528.92634701,,0,0,,,,,,,
pareto,cut,1000000,100,22,4639.36357498,4860.23803093,220.874455947,4749.80080296,,0,0,,,,,,,
pareto,cut,1000000,100,23,4860.23803093,5081.11248688,220.874455947,4970.6752589,,0,0,,,,,,,
pareto,cut,1000000,100,24,5081.11248688,5301.98694282,220.874455947,5191.54971485,1,1e-06,4.52745880329e-09,5091.09850891,5091.09850891,,5091.09850891,5091.09850891,5091.09850891,5091.09850891
pareto,cut,1000000,100,25,5301.98694282,5522.86139877,220.874455947,5412.4241708,,0,0,,,,,,,
pareto,cut,1000000,100,26,5522.86139877,5743.73585472,220.874455947,5633.29862675,,0,0,,,,,,,
pareto,cut,1000000,100,27,5743.73585472,5964.61031067,220.874455947,5854.17308269,,0,0,,,,,,,
pareto,cut,1000000,100,28,5964.61031067,6185.48476661,220.874455947,6075.04753864,,0,0,,,,,,,
pareto,cut,1000000,100,29,6185.48476661,6406.35922256,220.874455947,6295.92199459,,0,0,,,,,,,
pareto,cut,1000000,100,30,6406.35922256,6627.23367851,220.874455947,6516.79645053,,0,0,,,,,,,
pareto,cut,1000000,100,31,6627.23367851,6848.10813446,220.874455947,6737.67090648,,0,0,,,,,,,
pareto,cut,1000000,100,32,6848.10813446,7068.9825904,220.874455947,6958.54536243,,0,0,,,,,,,
pareto,cut,1000000,100,33,7068.9825904,7289.85704635,220.874455947,7179.41981838,,0,0,,,,,,,
pareto,cut,1000000,100,34,7289.85704635,7510.7315023,220.874455947,7400.29427432,,0,0,,,,,,,
pareto,cut,1000000,100,35,7510.7315023,7731.60595824,220.874455947,7621.16873027,,0,0,,,,,,,
pareto,cut,1000000,100,36,7731.60595824,7952.48041419,220.874455947,7842.04318622,,0,0,,,,,,,
pareto,cut,1000000,100,37,7952.48041419,8173.35487014,220.874455947,8062.91764216,,0,0,,,,,,,
pareto,cut,1000000,100,38,8173.35487014,8394.22932609,220.874455947,8283.79209811,,0,0,,,,,,,
pareto,cut,1000000,100,39,8394.22932609,8615.10378203,220.874455947,8504.66655406,,0,0,,,,,,,
pareto,cut,1000000,100,40,8615.10378203,8835.97823798,220.874455947,8725.54101001,,0,0,,,,,,,
pareto,cut,1000000,100,41,8835.97823798,9056.85269393,220.874455947,8946.41546595,,0,0,,,,,,,
pareto,cut,1000000,100,42,9056.85269393,9277.72714987,220.874455947,9167.2899219,,0,0,,,,,,,
pareto,cut,1000000,100,43,9277.72714987,9498.60160582,220.874455947,9388.16437785,,0,0,,,,,,,
pareto,cut,1000000,100,44,9498.60160582,9719.47606177,220.874455947,9609.03883379,,0,0,,,,,,,
pareto,cut,1000000,100,45,9719.47606177,9940.35051772,220.874455947,9829.91328974,,0,0,,,,,,,
pareto,cut,1000000,100,46,9940.35051772,10161.2249737,220.874455947,10050.7877457,,0,0,,,,,,,
pareto,cut,1000000,100,47,10161.2249737,10382.0994296,220.874455947,10271.6622016,,0,0,,,,,,,
pareto,cut,1000000,100,48,10382.0994296,10602.9738856,220.874455947,10492.5366576,,0,0,,,,,,,
pareto,cut,1000000,100,49,10602.9738856,10823.8483415,220.874455947,10713.4111135,,0,0,,,,,,,
pareto,cut,1000000,100,50,10823.8483415,11044.7227975,220.874455947,10934.2855695,,0,0,,,,,,,
pareto,cut,1000000,100,51,11044.7227975,11265.5972534,220.874455947,11155.1600254,,0,0,,,,,,,
pareto,cut,1000000,100,52,11265.5972534,11486.4717093,220.874455947,11376.0344814,,0,0,,,,,,,
pareto,cut,1000000,100,53,11486.4717093,11707.3461653,220.874455947,11596.9089373,,0,0,,,,,,,
pareto,cut,1000000,100,54,11707.3461653,11928.2206212,220.874455947,11817.7833933,,0,0,,,,,,,
pareto,cut,1000000,100,55,11928.2206212,12149.0950772,220.874455947,12038.6578492,,0,0,,,,,,,
pareto,cut,1000000,100,56,12149.0950772,12369.9695331,220.874455947,12259.5323052,,0,0,,,,,,,
pareto,cut,1000000,100,57,12369.9695331,12590.8439891,220.874455947,12480.4067611,,0,0,,,,,,,
pareto,cut,1000000,100,58,12590.8439891,12811.718445,220.874455947,12701.2812171,,0,0,,,,,,,
pareto,cut,1000000,100,59,12811.718445,13032.592901,220.874455947,12922.155673,,0,0,,,,,,,
pareto,cut,1000000,100,60,13032.592901,13253.4673569,220.874455947,13143.0301289,1,1e-06,4.52745880329e-09,13086.0765405,13086.0765405,,13086.0765405,13086.0765405,13086.0765405,13086.0765405
pareto,cut,1000000,100,61,13253.4673569,13474.3418129,220.874455947,13363.9045849,,0,0,,,,,,,
pareto,cut,1000000,100,62,13474.3418129,13695.2162688,220.874455947,13584.7790408,,0,0,,,,,,,
pareto,cut,1000000,100,63,13695.2162688,13916.0907248,220.874455947,13805.6534968,,0,0,,,,,,,
pareto,cut,1000000,100,64,13916.0907248,14136.9651807,220.874455947,14026.5279527,,0,0,,,,,,,
pareto,cut,1000000,100,65,14136.9651807,14357.8396367,220.874455947,14247.4024087,,0,0,,,,,,,
pareto,cut,1000000,100,66,14357.8396367,14578.7140926,220.874455947,14468.2768646,,0,0,,,,,,,
pareto,cut,1000000,100,67,14578.7140926,14799.5885486,220.874455947,14689.1513206,,0,0,,,,,,,
pareto,cut,1000000,100,68,14799.5885486,15020.4630045,220.874455947,14910.0257765,,0,0,,,,,,,
pareto,cut,1000000,100,69,15020.4630045,15241.3374604,220.874455947,15130.9002325,,0,0,,,,,,,
pareto,cut,1000000,100,70,15241.3374604,15462.2119164,220.874455947,15351.7746884,,0,0,,,,,,,
pareto,cut,1000000,100,71,15462.2119164,15683.0863723,220.874455947,15572.6491444,,0,0,,,,,,,
pareto,cut,1000000,100,72,15683.0863723,15903.9608283,220.874455947,15793.5236003,,0,0,,,,,,,
pareto,cut,1000000,100,73,15903.9608283,16124.8352842,220.874455947,16014.3980563,,0,0,,,,,,,
pareto,cut,1000000,100,74,16124.8352842,16345.7097402,220.874455947,16235.2725122,,0,0,,,,,,,
pareto,cut,1000000,100,75,16345.7097402,16566.5841961,220.874455947,16456.1469682,,0,0,,,,,,,
pareto,cut,1000000,100,76,16566.5841961,16787.4586521,220.874455947,16677.0214241,,0,0,,,,,,,
pareto,cut,1000000,100,77,16787.4586521,17008.333108,220.874455947,16897.8958801,,0,0,,,,,,,
pareto,cut,1000000,100,78,17008.333108,17229.207564,220.874455947,17118.770336,,0,0,,,,,,,
pareto,cut,1000000,100,79,17229.207564,17450.0820199,220.874455947,17339.6447919,,0,0,,,,,,,
pareto,cut,1000000,100,80,17450.0820199,17670.9564759,220.874455947,17560.5192479,,0,0,,,,,,,
pareto,cut,1000000,100,81,17670.9564759,17891.8309318,220.874455947,17781.3937038,,0,0,,,,,,,
pareto,cut,1000000,100,82,17891.8309318,18112.7053878,220.874455947,18002.2681598,,0,0,,,,,,,
pareto,cut,1000000,100,83,18112.7053878,18333.5798437,220.874455947,18223.1426157,,0,0,,,,,,,
pareto,cut,1000000,100,84,18333.5798437,18554.4542997,220.874455947,18444.0170717,,0,0,,,,,,,
pareto,cut,1000000,100,85,18554.4542997,18775.3287556,220.874455947,18664.8915276,,0,0,,,,,,,
pareto,cut,1000000,100,86,18775.3287556,18996.2032115,220.874455947,18885.7659836,,0,0,,,,,,,
pareto,cut,1000000,100,87,18996.2032115,19217.0776675,220.874455947,19106.6404395,,0,0,,,,,,,
pareto,cut,1000000,100,88,19217.0776675,19437.9521234,220.874455947,19327.5148955,,0,0,,,,,,,
pareto,cut,1000000,100,89,19437.9521234,19658.8265794,220.874455947,19548.3893514,,0,0,,,,,,,
pareto,cut,1000000,100,90,19658.8265794,19879.7010353,220.874455947,19769.2638074,,0,0,,,,,,,
pareto,cut,1000000,100,91,19879.7010353,20100.5754913,220.874455947,19990.1382633,,0,0,,,,,,,
pareto,cut,1000000,100,92,20100.5754913,20321.4499472,220.874455947,20211.0127193,,0,0,,,,,,,
pareto,cut,1000000,100,93,20321.4499472,20542.3244032,220.874455947,20431.8871752,,0,0,,,,,,,
pareto,cut,1000000,100,94,20542.3244032,20763.1988591,220.874455947,20652.7616312,,0,0,,,,,,,
pareto,cut,1000000,100,95,20763.1988591,20984.0733151,220.874455947,20873.6360871,,0,0,,,,,,,
pareto,cut,1000000,100,96,20984.0733151,21204.947771,220.874455947,21094.510543,,0,0,,,,,,,
pareto,cut,1000000,100,97,21204.947771,21425.822227,220.874455947,21315.384999,,0,0,,,,,,,
pareto,cut,1000000,100,98,21425.822227,21646.6966829,220.874455947,21536.2594549,,0,0,,,,,,,
pareto,cut,1000000,100,99,21646.6966829,21867.5711389,220.874455947,21757.1339109,,0,0,,,,,,,
pareto,cut,1000000,100,100,21867.5711389,22088.4455948,220.874455947,21978.0083668,1,1e-06,4.52745880329e-09,22088.4455948,22088.4455948,,22088.4455948,22088.4455948,22088.4455948,22088.4455948
pareto,qcut,1000000,100,1,1.000000093,1.00680131318,0.00680122018054,1.00340070309,10000,0.01,1.47032440276,1.00340453079,1.00338166091,0.00196418192938,1.000000093,1.00680087056,1.00613890059,1.00674181479
pareto,qcut,1000000,100,2,1.00680131318,1.01366653595,0.00686522277138,1.01023392456,10000,0.01,1.45661697122,1.01022684211,1.01021302721,0.00199514031211,1.00680131765,1.01366601104,1.01298586166,1.01360277944
pareto,qcut,1000000,100,3,1.01366653595,1.02063389178,0.00696735582928,1.01715021386,10000,0.01,1.43526471807,1.01714538797,1.01715579219,0.00200402634862,1.01366654666,1.02063329708,1.01993502362,1.02054817066
pareto,qcut,1000000,100,4,1.02063389178,1.02775063201,0.00711674022782,1.02419226189,10000,0.01,1.40513770067,1.02415009508,1.02407719675,0.00205754489335,1.02063391017,1.02775056135,1.02703670124,1.02768634556
pareto,qcut,1000000,100,5,1.02775063201,1.03506972866,0.00731909664897,1.03141018033,10000,0.01,1.36628883039,1.03138107652,1.03136030196,0.00211685541243,1.02775063495,1.03506596382,1.03432167076,1.03499143794
pareto,qcut,1000000,100,6,1.03506972866,1.04225129816,0.00718156950804,1.03866051341,10000,0.01,1.39245327763,1.03864350368,1.03866641255,0.00206960977319,1.03506992681,1.04225117938,1.04152110799,1.04218640252
pareto,qcut,1000000,100,7,1.04225129816,1.04987945134,0.00762815317854,1.04606537475,10000,0.01,1.31093329748,1.04602140842,1.04598984547,0.00220677364166,1.04225130575,1.04987810158,1.04909668039,1.04979511438
pareto,qcut,1000000,100,8,1.04987945134,1.05751342394,0.00763397260142,1.05369643764,10000,0.01,1.3099339652,1.05369774406,1.05371198987,0.00222011316767,1.04987955294,1.05751317566,1.05677296913,1.05744539284
pareto,qcut,1000000,100,9,1.05751342394,1.06528685534,0.00777343139707,1.06140013964,10000,0.01,1.28643317078,1.06137404514,1.06136821526,0.00222051283857,1.05751344553,1.0652868087,1.06444618428,1.06520196623
pareto,qcut,1000000,100,10,1.06528685534,1.07318695976,0.00790010441601,1.06923690755,10000,0.01,1.26580605438,1.06921079962,1.06917758479,0.00227391726887,1.06528685995,1.07318676118,1.07237675926,1.07309438998
pareto,qcut,1000000,100,11,1.07318695976,1.08102714492,0.00784018516102,1.07710705234,10000,0.01,1.27548008046,1.07710593668,1.07710690207,0.00226975340345,1.07318698182,1.08102707698,1.08025758776,1.08095114704
pareto,qcut,1000000,100,12,1.08102714492,1.08915834192,0.00813119700599,1.08509274342,10000,0.01,1.22983122812,1.0850454856,1.08501269494,0.00234580967032,1.08102715331,1.08915738578,1.08833030051,1.08908323699
pareto,qcut,1000000,100,13,1.08915834192,1.09751731623,0.0083589743106,1.09333782908,10000,0.01,1.19631902533,1.09331129725,1.09331705192,0.00240477261599,1.08915847231,1.09751626389,1.09665064287,1.09744012448
pareto,qcut,1000000,100,14,1.09751731623,1.10604319909,0.00852588285998,1.10178025766,10000,0.01,1.17289906092,1.10179369617,1.10179153881,0.00246118095775,1.09751747348,1.10604251356,1.10520284715,1.10596388004
pareto,qcut,1000000,100,15,1.10604319909,1.11448822613,0.00844502703747,1.11026571261,10000,0.01,1.18412883175,1.11024078,1.11020713115,0.00244863609913,1.10604331069,1.11448794157,1.11365759316,1.11440975336
pareto,qcut,1000000,100,16,1.11448822613,1.12324178792,0.00875356178983,1.11886500703,10000,0.01,1.14239211878,1.1188624191,1.11886451856,0.00253581907607,1.11448827635,1.12323979974,1.12238364738,1.12315290498
pareto,qcut,1000000,100,17,1.12324178792,1.13213290682,0.00889111889604,1.12768734737,10000,0.01,1.12471783551,1.12766485372,1.12767517815,0.00255144276801,1.12324216662,1.13213209311,1.1312292661,1.13204691511
pareto,qcut,1000000,100,18,1.13213290682,1.1412765964,0.0091436895843,1.13670475161,10000,0.01,1.09365042501,1.13670803196,1.13671164323,0.00264498798161,1.13213307348,1.1412758806,1.14039665867,1.14119720656
pareto,qcut,1000000,100,19,1.1412765964,1.15064924619,0.00937264979104,1.1459629213,10000,0.01,1.06693413527,1.14593907173,1.14594322356,0.00268930092408,1.14127675353,1.15064891547,1.14966756591,1.15055110227
pareto,qcut,1000000,100,20,1.15064924619,1.1600357438,0.00938649760643,1.155342495,10000,0.01,1.06536009695,1.1552908599,1.15525511293,0.00271386796242,1.15064932377,1.16003526599,1.15905502942,1.15993073651
pareto,qcut,1000000,100,21,1.1600357438,1.17000752825,0.00997178445482,1.16502163603,10000,0.01,1.00282953821,1.16494694949,1.16488005851,0.00287056320152,1.16003586325,1.17000538911,1.16897319411,1.16988451812
pareto,qcut,1000000,100,22,1.17000752825,1.18005448519,0.0100469569366,1.17503100672,10000,0.01,0.995326252825,1.17501224822,1.17498823427,0.00290108916824,1.17000809689,1.18005329068,1.17904653647,1.17995075845
pareto,qcut,1000000,100,23,1.18005448519,1.19035921482,0.0103047296288,1.18520685001,10000,0.01,0.970428178145,1.18518397566,1.1851521369,0.00298387601051,1.1800548221,1.1903578134,1.18936135609,1.19026864152
pareto,qcut,1000000,100,24,1.19035921482,1.20084894962,0.010489734805,1.19560408222,10000,0.01,0.953312946983,1.1955801254,1.19558836501,0.00302661728431,1.19035963343,1.20084830693,1.19979554216,1.20072481168
pareto,qcut,1000000,100,25,1.20084894962,1.21168311509,0.0108341654667,1.20626603236,10000,0.01,0.92300602485,1.20621843743,1.20622782267,0.00312702287193,1.20084915258,1.21168273417,1.21056473512,1.21155767684
pareto,qcut,1000000,100,26,1.21168311509,1.2226376121,0.0109544970108,1.2171603636,10000,0.01,0.912867107466,1.21715289485,1.21713707994,0.00315532994111,1.21168324206,1.22263708848,1.22149952681,1.22252216538
pareto,qcut,1000000,100,27,1.2226376121,1.23369061186,0.0110529997596,1.22816411198,10000,0.01,0.904731766717,1.2281359409,1.22807272596,0.00319481196641,1.22263779608,1.23368981411,1.2325883378,1.23359391234
pareto,qcut,1000000,100,28,1.23369061186,1.24527448886,0.0115838769963,1.23948255036,10000,0.01,0.863268835052,1.23945132417,1.23941980574,0.00336207325633,1.23369090692,1.24527257485,1.2441709811,1.2451701589
pareto,qcut,1000000,100,29,1.24527448886,1.25695896555,0.0116844766892,1.2511167272,10000,0.01,0.855836360155,1.25105683583,1.25102995478,0.00338040569801,1.24527523319,1.25695844515,1.2557409078,1.25682859675
pareto,qcut,1000000,100,30,1.25695896555,1.26870512727,0.0117461617194,1.26283204641,10000,0.01,0.851341930994,1.26280749405,1.26277675876,0.00337089465654,1.2569591781,1.26870507291,1.26747582604,1.26858829851
pareto,qcut,1000000,100,31,1.26870512727,1.28092412804,0.0122190007755,1.27481462765,10000,0.01,0.818397525601,1.27484311319,1.27484459641,0.00353528392822,1.26870515056,1.28092304888,1.27975237272,1.28080715487
pareto,qcut,1000000,100,32,1.28092412804,1.2934510485,0.0125269204551,1.28718758827,10000,0.01,0.798280793418,1.28712055336,1.28708987272,0.00362144820748,1.28092461288,1.29344940059,1.29215853191,1.29330136387
pareto,qcut,1000000,100,33,1.2934510485,1.30614041441,0.0126893659151,1.29979573145,10000,0.01,0.788061441913,1.29970643492,1.29967781989,0.00364381140603,1.29345182398,1.3061402837,1.30478230932,1.30599960007
pareto,qcut,1000000,100,34,1.30614041441,1.31938519661,0.0132447822023,1.31276280551,10000,0.01,0.755014302783,1.31280327757,1.31279167698,0.00380599701823,1.30614047879,1.3193851112,1.31807402358,1.31926927729
pareto,qcut,1000000,100,35,1.31938519661,1.33284606721,0.0134608705922,1.32611563191,10000,0.01,0.742894000167,1.32609668337,1.32604241462,0.00388016034685,1.31938524062,1.33284585158,1.33149830855,1.33271896045
pareto,qcut,1000000,100,36,1.33284606721,1.34658905164,0.0137429844321,1.33971755942,10000,0.01,0.727643988059,1.33966127349,1.33955221129,0.00397979584852,1.33284618331,1.3465887548,1.34516428727,1.34646163844
pareto,qcut,1000000,100,37,1.34658905164,1.36092516468,0.0143361130459,1.35375710816,10000,0.01,0.697539142443,1.35368137857,1.35363242797,0.00412109649367,1.34658921861,1.36092415505,1.35938293172,1.36076418746
pareto,qcut,1000000,100,38,1.36092516468,1.37546071005,0.0145355453696,1.36819293737,10000,0.01,0.687968682681,1.36806218312,1.36797134242,0.00417366129936,1.36092575765,1.37545929835,1.3739003658,1.3753282993
pareto,qcut,1000000,100,39,1.37546071005,1.39046298542,0.0150022753614,1.38296184774,10000,0.01,0.666565554829,1.38293344556,1.3829426972,0.00433724051042,1.3754615753,1.39046268163,1.38890848983,1.39030646269
pareto,qcut,1000000,100,40,1.39046298542,1.40603082925,0.0155678438352,1.39824690733,10000,0.01,0.642349711742,1.39827333966,1.39820002487,0.00452473754519,1.39046317964,1.4060308097,1.40453825365,1.40585664728
pareto,qcut,1000000,100,41,1.40603082925,1.42173496804,0.0157041387925,1.41388289865,10000,0.01,0.636774810267,1.41389172823,1.41387861548,0.00453415327948,1.40603084228,1.42173431006,1.42014108717,1.42156725832
pareto,qcut,1000000,100,42,1.42173496804,1.43794000395,0.01620503591,1.429837486,10000,0.01,0.6170921222,1.4298380133,1.42982235705,0.00468099779181,1.42173542528,1.43793914204,1.43632752209,1.43780436362
pareto,qcut,1000000,100,43,1.43794000395,1.45476207512,0.0168220711693,1.44635103954,10000,0.01,0.594457121203,1.44628427842,1.44621986891,0.00488540840079,1.4379406281,1.45476137611,1.4530678141,1.45461194144
pareto,qcut,1000000,100,44,1.45476207512,1.47191630676,0.0171542316412,1.46333919094,10000,0.01,0.582946541073,1.46329836017,1.46332867361,0.00495755508211,1.45476260245,1.47191624692,1.4701378235,1.47175338497
pareto,qcut,1000000,100,45,1.47191630676,1.48981787426,0.0179015674974,1.48086709051,10000,0.01,0.558610300549,1.48076717909,1.48074723761,0.00516910245348,1.47191635378,1.48981770784,1.48796653764,1.48962178894
pareto,qcut,1000000,100,46,1.48981787426,1.50816957482,0.0183517005604,1.49899372454,10000,0.01,0.544908629426,1.49895016406,1.49888015087,0.00531998779258,1.48981801043,1.50816938906,1.50630907265,1.50797267378
pareto,qcut,1000000,100,47,1.50816957482,1.52680607366,0.0186364988399,1.51748782424,10000,0.01,0.53658147305,1.51750219946,1.51742724351,0.00536079240082,1.50816973306,1.52680571777,1.52490075765,1.52660769057
pareto,qcut,1000000,100,48,1.52680607366,1.54654715857,0.0197410849046,1.53667661611,10000,0.01,0.506557772703,1.53665539048,1.53663779795,0.00571609416261,1.52680638927,1.54654636557,1.5445325853,1.54634790635
pareto,qcut,1000000,100,49,1.54654715857,1.56653565948,0.0199885009117,1.55654140902,10000,0.01,0.500287642589,1.55650768835,1.55650056511,0.0057638201669,1.54654789057,1.5665345306,1.56452996834,1.56634996838
pareto,qcut,1000000,100,50,1.56653565948,1.58712264832,0.0205869888404,1.5768291539,10000,0.01,0.485743693627,1.57675366307,1.5766174906,0.00591557463424,1.56653674408,1.58712255782,1.58500055071,1.58691113639
pareto,qcut,1000000,100,51,1.58712264832,1.60867598865,0.0215533403287,1.59789931848,10000,0.01,0.463965206668,1.59778955948,1.59781524755,0.00625313933605,1.58712273882,1.60867578894,1.60642012597,1.60841024576
pareto,qcut,1000000,100,52,1.60867598865,1.63100442323,0.0223284345855,1.61984020594,10000,0.01,0.447859430615,1.61974827137,1.61967229321,0.00643882694864,1.6086761965,1.63100391272,1.6287674101,1.63076704405
pareto,qcut,1000000,100,53,1.63100442323,1.65416848892,0.0231640656909,1.64258645608,10000,0.01,0.43170314458,1.64254960062,1.64257188737,0.00666632013194,1.63100497629,1.6541681703,1.65186397259,1.65388900168
pareto,qcut,1000000,100,54,1.65416848892,1.67817866694,0.024010178021,1.66617357793,10000,0.01,0.416490039818,1.66611370275,1.66608938398,0.00695916606196,1.65416884822,1.67817715584,1.67583718131,1.67790753655
pareto,qcut,1000000,100,55,1.67817866694,1.70281378639,0.0246351194434,1.69049622667,10000,0.01,0.405924559163,1.69046797307,1.69041512867,0.0071117361614,1.67818044085,1.70281344121,1.70035704303,1.70255889789
pareto,qcut,1000000,100,56,1.70281378639,1.72867999687,0.0258662104788,1.71574689163,10000,0.01,0.386604756356,1.71559002906,1.71546334161,0.00742997789876,1.70281420827,1.72867974173,1.72601774192,1.72842959907
pareto,qcut,1000000,100,57,1.72867999687,1.7555529255,0.0268729286283,1.74211646118,10000,0.01,0.372121704274,1.7419881696,1.74198873662,0.00778886894964,1.72868032159,1.75555046198,1.75275623372,1.75529407644
pareto,qcut,1000000,100,58,1.7555529255,1.78352140404,0.0279684785413,1.76953716477,10000,0.01,0.3575453697,1.76944783329,1.76932158181,0.00813119795364,1.75555619108,1.78352112736,1.78078762057,1.78329937695
pareto,qcut,1000000,100,59,1.78352140404,1.81259581471,0.0290744106774,1.79805860938,10000,0.01,0.343945062583,1.79782802178,1.7976782476,0.00841437631919,1.78352178612,1.81259475722,1.8096303452,1.81231281365
pareto,qcut,1000000,100,60,1.81259581471,1.84315381286,0.0305579981417,1.82787481378,10000,0.01,0.327246567449,1.82767342628,1.82755079813,0.0088304696418,1.81259733648,1.84315336706,1.84006329053,1.84290117696
pareto,qcut,1000000,100,61,1.84315381286,1.87460419445,0.0314503815937,1.85887900365,10000,0.01,0.317961165915,1.85883762696,1.85877717395,0.00905060230904,1.84315448155,1.87460192615,1.87134838412,1.87427890645
pareto,qcut,1000000,100,62,1.87460419445,1.90736680885,0.0327626144036,1.89098550165,10000,0.01,0.30522594677,1.89079600832,1.89053553431,0.00943819086763,1.87460774229,1.9073660523,1.90395803356,1.90701262101
pareto,qcut,1000000,100,63,1.90736680885,1.94134124664,0.033974437783,1.92435402774,10000,0.01,0.294338939878,1.92431734089,1.92428035422,0.00974016012391,1.90736804323,1.9413409933,1.9379244627,1.94101637277
pareto,qcut,1000000,100,64,1.94134124664,1.97659154818,0.0352503015421,1.95896639741,10000,0.01,0.283685516507,1.95885095625,1.95892744659,0.0101454919265,1.941341678,1.97659059275,1.97298579697,1.97620131202
pareto,qcut,1000000,100,65,1.97659154818,2.01425234279,0.0376607946117,1.99542194548,10000,0.01,0.26552812024,1.99525490338,1.99514023752,0.0108697865806,1.97659324672,2.01425160767,2.01045378864,2.01385529218
pareto,qcut,1000000,100,66,2.01425234279,2.05365695379,0.0394046109965,2.03395464829,10000,0.01,0.253777406935,2.03371965184,2.03360791962,0.0113577950392,2.01425370801,2.05365542716,2.04956600717,2.05325441406
pareto,qcut,1000000,100,67,2.05365695379,2.09477612287,0.0411191690817,2.07421653833,10000,0.01,0.24319557577,2.07417567321,2.07415079276,0.0118250836573,2.05365991723,2.09477603957,2.09061585134,2.0943194433
pareto,qcut,1000000,100,68,2.09477612287,2.13899023203,0.0442141091637,2.11688317745,10000,0.01,0.226172147062,2.11674221899,2.11653078285,0.0127970338726,2.09477629199,2.13898990371,2.13446090312,2.138546567
pareto,qcut,1000000,100,69,2.13899023203,2.18535984757,0.0463696155402,2.1621750398,10000,0.01,0.215658462627,2.16172156151,2.16163758715,0.0133317060091,2.13899092971,2.18535596951,2.18024895051,2.18483967426
pareto,qcut,1000000,100,70,2.18535984757,2.23359867973,0.0482388321629,2.20947926365,10000,0.01,0.207301867637,2.20950621979,2.2096760581,0.0138890648983,2.18536847938,2.23359729539,2.22862709302,2.23311976061
pareto,qcut,1000000,100,71,2.23359867973,2.2848797753,0.051281095569,2.25923922752,10000,0.01,0.195003634167,2.25901193613,2.25899066798,0.0147768907354,2.23360190988,2.28487937319,2.27958540882,2.2844517823
pareto,qcut,1000000,100,72,2.2848797753,2.33849834447,0.0536185691644,2.31168905989,10000,0.01,0.186502552303,2.31170455371,2.31158006215,0.0154417180095,2.28488075978,2.33849805585,2.33313860093,2.337931623
pareto,qcut,1000000,100,73,2.33849834447,2.39566233811,0.0571639936465,2.36708034129,10000,0.01,0.174935293392,2.36694755955,2.36693626823,0.0165367941196,2.33849908664,2.3956619097,2.38974545483,2.39509906595
pareto,qcut,1000000,100,74,2.39566233811,2.45657425315,0.0609119150377,2.42611829563,10000,0.01,0.164171492454,2.42568533811,2.42560932009,0.0176700993752,2.39566349643,2.4565709757,2.45043374706,2.45592694569
pareto,qcut,1000000,100,75,2.45657425315,2.52283367895,0.0662594257966,2.48970396605,10000,0.01,0.150921923632,2.48944865102,2.48957816285,0.0193057874089,2.45658358128,2.52283004122,2.51644171859,2.52216136013
pareto,qcut,1000000,100,76,2.52283367895,2.59163585904,0.0688021800866,2.55723476899,10000,0.01,0.145344231642,2.55694618463,2.55682713722,0.01980092356,2.52284459213,2.59163230036,2.58455093933,2.59088292547
pareto,qcut,1000000,100,77,2.59163585904,2.66776124367,0.0761253846373,2.62969855135,10000,0.01,0.131362226249,2.62949210319,2.62947150159,0.0220281322957,2.59164712818,2.66776090596,2.66005279513,2.66698977019
pareto,qcut,1000000,100,78,2.66776124367,2.74856566019,0.0808044165145,2.70816345193,10000,0.01,0.123755611777,2.70789401181,2.7077516207,0.0233913530808,2.66776237426,2.74856407274,2.74029533391,2.74775913415
pareto,qcut,1000000,100,79,2.74856566019,2.8345141201,0.0859484599082,2.79153989014,10000,0.01,0.116348797997,2.79082861044,2.79030127736,0.0248797916563,2.7485712884,2.83451178045,2.82561414998,2.8336368212
pareto,qcut,1000000,100,80,2.8345141201,2.92894791767,0.0944337975778,2.88173101888,10000,0.01,0.105894290566,2.88105755467,2.8809248802,0.0273000801945,2.83452292162,2.92894648518,2.91899819088,2.92782966693
pareto,qcut,1000000,100,81,2.92894791767,3.0313984553,0.102450537625,2.98017318649,10000,0.01,0.0976080773399,2.97893806581,2.97826623831,0.0294794701683,2.92895364764,3.03139379731,3.02078597931,3.03024644928
pareto,qcut,1000000,100,82,3.0313984553,3.14193422032,0.110535765025,3.08666633781,10000,0.01,0.0904684560488,3.08644565859,3.0867868435,0.0319789038776,3.03141831303,3.14193281351,3.1306201537,3.14093692772
pareto,qcut,1000000,100,83,3.14193422032,3.26275477135,0.120820551029,3.20234449584,10000,0.01,0.0827673762027,3.20110720641,3.20035834435,0.0346896774781,3.14194062913,3.26275388387,3.24979294685,3.26150691335
pareto,qcut,1000000,100,84,3.26275477135,3.39747481876,0.134720047406,3.33011479506,10000,0.01,0.0742280023836,3.32904488569,3.32825892197,0.0387193261141,3.26275910433,3.39746931553,3.38310403087,3.39622353072
pareto,qcut,1000000,100,85,3.39747481876,3.54751639881,0.150041580054,3.47249560879,10000,0.01,0.0666481917639,3.47035199775,3.46925138466,0.0435984256908,3.3975037107,3.54751611423,3.53163617566,3.54582417917
pareto,qcut,1000000,100,86,3.54751639881,3.71466541064,0.167149011829,3.63109090473,10000,0.01,0.0598268568301,3.62921328544,3.62761341633,0.0482361024227,3.54751801145,3.7146615428,3.69713656726,3.71278125904
pareto,qcut,1000000,100,87,3.71466541064,3.90447693876,0.18981152812,3.8095711747,10000,0.01,0.0526838390641,3.80803505352,3.80680880495,0.0544530382599,3.71468917024,3.90447375886,3.88438912938,3.90235337977
pareto,qcut,1000000,100,88,3.90447693876,4.11835012955,0.213873190788,4.01141353416,10000,0.01,0.0467566783997,4.00962153727,4.00828372131,0.0620278656904,3.90449821965,4.11834484254,4.09558982231,4.11575005388
pareto,qcut,1000000,100,89,4.11835012955,4.36761519804,0.24926506849,4.2429826638,10000,0.01,0.0401179357404,4.2389235983,4.23576915261,0.0722668349685,4.11838890097,4.36761314156,4.34107203076,4.36495883649
pareto,qcut,1000000,100,90,4.36761519804,4.65251697751,0.284901779465,4.51006608777,10000,0.01,0.0350998158691,4.50622840315,4.504968182,0.0826150052224,4.3676318368,4.65251692325,4.62294903154,4.64956359801
pareto,qcut,1000000,100,91,4.65251697751,4.99568038586,0.343163408353,4.82409868168,10000,0.01,0.0291406360835,4.81936726465,4.81627739154,0.0988215005624,4.65251746583,4.99567342343,4.95805408633,4.99188678593
pareto,qcut,1000000,100,92,4.99568038586,5.40369746504,0.408017079183,5.19968892545,10000,0.01,0.0245087779659,5.19423495011,5.19290548472,0.117452558568,4.99575078376,5.40369246712,5.35976542135,5.39931652153
pareto,qcut,1000000,100,93,5.40369746504,5.89940344257,0.495705977528,5.65155045381,10000,0.01,0.0201732487671,5.64352321989,5.6390457992,0.142175742175,5.40375494112,5.89939775787,5.84301310155,5.89280289334
pareto,qcut,1000000,100,94,5.89940344257,6.5376341219,0.638230679327,6.21851878223,10000,0.01,0.0156683160555,6.20484456599,6.19972343662,0.183546668441,5.89947896788,6.53763066933,6.46547364244,6.53020595599
pareto,qcut,1000000,100,95,6.5376341219,7.37879882635,0.841164704452,6.95821647412,10000,0.01,0.011888278178,6.93464772518,6.92362904428,0.241735988586,6.5376882121,7.37879714684,7.27618137866,7.36764143606
pareto,qcut,1000000,100,96,7.37879882635,8.56616886265,1.1873700363,7.9724838445,10000,0.01,0.00842197435869,7.93008152678,7.91115871993,0.342831418052,7.37883073706,8.56616352166,8.42922709872,8.55030486771
pareto,qcut,1000000,100,97,8.56616886265,10.4098443446,1.84367548199,9.48800660364,10000,0.01,0.00542394803083,9.40948411296,9.36223240331,0.532114532975,8.56629704631,10.4098373345,10.1786959428,10.3866095348
pareto,qcut,1000000,100,98,10.4098443446,13.630984963,3.2211406184,12.0204146538,10000,0.01,0.00310449036062,11.8315118484,11.7488245454,0.927516485585,10.4100710069,13.6309759763,13.1957444821,13.5877257849
pareto,qcut,1000000,100,99,13.630984963,21.5792842972,7.94829933421,17.6051346301,10000,0.01,0.00125813077484,16.8146075797,16.4405329518,2.22935976345,13.6314253145,21.5792804024,20.2099400993,21.4379589032
pareto,qcut,1000000,100,100,21.5792842972,22088.4455948,22066.8663105,11055.0124396,10000,0.01,4.53168105488e-07,65.1280816005,33.8691321199,285.506647069,21.5796698891,22088.4455948,102.723225193,518.031971441
pareto,log_binning,1000000,100,1,1.000000093,1.10520207476,0.105201981764,1.05260108388,138999,0.138999,1.32125838002,1.05049957733,1.04948600258,0.0303218670874,1.000000093,1.10520148629,1.09340070165,1.10405096802
pareto,log_binning,1000000,100,2,1.10520207476,1.22147151246,0.116269437702,1.16333679361,119977,0.119977,1.03188767721,1.1605837456,1.15904605778,0.0335710537061,1.10520284387,1.22147029565,1.20836365945,1.22018198875
pareto,log_binning,1000000,100,3,1.22147151246,1.34997272429,0.128501211829,1.28572211838,103434,0.103434,0.804926261222,1.28311311195,1.28174716267,0.0370377726615,1.22147542784,1.34997258667,1.33558754523,1.34847494513
pareto,log_binning,1000000,100,4,1.34997272429,1.49199251701,0.142019792715,1.42098262065,88764,0.088764,0.625011474126,1.41804439959,1.41666657203,0.0408898634986,1.34997292419,1.49199249566,1.47600073882,1.49032876931
pareto,log_binning,1000000,100,5,1.49199251701,1.64895307198,0.156960554969,1.57047279449,76607,0.076607,0.488065297775,1.56708226044,1.56545302421,0.0452145379953,1.49199331103,1.64894985745,1.63128628125,1.64717835945
pareto,log_binning,1000000,100,6,1.64895307198,1.82242618685,0.173473114875,1.73568962941,65487,0.065487,0.377505183135,1.73192414371,1.72994739784,0.049962624416,1.64895480257,1.82242532125,1.80276088675,1.82032814903
pareto,log_binning,1000000,100,7,1.82242618685,2.0141490155,0.191722828646,1.91828760117,56700,0.0567,0.295739429679,1.91452337678,1.91301937923,0.0551339353832,1.82242731492,2.01414803892,1.9923796877,2.01197442773
pareto,log_binning,1000000,100,8,2.0141490155,2.22604146379,0.211892448293,2.12009523964,48498,0.048498,0.228880266337,2.11560397468,2.11316842639,0.0612622361927,2.0141530019,2.2260368712,2.20298086852,2.22362137096
pareto,log_binning,1000000,100,9,2.22604146379,2.46022541549,0.234183951701,2.34313343964,42121,0.042121,0.179862879988,2.33843250352,2.33591285797,0.0674202854487,2.22605244232,2.46021745372,2.43401764193,2.45762851781
pareto,log_binning,1000000,100,10,2.46022541549,2.71904598072,0.258820565226,2.5896356981,35785,0.035785,0.138261810721,2.58422265729,2.58099053816,0.07436966666,2.46022659462,2.71903585479,2.68981975114,2.71590164819
pareto,log_binning,1000000,100,11,2.71904598072,3.00509497979,0.286048999077,2.86207048026,31254,0.031254,0.10926100109,2.8559756583,2.85274481084,0.0827124305297,2.71907942414,3.00506587952,2.97319586052,3.00159414781
pareto,log_binning,1000000,100,12,3.00509497979,3.32123689766,0.316141917863,3.16316593873,26863,0.026863,0.084971332437,3.15750127263,3.15448491567,0.090592594814,3.00510684998,3.32123097672,3.2863279899,3.31776832981
pareto,log_binning,1000000,100,13,3.32123689766,3.6706375687,0.349400671048,3.49593723318,23020,0.02302,0.0658842466758,3.48865303424,3.48475149815,0.10084858049,3.32126635985,3.67061650957,3.63114361099,3.66636280408
pareto,log_binning,1000000,100,14,3.6706375687,4.05679587936,0.386158310653,3.86371672403,19672,0.019672,0.0509428373216,3.85590210955,3.85199223098,0.110962884053,3.67064797699,4.0567857283,4.01266991584,4.05247372101
pareto,log_binning,1000000,100,15,4.05679587936,4.48357880579,0.42678292643,4.27018734257,17105,0.017105,0.0400789228919,4.26043573948,4.25402392117,0.123839602515,4.05681272477,4.48357627698,4.43533826772,4.4784575071
pareto,log_binning,1000000,100,16,4.48357880579,4.95526013769,0.471681331898,4.71941947174,14630,0.01463,0.0310167034619,4.70945632919,4.70296764588,0.135935189664,4.48357937529,4.95521905942,4.90287099959,4.94996851988
pareto,log_binning,1000000,100,17,4.95526013769,5.47656327585,0.52130313816,5.21591170677,12646,0.012646,0.0242584382757,5.20575760594,5.2015487428,0.149619388981,4.95542765616,5.47649984505,5.41672010298,5.47047419757
pareto,log_binning,1000000,100,18,5.47656327585,6.05270853214,0.576145256295,5.76463590399,11085,0.011085,0.0192399397181,5.75155401438,5.74522752323,0.165586540531,5.47662895982,6.05270356541,5.98639738361,6.045889957
pareto,log_binning,1000000,100,19,6.05270853214,6.68946540555,0.636756873404,6.37108696884,9388,0.009388,0.0147434607966,6.35772747556,6.35066433696,0.182956552846,6.05291579899,6.68936091344,6.61620053447,6.68127928003
pareto,log_binning,1000000,100,20,6.68946540555,7.3932103577,0.703744952158,7.04133788162,8118,0.008118,0.0115354290999,7.02406408077,7.01395364601,0.203054201146,6.68952734275,7.39313975029,7.31302296907,7.38544176408
pareto,log_binning,1000000,100,21,7.3932103577,8.1709906666,0.777780308896,7.78210051215,7001,0.007001,0.00900125642154,7.76379421394,7.75408291504,0.224279079182,7.39323725827,8.17093210067,8.08132669826,8.16170214527
pareto,log_binning,1000000,100,22,8.1709906666,9.03059499776,0.85960433116,8.60079283218,5915,0.005915,0.00688107282105,8.59017835923,8.58073107837,0.2475437685,8.17104594037,9.03031445789,8.94024939764,9.02040761079
pareto,log_binning,1000000,100,23,9.03059499776,9.98063139968,0.950036401921,9.50561319872,4992,0.004992,0.00525453549981,9.48345355284,9.46740259442,0.276214418342,9.03073223588,9.98037200588,9.87886718829,9.97060886308
pareto,log_binning,1000000,100,24,9.98063139968,11.0306135045,1.04998210486,10.5056224521,4514,0.004514,0.00429912088894,10.4869471103,10.4829958224,0.301450922875,9.98073054881,11.0305909348,10.9111473271,11.0178113066
pareto,log_binning,1000000,100,25,11.0306135045,12.1910557974,1.16044229283,11.610834651,3783,0.003783,0.00325996391494,11.5863677813,11.5654132454,0.335784161073,11.0309187493,12.1904537804,12.0635972159,12.176325366
pareto,log_binning,1000000,100,26,12.1910557974,13.4735789078,1.28252311041,12.8323173526,3279,0.003279,0.00255667907533,12.8041453848,12.7923079301,0.370942522594,12.1911210801,13.4725627208,13.3251064902,13.4553193208
pareto,log_binning,1000000,100,27,13.4735789078,14.8910259785,1.41744707073,14.1823024431,2917,0.002917,0.00205792516718,14.1560359553,14.1425919028,0.41140275906,13.4736575947,14.8909618063,14.7371354368,14.8791842755
pareto,log_binning,1000000,100,28,14.8910259785,16.4575912763,1.56656529775,15.6743086274,2471,0.002471,0.00157733610182,15.645044223,15.6383715845,0.449198414751,14.8912308146,16.4572769281,16.2783272636,16.4404105119
pareto,log_binning,1000000,100,29,16.4575912763,18.1889623326,1.73137105631,17.3232768044,2071,0.002071,0.00119616184668,17.284418792,17.266533136,0.501568966192,16.4579795737,18.1876515017,18.0003938746,18.1690354003
pareto,log_binning,1000000,100,30,18.1889623326,20.1024770382,1.91351470566,19.1457196854,1805,0.001805,0.000943290372767,19.0874435699,19.0662776456,0.557168052839,18.1894468083,20.1001953253,19.8872565836,20.0818466586
pareto,log_binning,1000000,100,31,20.1024770382,22.2172972643,2.11482022611,21.1598871513,1552,0.001552,0.000733868525011,21.1214579989,21.0840610595,0.618101190637,20.1038251535,22.2164494685,21.9799386002,22.1818694223
pareto,log_binning,1000000,100,32,22.2172972643,24.5546007486,2.33730348428,23.3859490065,1343,0.001343,0.000574593761157,23.3127060165,23.2871326715,0.680432643014,22.2218483083,24.5542136047,24.2802004665,24.5183936491
pareto,log_binning,1000000,100,33,24.5546007486,27.1377931686,2.58319241995,25.8461969586,1154,0.001154,0.000446734045474,25.7963467274,25.737275177,0.746843531495,24.5560412576,27.1338887083,26.8581006938,27.1143417295
pareto,log_binning,1000000,100,34,27.1377931686,29.9927425251,2.85494935653,28.5652678468,1018,0.001018,0.000356573750659,28.5100494123,28.4475788241,0.837421067917,27.14049407,29.9906458329,29.7196837207,29.9687671985
pareto,log_binning,1000000,100,35,29.9927425251,33.1480381838,3.15529565874,31.5703903545,875,0.000875,0.000277311572238,31.55167651,31.5294004983,0.93769640279,29.9946068606,33.135991237,32.8675869399,33.1110558029
pareto,log_binning,1000000,100,36,33.1480381838,36.6352771681,3.48723898422,34.891657676,707,0.000707,0.000202739187993,34.8347288265,34.8575147845,0.988091380211,33.1549009623,36.631249289,36.24942359,36.5945306769
pareto,log_binning,1000000,100,37,36.6352771681,40.4893805702,3.85410340213,38.5623288691,628,0.000628,0.000162943215185,38.5410713066,38.5451098892,1.1020445808,36.6374471205,40.4533008332,40.1381501042,40.4225275309
pareto,log_binning,1000000,100,38,40.4893805702,44.7489432504,4.25956268025,42.6191619103,535,0.000535,0.000125599748181,42.5341434577,42.5123773522,1.19415736802,40.5076238258,44.7366006083,44.1935753151,44.631655111
pareto,log_binning,1000000,100,39,44.7489432504,49.4566203244,4.70767707399,47.1027817874,422,0.000422,8.96408129461e-05,47.1154603711,47.056325708,1.34615963518,44.7528692294,49.4537318641,49.0159590754,49.4117163577
pareto,log_binning,1000000,100,40,49.4566203244,54.65955431,5.20293398562,52.0580873172,402,0.000402,7.72640977401e-05,51.9686537823,51.9147114889,1.47219373002,49.4686357121,54.6503842127,54.0706976997,54.5789943867
pareto,log_binning,1000000,100,41,54.65955431,60.409847211,5.75029290099,57.5347007605,330,0.00033,5.73883810238e-05,57.4627855554,57.5129267574,1.63591951059,54.6745913587,60.408410102,59.718518026,60.3029503083
pareto,log_binning,1000000,100,42,60.409847211,66.7650822647,6.35523505364,63.5874647378,301,0.000301,4.73625282873e-05,63.5263755079,63.5094394419,1.84874419021,60.4402747746,66.7404765387,66.0527821756,66.6505052634
pareto,log_binning,1000000,100,43,66.7650822647,73.7889005783,7.02381831368,70.2769914215,242,0.000242,3.44541941708e-05,70.2154103941,70.2708747794,1.99448269575,66.8257718163,73.7807494977,73.0254578453,73.6856243563
pareto,log_binning,1000000,100,44,73.7889005783,81.5516384294,7.76273785111,77.6702695039,219,0.000219,2.82116959506e-05,77.5783510261,77.5396153342,2.22218771837,73.7950319697,81.53851505,80.5885200702,81.3763777029
pareto,log_binning,1000000,100,45,81.5516384294,90.1310316105,8.57939318101,85.84133502,176,0.000176,2.05142713811e-05,85.7408094506,85.7297111336,2.51927490649,81.5527963348,90.0485560582,89.1561124774,89.9020222615
pareto,log_binning,1000000,100,46,90.1310316105,99.6129938725,9.48196226205,94.8720127415,159,0.000159,1.6768680955e-05,94.7936523922,94.5237840923,2.91395595212,90.1491009542,99.6076765245,99.0432674644,99.5673657695
pareto,log_binning,1000000,100,47,99.6129938725,110.092477263,10.4794833903,104.852735568,125,0.000125,1.19280689081e-05,104.840654023,104.641634799,3.11310511979,99.6497883252,110.083371161,109.171270833,110.060804468
pareto,log_binning,1000000,100,48,110.092477263,121.674422971,11.5819457083,115.883450117,124,0.000124,1.07063185343e-05,115.722133459,115.676784987,3.37445561419,110.120652933,121.587830162,120.257809325,121.523654114
pareto,log_binning,1000000,100,49,121.674422971,134.474812207,12.8003892361,128.074617589,106,0.000106,8.28099818253e-06,127.406134924,127.257090171,3.69582748743,121.711324777,134.368226552,132.917653147,134.135834169
pareto,log_binning,1000000,100,50,134.474812207,148.621827633,14.1470154259,141.54831992,84,8.4e-05,5.93764815201e-06,141.428077571,140.542904335,4.35670777594,134.687622019,148.535504592,147.332565047,148.427694654
pareto,log_binning,1000000,100,51,148.621827633,164.257136979,15.6353093463,156.439482306,73,7.3e-05,4.66891945551e-06,155.611563328,155.111482573,4.69541998927,148.646644999,163.852191876,162.206920146,163.392912015
pareto,log_binning,1000000,100,52,164.257136979,181.537311701,17.2801747221,172.89722434,69,6.9e-05,3.99301518125e-06,172.538736194,171.704215844,5.09626969041,164.307533679,181.405380109,179.626555964,180.983367332
pareto,log_binning,1000000,100,53,181.537311701,200.63539488,19.098083179,191.086353291,46,4.6e-05,2.40861868538e-06,191.203297478,191.277612502,4.76448552328,181.905697065,200.069294146,196.691068925,199.668299096
pareto,log_binning,1000000,100,54,200.63539488,221.742634071,21.1072391905,211.189014476,57,5.7e-05,2.70049528911e-06,210.892100997,211.032037769,5.25114725355,201.139163254,221.160071205,218.71844327,220.645043883
pareto,log_binning,1000000,100,55,221.742634071,245.070396447,23.3277623764,233.406515259,58,5.8e-05,2.4863079049e-06,233.498418436,232.78901307,6.27324195066,222.189861963,244.592639199,242.509880974,244.383419446
pareto,log_binning,1000000,100,56,245.070396447,270.852285428,25.7818889803,257.961340937,35,3.5e-05,1.35754211132e-06,256.543457435,256.824324593,8.10436695543,245.856017823,270.256432942,266.150627249,269.423771718
pareto,log_binning,1000000,100,57,270.852285428,299.34647997,28.4941945424,285.099382699,37,3.7e-05,1.29851012089e-06,285.298061272,287.144533286,7.84203422244,273.05366941,298.291475649,294.451845183,298.243546464
pareto,log_binning,1000000,100,58,299.34647997,330.838319968,31.4918399982,315.092399969,22,2.2e-05,6.98593667478e-07,312.770929649,312.212052426,9.30076439813,300.116068585,330.729678102,326.884169425,330.36754395
pareto,log_binning,1000000,100,59,330.838319968,365.643163636,34.8048436673,348.240741802,31,3.1e-05,8.90680627567e-07,347.818400553,347.415841527,8.79004961277,331.939380466,360.563136051,359.115497299,360.427471455
pareto,log_binning,1000000,100,60,365.643163636,404.109545491,38.4663818556,384.876354563,14,1.4e-05,3.6395416789e-07,385.631671844,388.027893033,12.1576919593,367.244007587,404.021525924,398.512785904,403.478402961
pareto,log_binning,1000000,100,61,404.109545491,446.622666573,42.5131210818,425.366106032,31,3.1e-05,7.2918664194e-07,424.987452324,421.018336679,13.7536029463,404.191384985,446.600620714,440.24118796,446.385415397
pareto,log_binning,1000000,100,62,446.622666573,493.608251828,46.9855852546,470.1154592,19,1.9e-05,4.04379340962e-07,476.409749018,480.273055527,14.9134401825,448.841630631,493.313688016,492.844342314,493.269304554
pareto,log_binning,1000000,100,63,493.608251828,545.536813306,51.9285614781,519.572532567,14,1.4e-05,2.69601152073e-07,521.160068487,525.412649671,16.2517001714,494.1869898,542.957042483,540.432017974,542.95285431
pareto,log_binning,1000000,100,64,545.536813306,602.928361853,57.3915485477,574.23258758,17,1.7e-05,2.96210860836e-07,576.192758335,579.720736715,17.125019285,546.753569333,602.37916163,594.044167704,601.912694019
pareto,log_binning,1000000,100,65,602.928361853,666.357614483,63.4292526299,634.642988168,11,1.1e-05,1.73421560935e-07,640.85628301,642.51451806,20.8505027314,608.744094896,666.11933049,665.326119459,666.040009387
pareto,log_binning,1000000,100,66,666.357614483,736.459749571,70.1021350878,701.408682027,14,1.4e-05,1.99708610622e-07,688.056006132,683.199639381,17.7182109632,667.847958716,735.465580282,703.351764478,731.516120637
pareto,log_binning,1000000,100,67,736.459749571,813.93676751,77.4770179391,775.198258541,10,1e-05,1.29070532992e-07,781.004589374,786.145254574,17.7898735619,749.44481876,798.455559441,797.73978869,798.383982366
pareto,log_binning,1000000,100,68,813.93676751,899.564520519,85.6277530094,856.750644015,6,6e-06,7.00707397909e-08,846.741234611,841.139673579,20.3989033341,826.276253474,873.512460046,871.780763586,873.3392904
pareto,log_binning,1000000,100,69,899.564520519,994.200482002,94.6359614823,946.882501261,4,4e-06,4.22672305258e-08,951.485214203,959.127410884,28.5245406108,911.506561649,976.179473394,973.349008165,975.896426871
pareto,log_binning,1000000,100,70,994.200482002,1098.79233325,104.59185125,1046.49640763,2,2e-06,1.91219485657e-08,1028.13904257,1028.13904257,14.1940680576,1018.1023208,1038.17576435,1036.16841999,1037.97502991
pareto,log_binning,1000000,100,71,1098.79233325,1214.38745351,115.595120255,1156.58989338,4,4e-06,3.46035368204e-08,1168.24087865,1158.12252771,26.9764771877,1148.61943653,1208.09902264,1193.5687107,1206.64599145
pareto,log_binning,1000000,100,72,1214.38745351,1342.14340836,127.755954857,1278.26543094,2,2e-06,1.56548475743e-08,1256.56665646,1256.56665646,42.1771284604,1226.74292291,1286.39039,1280.42564329,1285.79391533
pareto,log_binning,1000000,100,73,1342.14340836,1483.3395416,141.19613324,1412.74147498,5,5e-06,3.54117346223e-08,1396.74041331,1373.3809047,39.6918956019,1371.5898408,1463.68077787,1439.36816582,1461.24951666
pareto,log_binning,1000000,100,74,1483.3395416,1639.3897865,156.050244893,1561.36466405,2,2e-06,1.28163848853e-08,1544.45615554,1544.45615554,42.5079457747,1514.39849883,1574.51381225,1568.50228091,1573.91265912
pareto,log_binning,1000000,100,75,1639.3897865,1811.85682488,172.467038384,1725.62330569,3,3e-06,1.73946281452e-08,1723.15997112,1714.5835148,42.388105916,1685.71589979,1769.18049877,1758.26110198,1768.08855909
pareto,log_binning,1000000,100,76,1811.85682488,2002.46773581,190.610910924,1907.16228034,3,3e-06,1.57388681763e-08,1875.57663814,1832.78111139,75.6371013872,1831.03974996,1962.90905305,1936.88346472,1960.30649422
pareto,log_binning,1000000,100,77,2002.46773581,2213.13129044,210.663554634,2107.79951312,3,3e-06,1.42407166974e-08,2060.03394974,2068.00372343,28.7605947785,2028.12892961,2083.96919618,2080.77610163,2083.64988672
pareto,log_binning,1000000,100,78,2213.13129044,2445.95706645,232.825776006,2329.54417844,,0,0,,,,,,,
pareto,log_binning,1000000,100,79,2445.95706645,2703.27657322,257.31950677,2574.61681983,,0,0,,,,,,,
pareto,log_binning,1000000,100,80,2703.27657322,2987.66659953,284.390026311,2845.47158637,1,1e-06,3.51629771611e-09,2714.9557207,2714.9557207,,2714.9557207,2714.9557207,2714.9557207,2714.9557207
pareto,log_binning,1000000,100,81,2987.66659953,3301.97501742,314.30841789,3144.82080847,,0,0,,,,,,,
pareto,log_binning,1000000,100,82,3301.97501742,3649.34930068,347.374283262,3475.66215905,,0,0,,,,,,,
pareto,log_binning,1000000,100,83,3649.34930068,4033.26804356,383.918742877,3841.30867212,,0,0,,,,,,,
pareto,log_binning,1000000,100,84,4033.26804356,4457.57579526,424.307751708,4245.42191941,1,1e-06,2.35677994563e-09,4036.99983668,4036.99983668,,4036.99983668,4036.99983668,4036.99983668,4036.99983668
pareto,log_binning,1000000,100,85,4457.57579526,4926.52155918,468.945763914,4692.04867722,,0,0,,,,,,,
pareto,log_binning,1000000,100,86,4926.52155918,5444.80134221,518.279783029,5185.66145069,1,1e-06,1.92945978744e-09,5091.09850891,5091.09850891,,5091.09850891,5091.09850891,5091.09850891,5091.09850891
pareto,log_binning,1000000,100,87,5444.80134221,6017.60518045,572.803838242,5731.20326133,,0,0,,,,,,,
pareto,log_binning,1000000,100,88,6017.60518045,6650.66911203,633.063931583,6334.13714624,,0,0,,,,,,,
pareto,log_binning,1000000,100,89,6650.66911203,7350.33261761,699.663505575,7000.50086482,,0,0,,,,,,,
pareto,log_binning,1000000,100,90,7350.33261761,8123.60210369,773.269486084,7736.96736065,,0,0,,,,,,,
pareto,log_binning,1000000,100,91,8123.60210369,8978.22106458,854.618960892,8550.91158414,,0,0,,,,,,,
pareto,log_binning,1000000,100,92,8978.22106458,9922.74762545,944.52656087,9450.48434502,,0,0,,,,,,,
pareto,log_binning,1000000,100,93,9922.74762545,10966.6402431,1043.89261766,10444.6939343,,0,0,,,,,,,
pareto,log_binning,1000000,100,94,10966.6402431,12120.3524227,1153.71217958,11543.4963329,,0,0,,,,,,,
pareto,log_binning,1000000,100,95,12120.3524227,13395.4373987,1275.08497596,12757.8949107,1,1e-06,7.84261456178e-10,13086.0765405,13086.0765405,,13086.0765405,13086.0765405,13086.0765405,13086.0765405
pareto,log_binning,1000000,100,96,13395.4373987,14804.6638285,1409.22642988,14100.0506136,,0,0,,,,,,,
pareto,log_binning,1000000,100,97,14804.6638285,16362.1436578,1557.47982927,15583.4037432,,0,0,,,,,,,
pareto,log_binning,1000000,100,98,16362.1436578,18083.4734364,1721.32977863,17222.8085471,,0,0,,,,,,,
pareto,log_binning,1000000,100,99,18083.4734364,19985.8905022,1902.41706577,19034.6819693,,0,0,,,,,,,
pareto,log_binning,1000000,100,100,19985.8905022,22088.4455948,2102.55509262,21037.1680485,1,1e-06,4.75611794199e-10,22088.4455948,22088.4455948,,22088.4455948,22088.4455948,22088.4455948,22088.4455948
