distribution,method,N,K,bin_id,bin_left,bin_right,bin_width,bin_center,count,frequency,density,mean,median,std,min,max,p90,p99
exponential,cut,1000000,25,1,-0.705080482101,28.2052728452,28.9103533273,13.7500961816,430984,0.430984,0.0149076005789,12.7892834376,12.1526802861,8.07918146942,5.00868585118e-05,28.2052349757,24.5638469474,27.8302411954
exponential,cut,1000000,25,2,28.2052728452,56.4104956036,28.2052227584,42.3078842244,245573,0.245573,0.00870664990323,40.9568652898,40.2963682377,8.0690389239,28.2052967532,56.4104921267,52.7390810851,56.028126999
exponential,cut,1000000,25,3,56.4104956036,84.615718362,28.2052227584,70.5131069828,139957,0.139957,0.00496209518354,69.2130820258,68.5981446839,8.09423016841,56.4105366827,84.6151139883,80.9628777327,84.244602957
exponential,cut,1000000,25,4,84.615718362,112.82094112,28.2052227584,98.7183297412,78918,0.078918,0.00279799243835,97.39667516,96.7353644925,8.09924965083,84.6158279565,112.820884829,109.206079617,112.469112069
exponential,cut,1000000,25,5,112.82094112,141.026163879,28.2052227584,126.9235525,45021,0.045021,0.00159619373992,125.629401948,124.92451267,8.06918821017,112.82121336,141.025819901,137.387062528,140.622298243
exponential,cut,1000000,25,6,141.026163879,169.231386637,28.2052227584,155.128775258,25592,0.025592,0.000907349685526,153.760785712,153.121712113,8.06732455778,141.027453423,169.231371435,165.500243196,168.819751419
exponential,cut,1000000,25,7,169.231386637,197.436609396,28.2052227584,183.333998016,14672,0.014672,0.000520187347063,181.948644052,181.334232236,7.98614766296,169.23411567,197.43242947,193.677334372,197.010854548
exponential,cut,1000000,25,8,197.436609396,225.641832154,28.2052227584,211.539220775,8410,0.00841,0.000298171727699,210.131186825,209.451172797,8.02960448609,197.440370763,225.641412934,221.922161063,225.234397811
exponential,cut,1000000,25,9,225.641832154,253.847054912,28.2052227584,239.744443533,4570,0.00457,0.000162026729558,238.597500522,238.238653904,8.13724283722,225.66311563,253.846695699,250.286054271,253.517576126
exponential,cut,1000000,25,10,253.847054912,282.052277671,28.2052227584,267.949666292,2684,0.002684,9.51596809921e-05,266.577774677,265.777286687,8.20614335171,253.849420225,282.035094144,278.584766182,281.599614138
exponential,cut,1000000,25,11,282.052277671,310.257500429,28.2052227584,296.15488905,1564,0.001564,5.54507232011e-05,294.964180094,294.131257155,8.18406793115,282.063835366,310.252973294,306.955698357,309.970351554
exponential,cut,1000000,25,12,310.257500429,338.462723188,28.2052227584,324.360111808,887,0.000887,3.14480763934e-05,323.425000675,323.131512044,8.1871626832,310.261733374,338.328573857,334.942619928,338.137537652
exponential,cut,1000000,25,13,338.462723188,366.667945946,28.2052227584,352.565334567,509,0.000509,1.8046303139e-05,351.409246049,350.945963784,8.31617459643,338.467395581,366.661998045,363.242878591,366.497547011
exponential,cut,1000000,25,14,366.667945946,394.873168704,28.2052227584,380.770557325,269,0.000269,9.53724075517e-06,378.952288055,377.624797349,8.32819054682,366.673109696,394.826343733,391.328716473,394.777831078
exponential,cut,1000000,25,15,394.873168704,423.078391463,28.2052227584,408.975780083,158,0.000158,5.60179940267e-06,407.527728453,407.072417017,7.9638632288,394.940303552,422.943066269,420.024270879,422.305440696
exponential,cut,1000000,25,16,423.078391463,451.283614221,28.2052227584,437.181002842,108,0.000108,3.82907807271e-06,437.117283947,438.410196143,8.0159219111,423.166966007,450.688128489,447.303056379,450.580235502
exponential,cut,1000000,25,17,451.283614221,479.488836979,28.2052227584,465.3862256,61,6.1e-05,2.16272002255e-06,464.420079434,461.914141472,8.29848040987,451.74991767,479.483112811,476.504955474,479.37633683
exponential,cut,1000000,25,18,479.488836979,507.694059738,28.2052227584,493.591448359,29,2.9e-05,1.02817837138e-06,492.798330214,493.86185122,8.15751935602,479.681861994,507.304434351,503.345438533,506.473100985
exponential,cut,1000000,25,19,507.694059738,535.899282496,28.2052227584,521.796671117,16,1.6e-05,5.67270825586e-07,516.748865922,512.973621189,8.05887826955,507.801255226,535.669313213,528.685373874,534.639685136
exponential,cut,1000000,25,20,535.899282496,564.104505255,28.2052227584,550.001893875,11,1.1e-05,3.89998692591e-07,546.889934106,545.855029971,7.01281218352,538.4920156,560.939877039,556.436034788,560.489492814
exponential,cut,1000000,25,21,564.104505255,592.309728013,28.2052227584,578.207116634,3,3e-06,1.06363279797e-07,573.751868193,573.814853098,7.0630476223,566.657538748,580.783212734,579.389540807,580.643845542
exponential,cut,1000000,25,22,592.309728013,620.514950771,28.2052227584,606.412339392,1,1e-06,3.54544265992e-08,606.970844712,606.970844712,,606.970844712,606.970844712,606.970844712,606.970844712
exponential,cut,1000000,25,23,620.514950771,648.72017353,28.2052227584,634.617562151,2,2e-06,7.09088531983e-08,624.490244877,624.490244877,3.9519701092,621.695780014,627.28470974,626.725816768,627.228820443
exponential,cut,1000000,25,24,648.72017353,676.925396288,28.2052227584,662.822784909,,0,0,,,,,,,
exponential,cut,1000000,25,25,676.925396288,705.130619047,28.2052227584,691.028007667,1,1e-06,3.54544265992e-08,705.130619047,705.130619047,,705.130619047,705.130619047,705.130619047,705.130619047
exponential,qcut,1000000,25,1,5.00868585118e-05,2.0431830843,2.04313299744,1.02161658558,40000,0.04,0.0195777759207,1.01504552132,1.01131008665,0.589317806658,5.00868585118e-05,2.04317348086,1.83423327172,2.022741578
exponential,qcut,1000000,25,2,2.0431830843,4.17032436178,2.12714127748,3.10675372304,40000,0.04,0.018804580788,3.09879722123,3.09731263695,0.614264528159,2.04318348444,4.17031145557,3.95230643664,4.14897754858
exponential,qcut,1000000,25,3,4.17032436178,6.39791123871,2.22758687693,5.28411780024,40000,0.04,0.0179566509456,5.27393536535,5.27005572688,0.64445849574,4.17032548406,6.39788337651,6.17428648178,6.37547055682
exponential,qcut,1000000,25,4,6.39791123871,8.73464243256,2.33673119385,7.56627683563,40000,0.04,0.0171179295698,7.55681453528,7.55073215316,0.674466351994,6.3979150381,8.73460044867,8.49662853788,8.71072768096
exponential,qcut,1000000,25,5,8.73464243256,11.1827613268,2.44811889429,9.9587018797,40000,0.04,0.016339075726,9.9511809858,9.94787180972,0.706455108528,8.73465042949,11.1826456365,10.9349078735,11.1594923176
exponential,qcut,1000000,25,6,11.1827613268,13.7411760669,2.55841474005,12.4619686969,40000,0.04,0.0156346816542,12.4496841147,12.4405801731,0.741365629669,11.1827902494,13.7411615633,13.482543103,13.714375097
exponential,qcut,1000000,25,7,13.7411760669,16.4141743485,2.67299828156,15.0776752077,40000,0.04,0.0149644690294,15.0604320811,15.0540304068,0.768619851146,13.741180647,16.4141319864,16.1343070764,16.3864367987
exponential,qcut,1000000,25,8,16.4141743485,19.2944284951,2.88025414661,17.8543014218,40000,0.04,0.0138876633672,17.8405635474,17.8332139262,0.83144374569,16.4141908226,19.2943609933,18.9950312359,19.2635390489
exponential,qcut,1000000,25,9,19.2944284951,22.3506363997,3.05620790468,20.8225324474,40000,0.04,0.0130881148297,20.8043727931,20.7882303969,0.880997886316,19.2944602606,22.3506135583,22.0350319122,22.3194340013
exponential,qcut,1000000,25,10,22.3506363997,25.5555667706,3.20493037087,23.9531015852,40000,0.04,0.0124807703667,23.9371922632,23.9306712552,0.925639517402,22.3506492481,25.5555086712,25.227973633,25.5226864789
exponential,qcut,1000000,25,11,25.5555667706,29.0056420996,3.45007532895,27.2806044351,40000,0.04,0.0115939497507,27.2592892801,27.2563049299,0.997945456107,25.5556055036,29.0056294935,28.654487722,28.9693521515
exponential,qcut,1000000,25,12,29.0056420996,32.6799465928,3.67430449326,30.8427943462,40000,0.04,0.0108864140338,30.8253629231,30.8151126917,1.0593054405,29.0056520043,32.6799352553,32.3070584285,32.6412483397
exponential,qcut,1000000,25,13,32.6799465928,36.6577907306,3.97784413782,34.6688686617,40000,0.04,0.0100556981657,34.6466327141,34.6382753209,1.14628347812,32.6799570582,36.6576242304,36.2429478049,36.6132065705
exponential,qcut,1000000,25,14,36.6577907306,41.0090040687,4.35121333802,38.8333973997,40000,0.04,0.00919283815631,38.7954082361,38.7753461607,1.25570592874,36.6579711059,41.0089938537,40.5491144607,40.9668074709
exponential,qcut,1000000,25,15,41.0090040687,45.7468522202,4.7378481515,43.3779281444,40000,0.04,0.0084426513305,43.3511121134,43.339150278,1.36300646857,41.0090170696,45.7468232664,45.2528404242,45.6973506971
exponential,qcut,1000000,25,16,45.7468522202,51.0147435034,5.26789128319,48.3807978618,40000,0.04,0.00759317112858,48.3332809097,48.3166655709,1.51901649045,45.7468956509,51.0146915987,50.4706920096,50.9562128177
exponential,qcut,1000000,25,17,51.0147435034,56.9373628856,5.92261938226,53.9760531945,40000,0.04,0.00675376846262,53.9258622921,53.9086671368,1.71402247195,51.0148357783,56.9373386542,56.3220627979,56.8740955304
exponential,qcut,1000000,25,18,56.9373628856,63.5847477281,6.64738484251,60.2610553069,40000,0.04,0.00601740397881,60.1718228304,60.1134529859,1.92704007534,56.9374143774,63.5847365455,62.8785839166,63.5165963947
exponential,qcut,1000000,25,19,63.5847477281,71.3342710807,7.74952335255,67.4595094044,40000,0.04,0.00516160777641,67.3715181855,67.3313160504,2.22922956309,63.5847764835,71.3341555001,70.4986275702,71.2512621832
exponential,qcut,1000000,25,20,71.3342710807,80.3220477058,8.98777662509,75.8281593932,40000,0.04,0.00445048888824,75.7124557074,75.6489276259,2.59107530244,71.3346370858,80.3220339784,79.3552944055,80.2221099086
exponential,qcut,1000000,25,21,80.3220477058,91.4877805666,11.1657328608,85.9049141362,40000,0.04,0.0035823891274,85.6785040564,85.5534695555,3.21138892234,80.3221026154,91.487740006,90.2519434758,91.3655020545
exponential,qcut,1000000,25,22,91.4877805666,105.911943817,14.4241632508,98.699862192,40000,0.04,0.00277312446514,98.3388665427,98.1361556076,4.16709105007,91.4879935098,105.911923928,104.277552615,105.742550635
exponential,qcut,1000000,25,23,105.911943817,126.19275519,20.2808113728,116.052349504,40000,0.04,0.00197230767866,115.426281418,115.104986317,5.82817386798,105.912089676,126.19269547,123.783661295,125.935618962
exponential,qcut,1000000,25,24,126.19275519,160.966134721,34.773379531,143.579444956,40000,0.04,0.00115030522024,141.600751973,140.621193093,9.88488099304,126.193441973,160.966103631,156.108534004,160.468884738
exponential,qcut,1000000,25,25,160.966134721,705.130619047,544.164484325,433.048376884,40000,0.04,7.35071860663e-05,211.037876051,195.366286615,50.2001815989,160.966880895,705.130619047,277.121167537,393.494854455
exponential,log_binning,1000000,25,1,5.00868585118e-05,9.67532638807e-05,4.66664053689e-05,7.34200611962e-05,1,1e-06,0.0214286914129,5.00868585118e-05,5.00868585118e-05,,5.00868585118e-05,5.00868585118e-05,5.00868585118e-05,5.00868585118e-05
exponential,log_binning,1000000,25,2,9.67532638807e-05,0.000186899205694,9.01459418135e-05,0.000141826234787,4,4e-06,0.0443724910909,0.000146273241174,0.000144396686777,2.83357318191e-05,0.000116461626147,0.000179837964993,0.000173375339281,0.000179191702421
exponential,log_binning,1000000,25,3,0.000186899205694,0.000361034984124,0.00017413577843,0.000273967094909,4,4e-06,0.0229705809804,0.000265548154106,0.000246053701997,6.20912297815e-05,0.000214816872289,0.000355268340141,0.000325369854714,0.000352278491599
exponential,log_binning,1000000,25,4,0.000361034984124,0.000697414733665,0.000336379749541,0.000529224858895,3,3e-06,0.00891849168713,0.000532099046787,0.000539353489962,5.0410324189e-05,0.000478454522438,0.00057848912796,0.00057066200036,0.0005777064152
exponential,log_binning,1000000,25,5,0.000697414733665,0.00134720271475,0.000649787981089,0.00102230872421,14,1.4e-05,0.0215454893095,0.00112115561489,0.00118694151587,0.000155757772078,0.000842131607281,0.00132869406819,0.00126175095505,0.00132085139027
exponential,log_binning,1000000,25,6,0.00134720271475,0.00260240437581,0.00125520166105,0.00197480354528,33,3.3e-05,0.0262905961838,0.00201285206273,0.00203281388709,0.000350083292531,0.00138203866138,0.00253224967984,0.00248408740861,0.00252535754847
exponential,log_binning,1000000,25,7,0.00260240437581,0.00502708943579,0.00242468505999,0.0038147469058,58,5.8e-05,0.0239206323976,0.00389627368058,0.00391871011512,0.000714301402376,0.0026385206825,0.00495898418691,0.00477082928166,0.00494981550909
exponential,log_binning,1000000,25,8,0.00502708943579,0.00971087676858,0.00468378733279,0.00736898310219,110,0.00011,0.0234852678366,0.00742980400704,0.00735421247458,0.00130695738575,0.00504464299576,0.00961719906564,0.00910360863534,0.00960915655307
exponential,log_binning,1000000,25,9,0.00971087676858,0.0187585935796,0.00904771681106,0.0142347351741,163,0.000163,0.0180155948074,0.0144941628686,0.0144476149133,0.00253766496166,0.00972235036293,0.018664468404,0.0179818586499,0.0185963696447
exponential,log_binning,1000000,25,10,0.0187585935796,0.0362361547234,0.0174775611438,0.0274973741515,361,0.000361,0.0206550557615,0.0274367152739,0.0275055967618,0.00497730216615,0.0187728551471,0.0361483632598,0.0345664063725,0.0360385954339
exponential,log_binning,1000000,25,11,0.0362361547234,0.0699977268319,0.0337615721085,0.0531169407776,652,0.000652,0.0193118969077,0.0531769354734,0.0536344569353,0.00974494398714,0.0362401611737,0.069992224006,0.0665055075503,0.0696933035001
exponential,log_binning,1000000,25,12,0.0699977268319,0.135215278747,0.0652175519148,0.102606502789,1234,0.001234,0.018921286736,0.103245873627,0.103164453389,0.0186672856251,0.0700472838464,0.135087253229,0.12914979463,0.134455330223
exponential,log_binning,1000000,25,13,0.135215278747,0.261196647863,0.125981369117,0.198205963305,2530,0.00253,0.0200823345368,0.197449575562,0.196191069923,0.0367301992643,0.135427214308,0.261055132048,0.248833138596,0.259676890763
exponential,log_binning,1000000,25,14,0.261196647863,0.504556064132,0.243359416269,0.382876355998,4863,0.004863,0.0199827895487,0.381029839764,0.380062881854,0.0701013942055,0.261242576618,0.504551911598,0.478359041927,0.50195352395
exponential,log_binning,1000000,25,15,0.504556064132,0.974655777306,0.470099713174,0.739605920719,9224,0.009224,0.0196213691298,0.739374877661,0.741468480339,0.135522770369,0.504707309456,0.974589123535,0.927032396528,0.970426287747
exponential,log_binning,1000000,25,16,0.974655777306,1.88275189174,0.908096114437,1.42870383452,17718,0.017718,0.0195111505471,1.42853586666,1.42717911605,0.261981177193,0.974799290018,1.88266362815,1.79062709384,1.87249682189
exponential,log_binning,1000000,25,17,1.88275189174,3.6369298458,1.75417795405,2.75984086877,33158,0.033158,0.0189023011738,2.75580208244,2.75492726768,0.506154372796,1.88279495532,3.63691924658,3.45628755408,3.62093103111
exponential,log_binning,1000000,25,18,3.6369298458,7.02549218581,3.38856234001,5.3312110158,60784,0.060784,0.0179379907763,5.30924014564,5.29871891715,0.978700897728,3.63694356966,7.02535586958,6.67236780678,6.99048764725
exponential,log_binning,1000000,25,19,7.02549218581,13.571210484,6.54571829818,10.2983513349,106406,0.106406,0.016255817185,10.2294132122,10.2012839417,1.8877999156,7.02555291721,13.5711301103,12.8784292379,13.4990082418
exponential,log_binning,1000000,25,20,13.571210484,26.2156371582,12.6444266742,19.8934238211,170606,0.170606,0.0134925848673,19.6209475232,19.4912195563,3.65819307182,13.5712356213,26.215621849,24.8036128356,26.0699032641
exponential,log_binning,1000000,25,21,26.2156371582,50.6409971623,24.4253600042,38.4283171603,229327,0.229327,0.00938888925121,37.4298388327,36.9215540708,7.00148713305,26.2156970625,50.6406664831,47.5699732701,50.3244177275
exponential,log_binning,1000000,25,22,50.6409971623,97.8236988147,47.1827016523,74.2323479885,221858,0.221858,0.00470210463222,70.5929229961,68.9295777327,13.3102390034,50.6411878366,97.8236323198,90.5127398801,97.0535599908
exponential,log_binning,1000000,25,23,97.8236988147,188.966975099,91.1432762847,143.395336957,118140,0.11814,0.00129620093567,130.391927645,125.071378259,24.3455684665,97.8237194124,188.966927238,168.287113538,186.425248667
exponential,log_binning,1000000,25,24,188.966975099,365.029314071,176.062338972,276.998144585,22062,0.022062,0.000125307888836,233.845401691,221.905275521,39.385368072,188.96719384,365.026044254,293.140672528,351.218475714
exponential,log_binning,1000000,25,25,365.029314071,705.130619047,340.101304975,535.079966559,687,0.000687,2.01998636862e-06,414.803475955,402.036523198,46.564506609,365.06545163,705.130619047,476.706919746,561.740349678
exponential,cut,1000000,50,1,-0.705080482101,14.1026614661,14.8077419482,6.69879049198,245434,0.245434,0.0165747080723,6.72059915176,6.55479502934,4.06539826533,5.00868585118e-05,14.1026383979,12.4988348881,13.9376770789
exponential,cut,1000000,50,2,14.1026614661,28.2052728452,14.1026113792,21.1539671556,185550,0.18555,0.0131571377109,20.8165615783,20.6522519519,4.07413581493,14.1026894498,28.2052349757,26.5933341408,28.040865263
exponential,cut,1000000,50,3,28.2052728452,42.3078842244,14.1026113792,35.2565785348,140162,0.140162,0.00993872668198,34.9089366729,34.7454286187,4.05266186068,28.2052967532,42.3077973744,40.6810374223,42.1443709136
exponential,cut,1000000,50,4,42.3078842244,56.4104956036,14.1026113792,49.359189914,105411,0.105411,0.00747457312449,48.9986234631,48.8170257111,4.06678164378,42.30793608,56.4104921267,54.8010908501,56.2471166703
exponential,cut,1000000,50,5,56.4104956036,70.5131069828,14.1026113792,63.4618012932,79517,0.079517,0.00563845927977,63.111290153,62.9369582774,4.0775798059,56.4105366827,70.5131037939,68.917982246,70.354349361
exponential,cut,1000000,50,6,70.5131069828,84.615718362,14.1026113792,77.5644126724,60440,0.06044,0.00428573108731,77.2408150561,77.0918803444,4.05083418635,70.513320069,84.6151139883,83.0204009779,84.4478360975
exponential,cut,1000000,50,7,84.615718362,98.7183297412,14.1026113792,91.6670240516,45119,0.045119,0.00319933654745,91.3374462554,91.200278905,4.0747923537,84.6158279565,98.7179513802,97.1248111749,98.5501294388
exponential,cut,1000000,50,8,98.7183297412,112.82094112,14.1026113792,105.769635431,33799,0.033799,0.00239664832925,105.485267987,105.315871665,4.06988030638,98.7192008966,112.820884829,111.273182545,112.664860229
exponential,cut,1000000,50,9,112.82094112,126.9235525,14.1026113792,119.87224681,25685,0.025685,0.0018212938944,119.573497046,119.446165258,4.04226797513,112.82121336,126.923164984,125.283824777,126.748003571
exponential,cut,1000000,50,10,126.9235525,141.026163879,14.1026113792,133.974858189,19336,0.019336,0.00137109358544,133.673770865,133.533687841,4.05813943583,126.923676742,141.025819901,139.418089715,140.866536612
exponential,cut,1000000,50,11,141.026163879,155.128775258,14.1026113792,148.077469568,14686,0.014686,0.00104136741807,147.759742593,147.578240821,4.09089244419,141.027453423,155.126187483,153.5579114,154.988832293
exponential,cut,1000000,50,12,155.128775258,169.231386637,14.1026113792,162.180080948,10906,0.010906,0.000773331952981,161.841779592,161.737858691,4.04784063834,155.128979076,169.231371435,167.621037195,169.051405437
exponential,cut,1000000,50,13,169.231386637,183.333998016,14.1026113792,176.282692327,8456,0.008456,0.000599605262645,176.049102083,175.931797647,4.05402494522,169.23411567,183.333673961,181.767082007,183.183261488
exponential,cut,1000000,50,14,183.333998016,197.436609396,14.1026113792,190.385303706,6216,0.006216,0.000440769431481,189.97414709,189.822986596,4.05243420823,183.33415031,197.43242947,195.693093556,197.24123739
exponential,cut,1000000,50,15,197.436609396,211.539220775,14.1026113792,204.487915085,4811,0.004811,0.000341142492737,204.132656403,203.980634906,4.02896011181,197.440370763,211.531778995,209.886717616,211.361646403
exponential,cut,1000000,50,16,211.539220775,225.641832154,14.1026113792,218.590526464,3599,0.003599,0.000255200962661,218.149783618,217.827713023,4.06891596463,211.540967893,225.641412934,223.896680865,225.439329327
exponential,cut,1000000,50,17,225.641832154,239.744443533,14.1026113792,232.693137844,2562,0.002562,0.000181668481894,232.405100626,232.211496175,4.20463317343,225.66311563,239.732895379,238.33016782,239.610493291
exponential,cut,1000000,50,18,239.744443533,253.847054912,14.1026113792,246.795749223,2008,0.002008,0.000142384977222,246.498361346,246.447149176,4.09592992659,239.7449542,253.846695699,252.21681904,253.734975795
exponential,cut,1000000,50,19,253.847054912,267.949666292,14.1026113792,260.898360602,1536,0.001536,0.000108915998513,260.413979714,260.110271504,4.05187242398,253.849420225,267.927840429,266.259571763,267.826351355
exponential,cut,1000000,50,20,267.949666292,282.052277671,14.1026113792,275.000971981,1148,0.001148,8.14033634717e-05,274.824803478,274.693801854,4.07412305023,267.95742988,282.035094144,280.571867183,281.843334526
exponential,cut,1000000,50,21,282.052277671,296.15488905,14.1026113792,289.10358336,887,0.000887,6.28961527869e-05,288.756515606,288.737599615,4.0243384244,282.063835366,296.145461321,294.29723173,295.942170212
exponential,cut,1000000,50,22,296.15488905,310.257500429,14.1026113792,303.20619474,677,0.000677,4.80052936153e-05,303.097412592,302.881100394,4.10211144714,296.187756294,310.252973294,308.877778284,310.171572997
exponential,cut,1000000,50,23,310.257500429,324.360111808,14.1026113792,317.308806119,480,0.00048,3.40362495352e-05,316.886507738,316.847359138,4.1414261196,310.261733374,324.344039142,322.793928513,324.152998874
exponential,cut,1000000,50,24,324.360111808,338.462723188,14.1026113792,331.411417498,407,0.000407,2.88599032517e-05,331.136245416,330.962651248,3.98589283668,324.422069192,338.328573857,336.928017176,338.282021698
exponential,cut,1000000,50,25,338.462723188,352.565334567,14.1026113792,345.514028877,280,0.00028,1.98544788955e-05,344.868803249,344.576169725,4.09591783023,338.467395581,352.560656307,350.889035578,352.482616426
exponential,cut,1000000,50,26,352.565334567,366.667945946,14.1026113792,359.616640256,229,0.000229,1.62381273824e-05,359.406294015,359.396143798,4.09810561075,352.647357319,366.661998045,365.340872641,366.597270871
exponential,cut,1000000,50,27,366.667945946,380.770557325,14.1026113792,373.719251635,166,0.000166,1.17708696309e-05,373.243644196,373.003171266,4.13469225352,366.673109696,380.767936066,379.320954052,380.735107651
exponential,cut,1000000,50,28,380.770557325,394.873168704,14.1026113792,387.821863015,103,0.000103,7.30361187943e-06,388.152626701,388.380582489,4.0086768957,380.777854768,394.826343733,393.484711518,394.806309801
exponential,cut,1000000,50,29,394.873168704,408.975780083,14.1026113792,401.924474394,89,8.9e-05,6.31088793465e-06,401.538345806,401.715200625,3.93605392544,394.940303552,408.664729564,407.157105759,408.646331494
exponential,cut,1000000,50,30,408.975780083,423.078391463,14.1026113792,416.027085773,69,6.9e-05,4.89271087068e-06,415.253164041,414.239501358,4.3442566043,409.028209768,422.943066269,421.070641032,422.663621489
exponential,cut,1000000,50,31,423.078391463,437.181002842,14.1026113792,430.129697152,50,5e-05,3.54544265992e-06,429.726533419,429.096271126,4.35491669624,423.166966007,437.092571143,435.026418762,436.930928772
exponential,cut,1000000,50,32,437.181002842,451.283614221,14.1026113792,444.232308531,58,5.8e-05,4.1127134855e-06,443.488620609,443.739816154,3.88514513952,437.247218084,450.688128489,448.420062908,450.649604487
exponential,cut,1000000,50,33,451.283614221,465.3862256,14.1026113792,458.334919911,37,3.7e-05,2.62362756834e-06,458.525837407,458.797060808,3.64198481968,451.74991767,465.076835881,462.842287605,464.517430653
exponential,cut,1000000,50,34,465.3862256,479.488836979,14.1026113792,472.43753129,24,2.4e-05,1.70181247676e-06,473.507035892,474.42426829,4.10289793527,466.533842126,479.483112811,478.296396904,479.442182018
exponential,cut,1000000,50,35,479.488836979,493.591448359,14.1026113792,486.540142669,14,1.4e-05,9.92723944776e-07,485.511065507,484.598700571,3.69275148374,479.681861994,492.330151619,490.843996077,492.295074479
exponential,cut,1000000,50,36,493.591448359,507.694059738,14.1026113792,500.642754048,15,1.5e-05,1.06363279797e-06,499.599777274,500.17002712,4.21422449358,493.86185122,507.304434351,504.225294827,506.888767668
exponential,cut,1000000,50,37,507.694059738,521.796671117,14.1026113792,514.745365427,12,1.2e-05,8.5090623838e-07,512.621197759,512.166157656,2.71946651871,507.801255226,519.299678364,514.536891503,518.783115092
exponential,cut,1000000,50,38,521.796671117,535.899282496,14.1026113792,528.847976807,4,4e-06,2.83635412793e-07,529.13187041,528.685373874,5.00084561723,523.487420677,535.669313213,533.610057058,535.463387598
exponential,cut,1000000,50,39,535.899282496,550.001893875,14.1026113792,542.950588186,8,8e-06,5.67270825586e-07,543.488702182,545.464811413,3.73515630211,538.4920156,547.279909858,546.818979796,547.233816852
exponential,cut,1000000,50,40,550.001893875,564.104505255,14.1026113792,557.053199565,3,3e-06,2.12726559595e-07,555.959885904,556.436034788,5.23433345184,550.503745885,560.939877039,560.039108589,560.849800194
exponential,cut,1000000,50,41,564.104505255,578.207116634,14.1026113792,571.155810944,2,2e-06,1.41817706397e-07,570.236195923,570.236195923,5.06098551201,566.657538748,573.814853098,573.099121663,573.743279955
exponential,cut,1000000,50,42,578.207116634,592.309728013,14.1026113792,585.258422323,1,1e-06,7.09088531983e-08,580.783212734,580.783212734,,580.783212734,580.783212734,580.783212734,580.783212734
exponential,cut,1000000,50,43,592.309728013,606.412339392,14.1026113792,599.361033703,,0,0,,,,,,,
exponential,cut,1000000,50,44,606.412339392,620.514950771,14.1026113792,613.463645082,1,1e-06,7.09088531983e-08,606.970844712,606.970844712,,606.970844712,606.970844712,606.970844712,606.970844712
exponential,cut,1000000,50,45,620.514950771,634.617562151,14.1026113792,627.566256461,2,2e-06,1.41817706397e-07,624.490244877,624.490244877,3.9519701092,621.695780014,627.28470974,626.725816768,627.228820443
exponential,cut,1000000,50,46,634.617562151,648.72017353,14.1026113792,641.66886784,,0,0,,,,,,,
exponential,cut,1000000,50,47,648.72017353,662.822784909,14.1026113792,655.771479219,,0,0,,,,,,,
exponential,cut,1000000,50,48,662.822784909,676.925396288,14.1026113792,669.874090599,,0,0,,,,,,,
exponential,cut,1000000,50,49,676.925396288,691.028007667,14.1026113792,683.976701978,,0,0,,,,,,,
exponential,cut,1000000,50,50,691.028007667,705.130619047,14.1026113792,698.079313357,1,1e-06,7.09088531983e-08,705.130619047,705.130619047,,705.130619047,705.130619047,705.130619047,705.130619047
exponential,qcut,1000000,50,1,5.00868585118e-05,1.01131162605,1.01126153919,0.505680856454,20000,0.02,0.0197772774153,0.50447578161,0.502930023875,0.292155134205,5.00868585118e-05,1.01130848311,0.90920218743,1.00246619675
exponential,qcut,1000000,50,2,1.01131162605,2.0431830843,1.03187145825,1.52724735517,20000,0.02,0.0193822591372,1.52561526103,1.52591838349,0.296419820571,1.01131169019,2.04317348086,1.93575572542,2.03327036083
exponential,qcut,1000000,50,3,2.0431830843,3.09734365332,1.05416056902,2.57026336881,20000,0.02,0.0189724417586,2.56746180655,2.56555607309,0.305798464605,2.04318348444,3.09727739107,2.99246224688,3.08635476037
exponential,qcut,1000000,50,4,3.09734365332,4.17032436178,1.07298070846,3.63383400755,20000,0.02,0.0186396641079,3.63013263591,3.6312373824,0.310620521244,3.09734788282,4.17031145557,4.06282622789,4.15865656514
exponential,qcut,1000000,50,5,4.17032436178,5.27005724176,1.09973287998,4.72019080177,20000,0.02,0.0181862344612,4.71637112717,4.71344988809,0.318598854587,4.17032548406,5.27005383328,5.16130701662,5.25811265848
exponential,qcut,1000000,50,6,5.27005724176,6.39791123871,1.12785399695,5.83398424023,20000,0.02,0.0177327917037,5.83149960354,5.8331108172,0.327692224424,5.27005762048,6.39788337651,6.28630428253,6.3865709875
exponential,qcut,1000000,50,7,6.39791123871,7.55075808574,1.15284684703,6.97433466222,20000,0.02,0.0173483581549,6.97319903684,6.97201020453,0.332912275093,6.3979150381,7.55069613569,7.43381934418,7.54051539989
exponential,qcut,1000000,50,8,7.55075808574,8.73464243256,1.18388434682,8.14270025915,20000,0.02,0.0168935420539,8.14043003372,8.14145744765,0.343152620527,7.55076817063,8.73460044867,8.61662387014,8.72337068125
exponential,qcut,1000000,50,9,8.73464243256,9.9478733024,1.21323086985,9.34125786748,20000,0.02,0.0164849085999,9.33917876176,9.33805581338,0.348670137395,8.73465042949,9.94786947739,9.82260726587,9.93575043956
exponential,qcut,1000000,50,10,9.9478733024,11.1827613268,1.23488802444,10.5653173146,20000,0.02,0.0161958004322,10.5631832098,10.5612188714,0.357044577329,9.94787414204,11.1826456365,11.0588913962,11.172249477
exponential,qcut,1000000,50,11,11.1827613268,12.4405878444,1.25782651752,11.8116745856,20000,0.02,0.0159004439176,11.806634066,11.8013383225,0.362557834807,11.1827902494,12.4405664744,12.3095926644,12.4283517976
exponential,qcut,1000000,50,12,12.4405878444,13.7411760669,1.30058822253,13.0908819556,20000,0.02,0.0153776573197,13.0927341633,13.0929343976,0.375176237466,12.4405938718,13.7411615633,13.6128039865,13.7280621149
exponential,qcut,1000000,50,13,13.7411760669,15.0540327914,1.31285672451,14.3976044292,20000,0.02,0.0152339548,14.3953105715,14.394586025,0.376658666987,13.741180647,15.0540254388,14.9184740142,15.0388255056
exponential,qcut,1000000,50,14,15.0540327914,16.4141743485,1.36014155705,15.7341035699,20000,0.02,0.0147043518348,15.7255535908,15.7207139119,0.393564802707,15.0540353748,16.4141319864,16.2753380296,16.3998271086
exponential,qcut,1000000,50,15,16.4141743485,17.8332338497,1.41905950124,17.1237040991,20000,0.02,0.0140938417188,17.1206909069,17.1177890501,0.411357687203,16.4141908226,17.8331641175,17.6948116052,17.8196086875
exponential,qcut,1000000,50,16,17.8332338497,19.2944284951,1.46119464537,18.5638311724,20000,0.02,0.0136874303936,18.5604361879,18.5625099605,0.420632574788,17.8332637349,19.2943609933,19.1443172128,19.279312204
exponential,qcut,1000000,50,17,19.2944284951,20.7882343926,1.4938058975,20.0413314438,20000,0.02,0.0133886203244,20.0416902363,20.0439008931,0.430877336847,19.2944602606,20.7882179104,20.6359239874,20.7733377839
exponential,qcut,1000000,50,18,20.7882343926,22.3506363997,1.56240200718,21.5694353962,20000,0.02,0.0128008028075,21.5670553499,21.5671341478,0.450855348754,20.7882428834,22.3506135583,22.1929073419,22.3352810463
exponential,qcut,1000000,50,19,22.3506363997,23.930682471,1.58004607122,23.1406594354,20000,0.02,0.0126578587576,23.1354193657,23.1349935043,0.456105737578,22.3506492481,23.9306245228,23.7677952536,23.9132301062
exponential,qcut,1000000,50,20,23.930682471,25.5555667706,1.62488429965,24.7431246208,20000,0.02,0.0123085686804,24.7389651608,24.7329590421,0.468917461147,23.9307179875,25.5555086712,25.3924604137,25.5391761022
exponential,qcut,1000000,50,21,25.5555667706,27.2563128925,1.70074612187,26.4059398316,20000,0.02,0.0117595446744,26.394796933,26.3907962524,0.490157737811,25.5556055036,27.2562551637,27.0784231509,27.2395550654
exponential,qcut,1000000,50,22,27.2563128925,29.0056420996,1.74932920708,28.130977496,20000,0.02,0.0114329537968,28.1237816272,28.1170401803,0.50677083688,27.2563546961,29.0056294935,28.8294954859,28.987901225
exponential,qcut,1000000,50,23,29.0056420996,30.8151149529,1.80947285329,29.9103785262,20000,0.02,0.0110529428301,29.9082990691,29.9053159387,0.522097900499,29.0056520043,30.8150844278,30.633524531,30.796894427
exponential,qcut,1000000,50,24,30.8151149529,32.6799465928,1.86483163997,31.7475307728,20000,0.02,0.0107248287574,31.7424267771,31.7338749875,0.538172457959,30.8151409557,32.6799352553,32.491065105,32.6614499603
exponential,qcut,1000000,50,25,32.6799465928,34.6382753209,1.95832872806,33.6591109569,20000,0.02,0.0102127899741,33.6543928525,33.6480993134,0.566162296373,32.6799570582,34.6382434887,34.4440761189,34.6181363347
exponential,qcut,1000000,50,26,34.6382753209,36.6577907306,2.01951540976,35.6480330258,20000,0.02,0.00990336587843,35.6388725757,35.6390341898,0.58161777433,34.6383071531,36.6576242304,36.4438050857,36.6353167598
exponential,qcut,1000000,50,27,36.6577907306,38.7753435141,2.11755278344,37.7165671224,20000,0.02,0.00944486491971,37.7080256548,37.7034428687,0.611931361707,36.6579711059,38.7753130786,38.5554243578,38.753416517
exponential,qcut,1000000,50,28,38.7753435141,41.0090040687,2.23366055457,39.8921737914,20000,0.02,0.00895391198051,39.8827908175,39.8798871461,0.643656436959,38.7753792427,41.0089938537,40.7843014589,40.9880941496
exponential,qcut,1000000,50,29,41.0090040687,43.3391377071,2.33013363839,42.1740708879,20000,0.02,0.0085831986932,42.1729566695,42.173552044,0.674442246062,41.0090170696,43.3390717096,43.1053684006,43.3178669766
exponential,qcut,1000000,50,30,43.3391377071,45.7468522202,2.40771451311,44.5429949636,20000,0.02,0.00830663265561,44.5292675573,44.5273953872,0.696099493937,43.3392288463,45.7468232664,45.4937734599,45.7229778861
exponential,qcut,1000000,50,31,45.7468522202,48.3166272305,2.56977501029,47.0317397253,20000,0.02,0.00778278250816,47.0196858486,47.0103011352,0.741921796508,45.7468956509,48.3165058192,48.0530947247,48.2913241799
exponential,qcut,1000000,50,32,48.3166272305,51.0147435034,2.6981162729,49.6656853669,20000,0.02,0.00741257899109,49.6468759708,49.6292248225,0.78310477562,48.3168253225,51.0146915987,50.7403047082,50.9842105048
exponential,qcut,1000000,50,33,51.0147435034,53.9086414636,2.89389796025,52.4616924835,20000,0.02,0.0069110937133,52.441357695,52.4385855986,0.839175177213,51.0148357783,53.9085869082,53.6101870808,53.8827776316
exponential,qcut,1000000,50,34,53.9086414636,56.9373628856,3.02872142201,55.4230021746,20000,0.02,0.00660344654172,55.4103668892,55.4015833246,0.874042223106,53.9087473654,56.9373386542,56.6284948256,56.9074472998
exponential,qcut,1000000,50,35,56.9373628856,60.1134158991,3.17605301346,58.5253893923,20000,0.02,0.0062971241082,58.5021795676,58.4893233773,0.916662914532,56.9374143774,60.1133602689,59.7819147555,60.0798124754
exponential,qcut,1000000,50,36,60.1134158991,63.5847477281,3.47133182904,61.8490818136,20000,0.02,0.0057614774343,61.8414660933,61.8396251819,1.00557727363,60.1135457028,63.5847365455,63.2359483083,63.547848266
exponential,qcut,1000000,50,37,63.5847477281,67.3312278721,3.74648014402,65.4579878001,20000,0.02,0.00533834405393,65.4431080325,65.4395811304,1.08322812538,63.5847764835,67.3311323457,66.9487228073,67.2925765374
exponential,qcut,1000000,50,38,67.3312278721,71.3342710807,4.00304320853,69.3327494764,20000,0.02,0.00499619888124,69.2999283384,69.2897916645,1.15234147415,67.3314997552,71.3341555001,70.908290104,71.2903023569
exponential,qcut,1000000,50,39,71.3342710807,75.6488622133,4.31459113266,73.491566647,20000,0.02,0.00463543343624,73.469304831,73.4520587771,1.24010803488,71.3346370858,75.6488108177,75.209411236,75.6076144417
exponential,qcut,1000000,50,40,75.6488622133,80.3220477058,4.67318549244,77.9854549596,20000,0.02,0.00427973596006,77.9556065839,77.9453314449,1.3512421326,75.6490444341,80.3220339784,79.8458102579,80.2692980906
exponential,qcut,1000000,50,41,80.3220477058,85.5534564273,5.23140872153,82.9377520665,20000,0.02,0.00382306202108,82.9039545534,82.8936080571,1.51044003193,80.3221026154,85.5534490427,85.003886469,85.4956741676
exponential,qcut,1000000,50,42,85.5534564273,91.4877805666,5.93432413927,88.5206184969,20000,0.02,0.00337022372399,88.4530535594,88.4277390016,1.71700450423,85.5534900684,91.487740006,90.8537526358,91.4247442779
exponential,qcut,1000000,50,43,91.4877805666,98.1361292467,6.64834868018,94.8119549067,20000,0.02,0.00300826580586,94.7343789913,94.6971962457,1.9239267116,91.4879935098,98.1361189953,97.4301490496,98.0696406071
exponential,qcut,1000000,50,44,98.1361292467,105.911943817,7.77581457065,102.024036532,20000,0.02,0.00257207779562,101.943354094,101.913086414,2.24559782873,98.1361922198,105.911923928,105.094957002,105.829972021
exponential,qcut,1000000,50,45,105.911943817,115.104944717,9.19300089911,110.508444267,20000,0.02,0.00217556815446,110.384730781,110.333284369,2.63562920499,105.912089676,115.104934316,114.085553883,115.007237422
exponential,qcut,1000000,50,46,115.104944717,126.19275519,11.0878104737,120.648849953,20000,0.02,0.00180378263566,120.467832055,120.372242316,3.18643545906,115.105038317,126.19269547,124.962840591,126.076381215
exponential,qcut,1000000,50,47,126.19275519,140.620814274,14.4280590841,133.406784732,20000,0.02,0.00138618783604,133.113563156,132.961689926,4.15783244598,126.193441973,140.620762617,139.03287897,140.461935074
exponential,qcut,1000000,50,48,140.620814274,160.966134721,20.3453204469,150.793474498,20000,0.02,0.000983027033279,150.08794079,149.787498903,5.83670352111,140.621623569,160.966103631,158.473507819,160.740827082
exponential,qcut,1000000,50,49,160.966134721,195.366122457,34.3999877361,178.166128589,20000,0.02,0.00058139555611,176.290492179,175.486119713,9.81735951943,160.966880895,195.366115617,190.741843769,194.872333461
exponential,qcut,1000000,50,50,195.366122457,705.130619047,509.764496589,450.248370752,20000,0.02,3.92338033225e-05,245.785259924,229.836104899,50.2889631065,195.366457612,705.130619047,311.599029913,431.796254293
exponential,log_binning,1000000,50,1,5.00868585118e-05,6.96136986415e-05,1.95268401297e-05,5.98502785766e-05,1,1e-06,0.0512115628211,5.00868585118e-05,5.00868585118e-05,,5.00868585118e-05,5.00868585118e-05,5.00868585118e-05,5.00868585118e-05
exponential,log_binning,1000000,50,2,6.96136986415e-05,9.67532638807e-05,2.71395652392e-05,8.31834812611e-05,,0,0,,,,,,,
exponential,log_binning,1000000,50,3,9.67532638807e-05,0.000134473447816,3.77201839357e-05,0.000115613355849,2,2e-06,0.0530220107996,0.000123479560208,0.000123479560208,9.92485752833e-06,0.000116461626147,0.000130497494268,0.000129093907456,0.000130357135587
exponential,log_binning,1000000,50,4,0.000134473447816,0.000186899205694,5.24257578778e-05,0.000160686326755,2,2e-06,0.0381491862199,0.00016906692214,0.00016906692214,1.52325548835e-05,0.000158295879287,0.000179837964993,0.000177683756422,0.000179622544136
exponential,log_binning,1000000,50,5,0.000186899205694,0.000259763645956,7.28644402623e-05,0.000223331425825,3,3e-06,0.0411723467469,0.000235641425428,0.000236500681945,2.04084958338e-05,0.000214816872289,0.000255606722049,0.000251785514029,0.000255224601247
exponential,log_binning,1000000,50,6,0.000259763645956,0.000361034984124,0.000101271338168,0.00031039931504,1,1e-06,0.0098744621933,0.000355268340141,0.000355268340141,,0.000355268340141,0.000355268340141,0.000355268340141,0.000355268340141
exponential,log_binning,1000000,50,7,0.000361034984124,0.000501787920636,0.000140752936512,0.00043141145238,1,1e-06,0.00710464751058,0.000478454522438,0.000478454522438,,0.000478454522438,0.000478454522438,0.000478454522438,0.000478454522438
exponential,log_binning,1000000,50,8,0.000501787920636,0.000697414733665,0.000195626813029,0.000599601327151,2,2e-06,0.0102235474219,0.000558921308961,0.000558921308961,2.76730750142e-05,0.000539353489962,0.00057848912796,0.00057457556416,0.00057809777158
exponential,log_binning,1000000,50,9,0.000697414733665,0.000969308528026,0.000271893794361,0.000833361630845,3,3e-06,0.0110337200121,0.000878757561033,0.000879067616454,3.64719144967e-05,0.000842131607281,0.000915073459363,0.000907872290781,0.000914353342504
exponential,log_binning,1000000,50,10,0.000969308528026,0.00134720271475,0.000377894186729,0.00115825562139,11,1.1e-05,0.0291086774719,0.00118726417504,0.00119366872219,9.40115294544e-05,0.00100060833999,0.00132869406819,0.00126836577648,0.00132266123902
exponential,log_binning,1000000,50,11,0.00134720271475,0.00187242255914,0.000525219844385,0.00160981263695,11,1.1e-05,0.02094361079,0.00159148491096,0.00160161333217,0.000114078515387,0.00138203866138,0.0018129468008,0.00168439259449,0.00180009138017
exponential,log_binning,1000000,50,12,0.00187242255914,0.00260240437581,0.000729981816666,0.00223741346747,22,2.2e-05,0.0301377369925,0.00222353563861,0.00218306415474,0.000202619433831,0.00188660181729,0.00253224967984,0.00250381330793,0.00252772671863
exponential,log_binning,1000000,50,13,0.00260240437581,0.00361697657516,0.00101457219936,0.00310969047548,19,1.9e-05,0.0187271048941,0.00302990454092,0.00298981375797,0.000299691644023,0.0026385206825,0.0035758331157,0.00351364775006,0.00356699945618
exponential,log_binning,1000000,50,14,0.00361697657516,0.00502708943579,0.00141011286063,0.00432203300548,39,3.9e-05,0.02765736069,0.00431835095375,0.00428531298428,0.000405783993144,0.00372733535893,0.00495898418691,0.00486104809963,0.00495287173503
exponential,log_binning,1000000,50,15,0.00502708943579,0.00698694826198,0.00195985882619,0.00600701884889,46,4.6e-05,0.0234710783171,0.00611414745768,0.00614112094599,0.000534289260576,0.00504464299576,0.00686659207718,0.0067891462897,0.00686301482927
exponential,log_binning,1000000,50,16,0.00698694826198,0.00971087676858,0.0027239285066,0.00834891251528,64,6.4e-05,0.0234954771555,0.00837543215189,0.0084167912442,0.000761031764539,0.00702287574013,0.00961719906564,0.00924004429366,0.00961458515502
exponential,log_binning,1000000,50,17,0.00971087676858,0.0134967548175,0.00378587804892,0.011603815793,58,5.8e-05,0.0153200919973,0.0116873912829,0.0118543851085,0.00108865469988,0.00972235036293,0.0134648976913,0.0131595857093,0.0134640229469
exponential,log_binning,1000000,50,18,0.0134967548175,0.0187585935796,0.00526183876214,0.0161276741986,105,0.000105,0.0199550014257,0.0160445700303,0.0161984141336,0.0016003806183,0.0135077731347,0.018664468404,0.0182700634577,0.0186478377285
exponential,log_binning,1000000,50,19,0.0187585935796,0.0260718104347,0.0073132168551,0.0224152020072,163,0.000163,0.0222884133247,0.0227300630255,0.0227327245867,0.00220045054701,0.0187728551471,0.0260628489813,0.0258052451093,0.0260276972192
exponential,log_binning,1000000,50,20,0.0260718104347,0.0362361547234,0.0101643442887,0.0311539825791,198,0.000198,0.0194798596326,0.031311383539,0.0309968768464,0.00280555790993,0.0261804721292,0.0361483632598,0.0352720527255,0.0360843389079
exponential,log_binning,1000000,50,21,0.0362361547234,0.0503631657044,0.014127010981,0.0432996602139,265,0.000265,0.0187583913085,0.0430265774288,0.0425760763307,0.00396609036901,0.0362401611737,0.0501682140483,0.0485978511807,0.05010079805
exponential,log_binning,1000000,50,22,0.0503631657044,0.0699977268319,0.0196345611275,0.0601804462681,387,0.000387,0.0197101426147,0.060127439044,0.060171664796,0.00549850876465,0.0503742079031,0.069992224006,0.0675625342277,0.0697472901799
exponential,log_binning,1000000,50,23,0.0699977268319,0.0972870091287,0.0272892822968,0.0836423679803,497,0.000497,0.0182122781609,0.0839650226288,0.0841026543747,0.00811376893652,0.0700472838464,0.0972657015107,0.0950125161757,0.0970441147841
exponential,log_binning,1000000,50,24,0.0972870091287,0.135215278747,0.037928269618,0.116251143938,737,0.000737,0.0194314163927,0.116248021451,0.116722201418,0.0109129888838,0.0973281735739,0.135087253229,0.131024832781,0.134749256428
exponential,log_binning,1000000,50,25,0.135215278747,0.187930246497,0.0527149677506,0.161572762622,1092,0.001092,0.0207151791341,0.161414312715,0.160804306433,0.0150039993333,0.135427214308,0.187833104843,0.182665493867,0.187260474908
exponential,log_binning,1000000,50,26,0.187930246497,0.261196647863,0.073266401366,0.22456344718,1438,0.001438,0.0196270046459,0.224814323148,0.225870249638,0.0216163887248,0.187963272055,0.261055132048,0.254224204661,0.26038500733
exponential,log_binning,1000000,50,27,0.261196647863,0.36302665551,0.101830007646,0.312111651686,2080,0.00208,0.0204261989965,0.311888823377,0.311795436535,0.0295035202026,0.261242576618,0.362963118561,0.353060841713,0.361249593915
exponential,log_binning,1000000,50,28,0.36302665551,0.504556064132,0.141529408623,0.433791359821,2783,0.002783,0.01966375771,0.432705482626,0.432666946378,0.0411382847189,0.36306202476,0.504551911598,0.489686763516,0.50303794356
exponential,log_binning,1000000,50,29,0.504556064132,0.701262064339,0.196706000207,0.602909064236,3855,0.003855,0.0195977753396,0.602384700512,0.601164177907,0.0562477655944,0.504707309456,0.701203239382,0.679514209518,0.698525424621
exponential,log_binning,1000000,50,30,0.701262064339,0.974655777306,0.273393712967,0.837958920823,5369,0.005369,0.0196383447949,0.837735304726,0.835669705024,0.0783018778535,0.701307079004,0.974589123535,0.947790395119,0.972118133533
exponential,log_binning,1000000,50,31,0.974655777306,1.35463464023,0.379978862928,1.16464520877,7433,0.007433,0.0195616144086,1.16532312002,1.16574818485,0.109854796275,0.974799290018,1.3546296536,1.31686569117,1.35130649228
exponential,log_binning,1000000,50,32,1.35463464023,1.88275189174,0.52811725151,1.61869326599,10285,0.010285,0.019474841942,1.61876049921,1.61848922343,0.152500490758,1.35474274205,1.88266362815,1.83103966365,1.87662737427
exponential,log_binning,1000000,50,33,1.88275189174,2.61676069737,0.734008805629,2.24975629456,13977,0.013977,0.0190420058899,2.24839133169,2.2458457486,0.211045008387,1.88279495532,2.61675531868,2.54235757896,2.60872971256
exponential,log_binning,1000000,50,34,2.61676069737,3.6369298458,1.02016914843,3.12684527158,19181,0.019181,0.0188017840273,3.12554714595,3.12546357627,0.293411859739,2.61678786876,3.63691924658,3.53472583869,3.62814593858
exponential,log_binning,1000000,50,35,3.6369298458,5.05482167954,1.41789183374,4.34587576267,26003,0.026003,0.0183391986477,4.34097537946,4.3374091247,0.409071707569,3.63694356966,5.05478299491,4.9122705456,5.04069217793
exponential,log_binning,1000000,50,36,5.05482167954,7.02549218581,1.97067050626,6.04015693267,34781,0.034781,0.017649322852,6.03313505135,6.02864746451,0.569124178766,5.05484408632,7.02535586958,6.82399620031,7.00398032544
exponential,log_binning,1000000,50,37,7.02549218581,9.76444740921,2.7389552234,8.39496979751,46146,0.046146,0.0168480300831,8.38295302643,8.37676291274,0.792205439098,7.02555291721,9.76443125007,9.4882019342,9.73684147176
exponential,log_binning,1000000,50,38,9.76444740921,13.571210484,3.80676307478,11.6678289466,60260,0.06026,0.0158297216864,11.6433984715,11.6276670725,1.09636909832,9.76453806756,13.5711301103,13.1794300894,13.5307960657
exponential,log_binning,1000000,50,39,13.571210484,18.8620764988,5.29086601478,16.2166434914,76842,0.076842,0.0145235203056,16.1534853919,16.1183099329,1.52919926427,13.5712356213,18.8620484463,18.3021453769,18.8070878298
exponential,log_binning,1000000,50,40,18.8620764988,26.2156371582,7.35356065941,22.5388568285,93764,0.093764,0.0127508297467,22.4626215676,22.4312287629,2.12239927955,18.8621366143,26.215621849,25.4343935823,26.1357090287
exponential,log_binning,1000000,50,41,26.2156371582,36.4360536685,10.2204165104,31.3258454134,109990,0.10999,0.010761792329,31.1659123628,31.0892823946,2.9470504863,26.2156970625,36.435872721,35.327729128,36.3251517465
exponential,log_binning,1000000,50,42,36.4360536685,50.6409971623,14.2049434938,43.5385254154,119337,0.119337,0.00840108938497,43.2031469636,43.0589807821,4.08685748073,36.4362104973,50.6406664831,49.0154613123,50.4774741398
exponential,log_binning,1000000,50,43,50.6409971623,70.3838735371,19.7428763747,60.5124353497,118187,0.118187,0.00598631110061,59.8651629245,59.5200991375,5.67540689943,50.6411878366,70.3835009644,68.0242172319,70.1369445898
exponential,log_binning,1000000,50,44,70.3838735371,97.8236988147,27.4398252776,84.1037861759,103671,0.103671,0.00377812172458,82.8227826443,82.1798276376,7.85121655982,70.3840118154,97.8236323198,94.2763031302,97.4530512661
exponential,log_binning,1000000,50,45,97.8236988147,135.961202032,38.1375032175,116.892450423,74977,0.074977,0.00196596509143,114.539740521,113.405335565,10.8422623768,97.8237194124,135.960428813,130.574324436,135.395254584
exponential,log_binning,1000000,50,46,135.961202032,188.966975099,53.0057730672,162.464088566,43163,0.043163,0.00081430752732,157.928230356,155.7217088,14.9436599824,135.961221144,188.966927238,180.51114972,188.017571163
exponential,log_binning,1000000,50,47,188.966975099,262.637555012,73.6705799125,225.802265056,17485,0.017485,0.000237340333424,217.038772841,213.069385294,20.2040843832,188.96719384,262.631525417,248.573458198,260.911063662
exponential,log_binning,1000000,50,48,262.637555012,365.029314071,102.391759059,313.833434541,4577,0.004577,4.47008630583e-05,298.049881796,291.728177881,26.7641738655,262.644975168,365.026044254,339.553498805,361.31460255
exponential,log_binning,1000000,50,49,365.029314071,507.33947826,142.310164189,436.184396165,653,0.000653,4.58856894532e-06,407.969187279,399.510509747,35.2943455094,365.06545163,507.304434351,461.009181441,500.181314174
exponential,log_binning,1000000,50,50,507.33947826,705.130619047,197.791140787,606.235048653,34,3.4e-05,1.71898497904e-07,546.062020236,538.563513372,42.2660926852,507.801255226,705.130619047,599.114555119,679.441468975
exponential,cut,1000000,100,1,-0.705080482101,7.05135577646,7.75643625856,3.17313764718,131343,0.131343,0.0169334209193,3.43963415726,3.39585184411,2.03266209387,5.00868585118e-05,7.05130214653,6.29795375973,6.97365084601
exponential,cut,1000000,100,2,7.05135577646,14.1026614661,7.0513056896,10.5770086213,114091,0.114091,0.0161801239405,10.4976874871,10.4594866534,2.0343650767,7.05141545156,14.1026383979,13.3529605347,14.0256511141
exponential,cut,1000000,100,3,14.1026614661,21.1539671556,7.0513056896,17.6283143109,99271,0.099271,0.0140783855317,17.5267189742,17.4820606501,2.0418603028,14.1026894498,21.1538974472,20.399605104,21.0753762776
exponential,cut,1000000,100,4,21.1539671556,28.2052728452,7.0513056896,24.6796200004,86279,0.086279,0.0122358898902,24.6017928067,24.5603498574,2.02946250151,21.1540840307,28.2052349757,27.4540819085,28.1296397286
exponential,cut,1000000,100,5,28.2052728452,35.2565785348,7.0513056896,31.73092569,75232,0.075232,0.0106692296876,31.6518951749,31.6083750955,2.03164889277,28.2052967532,35.256379364,34.5095732833,35.1767651175
exponential,cut,1000000,100,6,35.2565785348,42.3078842244,7.0513056896,38.7822313796,64930,0.06493,0.00920822367633,38.6827507184,38.6290463579,2.03427362244,35.2566304724,42.3077973744,41.5416637957,42.2301586728
exponential,cut,1000000,100,7,42.3078842244,49.359189914,7.0513056896,45.8335370692,56858,0.056858,0.0080634711503,45.7461073094,45.6938159509,2.03875390353,42.30793608,49.3591802776,48.6132191101,49.2905168265
exponential,cut,1000000,100,8,49.359189914,56.4104956036,7.0513056896,52.8848427588,48553,0.048553,0.00688567509867,52.8074831313,52.7804781152,2.03541790521,49.3592971404,56.4104921267,55.6560147413,56.3327172042
exponential,cut,1000000,100,9,56.4104956036,63.4618012932,7.0513056896,59.9361484484,42738,0.042738,0.00606100513598,59.83459268,59.7697126482,2.04086844369,56.4105366827,63.4616245398,62.7156870243,63.3905339254
exponential,cut,1000000,100,10,63.4618012932,70.5131069828,7.0513056896,66.987454138,36779,0.036779,0.00521591342356,66.918884068,66.8896068861,2.0329475551,63.4622467718,70.5131037939,69.7594143245,70.4429898432
exponential,cut,1000000,100,11,70.5131069828,77.5644126724,7.0513056896,74.0387598276,32289,0.032289,0.00457915192184,73.9691081772,73.9261761841,2.02737244886,70.513320069,77.5643746633,76.8095599362,77.4852256492
exponential,cut,1000000,100,12,77.5644126724,84.615718362,7.0513056896,81.0900655172,28151,0.028151,0.00399231025277,80.9934399509,80.9431400885,2.0386697343,77.5647871308,84.6151139883,83.875326915,84.533753853
exponential,cut,1000000,100,13,84.615718362,91.6670240516,7.0513056896,88.1413712068,24074,0.024074,0.00341411946379,88.0404211615,87.9925797875,2.0441622225,84.6158279565,91.6669496722,90.9162671937,91.5945455329
exponential,cut,1000000,100,14,91.6670240516,98.7183297412,7.0513056896,95.1926768964,21045,0.021045,0.00298455363112,95.1090110978,95.0720203202,2.03901994145,91.6670550554,98.7179513802,97.976926151,98.6395862519
exponential,cut,1000000,100,15,98.7183297412,105.769635431,7.0513056896,102.243982586,18041,0.018041,0.0025585332411,102.19132627,102.169146351,2.0324247566,98.7192008966,105.768501337,105.046211392,105.696711598
exponential,cut,1000000,100,16,105.769635431,112.82094112,7.0513056896,109.295288276,15758,0.015758,0.0022347634174,109.256432,109.210592914,2.03818708223,105.769676766,112.820884829,112.126014309,112.757550839
exponential,cut,1000000,100,17,112.82094112,119.87224681,7.0513056896,116.346593965,13656,0.013656,0.00193666259855,116.293429527,116.293809412,2.0384531002,112.82121336,119.871308172,119.145477187,119.805764373
exponential,cut,1000000,100,18,119.87224681,126.9235525,7.0513056896,123.397899655,12029,0.012029,0.00170592519024,123.297214899,123.25268261,2.02282662367,119.872335452,126.923164984,126.143821208,126.830551642
exponential,cut,1000000,100,19,126.9235525,133.974858189,7.0513056896,130.449205344,10283,0.010283,0.00145831147488,130.379462098,130.325357477,2.03813002201,126.923676742,133.974408144,133.229758413,133.888532726
exponential,cut,1000000,100,20,133.974858189,141.026163879,7.0513056896,137.500511034,9053,0.009053,0.00128387569601,137.415666045,137.370088326,2.03138057332,133.975573143,141.025819901,140.252324293,140.950224623
exponential,cut,1000000,100,21,141.026163879,148.077469568,7.0513056896,144.551816724,7846,0.007846,0.00111270172439,144.451181354,144.424762265,2.04900787265,141.027453423,148.075622168,147.329313152,147.99906028
exponential,cut,1000000,100,22,148.077469568,155.128775258,7.0513056896,151.603122413,6840,0.00684,0.000970033111753,151.554913861,151.503233478,2.03841829723,148.078454749,155.126187483,154.434164902,155.062229932
exponential,cut,1000000,100,23,155.128775258,162.180080948,7.0513056896,158.654428103,5817,0.005817,0.000824953598109,158.575890387,158.527754783,2.05088120294,155.128979076,162.17945576,161.461132487,162.101002736
exponential,cut,1000000,100,24,162.180080948,169.231386637,7.0513056896,165.705733792,5089,0.005089,0.000721710307852,165.574866151,165.521102477,2.0437209272,162.180596128,169.231371435,168.445772717,169.144124923
exponential,cut,1000000,100,25,169.231386637,176.282692327,7.0513056896,172.757039482,4417,0.004417,0.000626408809154,172.696710916,172.681909232,2.01924327978,169.23411567,176.28172005,175.535413474,176.228049554
exponential,cut,1000000,100,26,176.282692327,183.333998016,7.0513056896,179.808345172,4039,0.004039,0.000572801716136,179.715235231,179.653571287,2.05342794335,176.283198711,183.333673961,182.571561866,183.250997609
exponential,cut,1000000,100,27,183.333998016,190.385303706,7.0513056896,186.859650861,3347,0.003347,0.000474663863309,186.713674179,186.679216956,2.02423858623,183.33415031,190.380952743,189.582626466,190.302808742
exponential,cut,1000000,100,28,190.385303706,197.436609396,7.0513056896,193.910956551,2869,0.002869,0.000406874999652,193.777842745,193.765172769,1.9817738395,190.388183181,197.43242947,196.602217252,197.338641958
exponential,cut,1000000,100,29,197.436609396,204.487915085,7.0513056896,200.96226224,2568,0.002568,0.000364187870027,200.883849381,200.87227777,2.03049574495,197.440370763,204.484273512,203.710384004,204.378232334
exponential,cut,1000000,100,30,204.487915085,211.539220775,7.0513056896,208.01356793,2243,0.002243,0.000318097115448,207.852200064,207.701421391,2.04306826456,204.49191418,211.531778995,210.756099983,211.44550092
exponential,cut,1000000,100,31,211.539220775,218.590526464,7.0513056896,215.06487362,1971,0.001971,0.000279522699308,214.926811786,214.879439578,2.00771337716,211.540967893,218.586753476,217.6996845,218.51592942
exponential,cut,1000000,100,32,218.590526464,225.641832154,7.0513056896,222.116179309,1628,0.001628,0.000230879226014,222.051796814,222.014681432,1.97814735435,218.591087243,225.641412934,224.852744656,225.557479734
exponential,cut,1000000,100,33,225.641832154,232.693137844,7.0513056896,229.167484999,1361,0.001361,0.000193013898406,228.949147311,228.702822981,2.03054264694,225.66311563,232.687134313,231.812842593,232.590715074
exponential,cut,1000000,100,34,232.693137844,239.744443533,7.0513056896,236.218790688,1201,0.001201,0.000170323065382,236.321464041,236.368577474,2.03966224079,232.698281404,239.732895379,239.065814167,239.66625504
exponential,cut,1000000,100,35,239.744443533,246.795749223,7.0513056896,243.270096378,1059,0.001059,0.000150184951074,243.133837334,243.129356626,2.06506229418,239.7449542,246.795442325,246.007717373,246.732714056
exponential,cut,1000000,100,36,246.795749223,253.847054912,7.0513056896,250.321402068,949,0.000949,0.00013458500337,250.252872335,250.173574974,2.00041036978,246.797186648,253.846695699,253.096215564,253.786647797
exponential,cut,1000000,100,37,253.847054912,260.898360602,7.0513056896,257.372707757,861,0.000861,0.000122105045207,257.317069438,257.267511902,2.03872437767,253.849420225,260.887581726,260.192713114,260.846218423
exponential,cut,1000000,100,38,260.898360602,267.949666292,7.0513056896,264.424013447,675,0.000675,9.57269518177e-05,264.364260823,264.321342839,2.05116705081,260.90010629,267.927840429,267.282333249,267.88814254
exponential,cut,1000000,100,39,267.949666292,275.000971981,7.0513056896,271.475319136,601,0.000601,8.52324415444e-05,271.46495986,271.460648716,2.07631130268,267.95742988,274.967727441,274.329451427,274.925653182
exponential,cut,1000000,100,40,275.000971981,282.052277671,7.0513056896,278.526624826,547,0.000547,7.75742853989e-05,278.516331841,278.5061179,2.01333376389,275.006500246,282.035094144,281.171681931,281.955891354
exponential,cut,1000000,100,41,282.052277671,289.10358336,7.0513056896,285.577930516,464,0.000464,6.5803415768e-05,285.431082805,285.364411205,2.03130606393,282.063835366,289.074546473,288.355141507,289.005347822
exponential,cut,1000000,100,42,289.10358336,296.15488905,7.0513056896,292.629236205,423,0.000423,5.99888898058e-05,292.40427168,292.362543692,1.9946414169,289.1055531,296.145461321,295.169750166,296.063292056
exponential,cut,1000000,100,43,296.15488905,303.20619474,7.0513056896,299.680541895,352,0.000352,4.99198326516e-05,299.684280896,299.881042856,2.06135327047,296.187756294,303.188210306,302.464830922,303.142992874
exponential,cut,1000000,100,44,303.20619474,310.257500429,7.0513056896,306.731847584,325,0.000325,4.60907545789e-05,306.794096767,306.754926542,2.03511929171,303.232520116,310.252973294,309.676236067,310.23748744
exponential,cut,1000000,100,45,310.257500429,317.308806119,7.0513056896,313.783153274,252,0.000252,3.57380620119e-05,313.462491101,313.264191757,2.02813969442,310.261733374,317.25590667,316.348028569,317.157925167
exponential,cut,1000000,100,46,317.308806119,324.360111808,7.0513056896,320.834458964,228,0.000228,3.23344370584e-05,320.670947179,320.637917341,2.05994140254,317.328715656,324.344039142,323.536409868,324.253162079
exponential,cut,1000000,100,47,324.360111808,331.411417498,7.0513056896,327.885764653,218,0.000218,3.09162599945e-05,327.970662561,328.194943687,2.04290278751,324.422069192,331.394280995,330.726448635,331.235968023
exponential,cut,1000000,100,48,331.411417498,338.462723188,7.0513056896,334.937070343,189,0.000189,2.6803546509e-05,334.787552624,334.732404506,2.11416937779,331.452032566,338.328573857,337.754696814,338.298562955
exponential,cut,1000000,100,49,338.462723188,345.514028877,7.0513056896,341.988376032,157,0.000157,2.22653799043e-05,341.700596094,341.563760795,1.93796044659,338.467395581,345.509657931,344.677471952,345.420305732
exponential,cut,1000000,100,50,345.514028877,352.565334567,7.0513056896,349.039681722,123,0.000123,1.74435778868e-05,348.912774983,348.699504016,2.03930328429,345.592052061,352.560656307,351.746898487,352.526166651
exponential,cut,1000000,100,51,352.565334567,359.616640256,7.0513056896,356.090987411,119,0.000119,1.68763070612e-05,356.065665974,355.91251638,2.0596151382,352.647357319,359.605115601,359.047870657,359.483166502
exponential,cut,1000000,100,52,359.616640256,366.667945946,7.0513056896,363.142293101,110,0.00011,1.55999477036e-05,363.020246168,363.061646618,2.27449792384,359.686157268,366.661998045,366.168353204,366.639274623
exponential,cut,1000000,100,53,366.667945946,373.719251635,7.0513056896,370.193598791,89,8.9e-05,1.26217758693e-05,369.93158803,369.853764056,2.05135904365,366.673109696,373.661648581,372.7757133,373.608307254
exponential,cut,1000000,100,54,373.719251635,380.770557325,7.0513056896,377.24490448,77,7.7e-05,1.09199633925e-05,377.07186496,376.667162833,2.13281336548,373.721703304,380.767936066,380.001415601,380.745214927
exponential,cut,1000000,100,55,380.770557325,387.821863015,7.0513056896,384.29621017,49,4.9e-05,6.94906761343e-06,384.673168362,384.846812368,2.3856555498,380.777854768,387.815006176,387.469242724,387.78983735
exponential,cut,1000000,100,56,387.821863015,394.873168704,7.0513056896,391.347515859,54,5.4e-05,7.65815614542e-06,391.309912971,391.35719194,2.1029250454,388.152386314,394.826343733,394.362235341,394.815832194
exponential,cut,1000000,100,57,394.873168704,401.924474394,7.0513056896,398.398821549,46,4.6e-05,6.52361449424e-06,398.327085145,398.086924063,2.09069900982,394.940303552,401.912644633,401.280887302,401.823794829
exponential,cut,1000000,100,58,401.924474394,408.975780083,7.0513056896,405.450127239,43,4.3e-05,6.09816137505e-06,404.973647907,404.380405245,2.09778173368,402.036523198,408.664729564,407.80333148,408.655948667
exponential,cut,1000000,100,59,408.975780083,416.027085773,7.0513056896,412.501432928,43,4.3e-05,6.09816137505e-06,412.244990254,412.426943394,2.15755154317,409.028209768,415.99309156,415.349175887,415.906452483
exponential,cut,1000000,100,60,416.027085773,423.078391463,7.0513056896,419.552738618,26,2.6e-05,3.68726036631e-06,420.22822069,420.241455447,1.48567333066,416.92571972,422.943066269,422.019479095,422.840329217
exponential,cut,1000000,100,61,423.078391463,430.129697152,7.0513056896,426.604044307,26,2.6e-05,3.68726036631e-06,426.019597084,425.903933999,1.96487162108,423.166966007,429.595596852,428.489198397,429.345933989
exponential,cut,1000000,100,62,430.129697152,437.181002842,7.0513056896,433.655349997,24,2.4e-05,3.40362495352e-06,433.742381116,433.827335325,1.96111184851,430.453745999,437.092571143,436.541913969,437.016698193
exponential,cut,1000000,100,63,437.181002842,444.232308531,7.0513056896,440.706655687,31,3.1e-05,4.3963488983e-06,440.366883074,439.935717714,2.00227156552,437.247218084,444.142356563,443.052896226,444.120693766
exponential,cut,1000000,100,64,444.232308531,451.283614221,7.0513056896,447.757961376,27,2.7e-05,3.82907807271e-06,447.072837779,446.79424448,1.87231056902,444.319610438,450.688128489,449.504257333,450.670556138
exponential,cut,1000000,100,65,451.283614221,458.334919911,7.0513056896,454.809267066,17,1.7e-05,2.41090100874e-06,455.18914354,455.339477397,2.11118624671,451.74991767,458.092803143,457.600162248,458.036653293
exponential,cut,1000000,100,66,458.334919911,465.3862256,7.0513056896,461.860572755,20,2e-05,2.83635412793e-06,461.362027195,461.331568125,1.7174462963,458.680824326,465.076835881,463.46928155,464.781594233
exponential,cut,1000000,100,67,465.3862256,472.43753129,7.0513056896,468.911878445,10,1e-05,1.41817706397e-06,469.317444732,469.72650627,2.07847270085,466.533842126,472.255438551,472.219899683,472.251884664
exponential,cut,1000000,100,68,472.43753129,479.488836979,7.0513056896,475.963184135,14,1.4e-05,1.98544788955e-06,476.499601007,476.449690659,1.90935592026,473.427777404,479.483112811,479.035770988,479.459978015
exponential,cut,1000000,100,69,479.488836979,486.540142669,7.0513056896,483.014489824,9,9e-06,1.27635935757e-06,483.304811747,483.495004467,1.93209499067,479.681861994,486.126391573,485.470643641,486.06081678
exponential,cut,1000000,100,70,486.540142669,493.591448359,7.0513056896,490.065795514,5,5e-06,7.09088531983e-07,489.482322276,488.005889501,2.48732008705,487.429964239,492.330151619,492.222221958,492.319358652
exponential,cut,1000000,100,71,493.591448359,500.642754048,7.0513056896,497.117101203,10,1e-05,1.41817706397e-06,497.228641037,496.766927711,2.73830577052,493.86185122,500.62179766,500.236367401,500.583254635
exponential,cut,1000000,100,72,500.642754048,507.694059738,7.0513056896,504.168406893,5,5e-06,7.09088531983e-07,504.342049747,504.060157144,1.76650468022,502.843511745,507.304434351,506.116815256,507.185672441
exponential,cut,1000000,100,73,507.694059738,514.745365427,7.0513056896,511.219712583,11,1.1e-05,1.55999477036e-06,512.014063158,512.128438486,1.8081382626,507.801255226,514.60364862,513.93607745,514.536891503
exponential,cut,1000000,100,74,514.745365427,521.796671117,7.0513056896,518.271018272,1,1e-06,1.41817706397e-07,519.299678364,519.299678364,,519.299678364,519.299678364,519.299678364,519.299678364
exponential,cut,1000000,100,75,521.796671117,528.847976807,7.0513056896,525.322323962,3,3e-06,4.2545311919e-07,526.952722809,528.56562172,3.00342799568,523.487420677,528.805126029,528.757225167,528.800335943
exponential,cut,1000000,100,76,528.847976807,535.899282496,7.0513056896,532.373629651,1,1e-06,1.41817706397e-07,535.669313213,535.669313213,,535.669313213,535.669313213,535.669313213,535.669313213
exponential,cut,1000000,100,77,535.899282496,542.950588186,7.0513056896,539.424935341,3,3e-06,4.2545311919e-07,539.074538821,538.635011143,0.888005046112,538.4920156,540.09658972,539.804274005,540.067358149
exponential,cut,1000000,100,78,542.950588186,550.001893875,7.0513056896,546.476241031,5,5e-06,7.09088531983e-07,546.137200199,545.855029971,0.799283902204,545.339684107,547.279909858,547.016521251,547.253570997
exponential,cut,1000000,100,79,550.001893875,557.053199565,7.0513056896,553.52754672,2,2e-06,2.83635412793e-07,553.469890337,553.469890337,4.19476171175,550.503745885,556.436034788,555.842805898,556.376711899
exponential,cut,1000000,100,80,557.053199565,564.104505255,7.0513056896,560.57885241,1,1e-06,1.41817706397e-07,560.939877039,560.939877039,,560.939877039,560.939877039,560.939877039,560.939877039
exponential,cut,1000000,100,81,564.104505255,571.155810944,7.0513056896,567.630158099,1,1e-06,1.41817706397e-07,566.657538748,566.657538748,,566.657538748,566.657538748,566.657538748,566.657538748
exponential,cut,1000000,100,82,571.155810944,578.207116634,7.0513056896,574.681463789,1,1e-06,1.41817706397e-07,573.814853098,573.814853098,,573.814853098,573.814853098,573.814853098,573.814853098
exponential,cut,1000000,100,83,578.207116634,585.258422323,7.0513056896,581.732769479,1,1e-06,1.41817706397e-07,580.783212734,580.783212734,,580.783212734,580.783212734,580.783212734,580.783212734
exponential,cut,1000000,100,84,585.258422323,592.309728013,7.0513056896,588.784075168,,0,0,,,,,,,
exponential,cut,1000000,100,85,592.309728013,599.361033703,7.0513056896,595.835380858,,0,0,,,,,,,
exponential,cut,1000000,100,86,599.361033703,606.412339392,7.0513056896,602.886686547,,0,0,,,,,,,
exponential,cut,1000000,100,87,606.412339392,613.463645082,7.0513056896,609.937992237,1,1e-06,1.41817706397e-07,606.970844712,606.970844712,,606.970844712,606.970844712,606.970844712,606.970844712
exponential,cut,1000000,100,88,613.463645082,620.514950771,7.0513056896,616.989297927,,0,0,,,,,,,
exponential,cut,1000000,100,89,620.514950771,627.566256461,7.0513056896,624.040603616,2,2e-06,2.83635412793e-07,624.490244877,624.490244877,3.9519701092,621.695780014,627.28470974,626.725816768,627.228820443
exponential,cut,1000000,100,90,627.566256461,634.617562151,7.0513056896,631.091909306,,0,0,,,,,,,
exponential,cut,1000000,100,91,634.617562151,641.66886784,7.0513056896,638.143214995,,0,0,,,,,,,
exponential,cut,1000000,100,92,641.66886784,648.72017353,7.0513056896,645.194520685,,0,0,,,,,,,
exponential,cut,1000000,100,93,648.72017353,655.771479219,7.0513056896,652.245826375,,0,0,,,,,,,
exponential,cut,1000000,100,94,655.771479219,662.822784909,7.0513056896,659.297132064,,0,0,,,,,,,
exponential,cut,1000000,100,95,662.822784909,669.874090599,7.0513056896,666.348437754,,0,0,,,,,,,
exponential,cut,1000000,100,96,669.874090599,676.925396288,7.0513056896,673.399743443,,0,0,,,,,,,
exponential,cut,1000000,100,97,676.925396288,683.976701978,7.0513056896,680.451049133,,0,0,,,,,,,
exponential,cut,1000000,100,98,683.976701978,691.028007667,7.0513056896,687.502354823,,0,0,,,,,,,
exponential,cut,1000000,100,99,691.028007667,698.079313357,7.0513056896,694.553660512,,0,0,,,,,,,
exponential,cut,1000000,100,100,698.079313357,705.130619047,7.0513056896,701.604966202,1,1e-06,1.41817706397e-07,705.130619047,705.130619047,,705.130619047,705.130619047,705.130619047,705.130619047
exponential,qcut,1000000,100,1,5.00868585118e-05,0.502943537743,0.502893450885,0.251496812301,10000,0.01,0.0198849278757,0.251285186068,0.253261040385,0.144479380969,5.00868585118e-05,0.502916234214,0.451745969886,0.497946012128
exponential,qcut,1000000,100,2,0.502943537743,1.01131162605,0.508368088306,0.757127581896,10000,0.01,0.0196707862473,0.757666377152,0.760185944893,0.147036430709,0.502943813536,1.01130848311,0.96233976703,1.00676941943
exponential,qcut,1000000,100,3,1.01131162605,1.52595226179,0.514640635739,1.26863194392,10000,0.01,0.0194310346008,1.26901272464,1.26981087364,0.147587242965,1.01131169019,1.52588234275,1.47161760428,1.52104417058
exponential,qcut,1000000,100,4,1.52595226179,2.0431830843,0.51723082251,1.78456767304,10000,0.01,0.0193337279311,1.78221779741,1.78020378907,0.149175465366,1.52595442423,2.04317348086,1.99052033801,2.03811796184
exponential,qcut,1000000,100,5,2.0431830843,2.5655651045,0.522382020204,2.3043740944,10000,0.01,0.0191430784622,2.30241448159,2.30163367658,0.151050048929,2.04318348444,2.5655460382,2.51292195442,2.56103138313
exponential,qcut,1000000,100,6,2.5655651045,3.09734365332,0.531778548817,2.83145437891,10000,0.01,0.0188048202062,2.83250913151,2.83275903772,0.153962386551,2.56556610799,3.09727739107,3.04624143855,3.09268596694
exponential,qcut,1000000,100,7,3.09734365332,3.63125601911,0.533912365791,3.36429983621,10000,0.01,0.0187296654671,3.3612186083,3.35824123646,0.154335894428,3.09734788282,3.63121571182,3.57801630603,3.62623882169
exponential,qcut,1000000,100,8,3.63125601911,4.17032436178,0.539068342671,3.90079019044,10000,0.01,0.0185505235764,3.89904666351,3.89711710657,0.156576897152,3.63125905299,4.17031145557,4.11680766474,4.1637035324
exponential,qcut,1000000,100,9,4.17032436178,4.71346648061,0.543142118827,4.44189542119,10000,0.01,0.0184113874681,4.44016909501,4.43926444055,0.156747728851,4.17032548406,4.7134296533,4.6567883486,4.70733535801
exponential,qcut,1000000,100,10,4.71346648061,5.27005724176,0.556590761154,4.99176186118,10000,0.01,0.017966521721,4.99257315932,4.99302423553,0.160811620091,4.71347012287,5.27005383328,5.21351786761,5.26385978614
exponential,qcut,1000000,100,11,5.27005724176,5.83317672166,0.5631194799,5.55161698171,10000,0.01,0.0177582206919,5.54789407096,5.54324801398,0.163978447818,5.27005762048,5.83302632429,5.77609243935,5.82802051272
exponential,qcut,1000000,100,12,5.83317672166,6.39791123871,0.564734517045,6.11554398019,10000,0.01,0.0177074354377,6.11510513611,6.11622320407,0.164334754689,5.8331953101,6.39788337651,6.34281061124,6.39217182254
exponential,qcut,1000000,100,13,6.39791123871,6.97202391849,0.57411267978,6.6849675786,10000,0.01,0.0174181834894,6.68446517486,6.68139055539,0.164616503986,6.3979150381,6.97199167216,6.91414102537,6.96562524305
exponential,qcut,1000000,100,14,6.97202391849,7.55075808574,0.57873416725,7.26139100211,10000,0.01,0.0172790904113,7.26193289882,7.26297287688,0.166800765502,6.9720287369,7.55069613569,7.49400151512,7.54543093383
exponential,qcut,1000000,100,15,7.55075808574,8.14146198722,0.590703901485,7.84611003648,10000,0.01,0.0169289553952,7.84277742507,7.84179220471,0.170012421475,7.55076817063,8.14145096256,8.08123813583,8.13508723237
exponential,qcut,1000000,100,16,8.14146198722,8.73464243256,0.593180445337,8.43805220989,10000,0.01,0.0168582765643,8.43808264237,8.43594908968,0.171473388566,8.14146393275,8.73460044867,8.67695356012,8.72898875689
exponential,qcut,1000000,100,17,8.73464243256,9.33806346269,0.603421030128,9.03635294762,10000,0.01,0.0165721768064,9.03763796002,9.03960704445,0.17480258025,8.73465042949,9.33804422353,9.27934439393,9.3316846726
exponential,qcut,1000000,100,18,9.33806346269,9.9478733024,0.609809839718,9.64296838255,10000,0.01,0.0163985546783,9.64071956349,9.63784439878,0.175288471528,9.33806740324,9.94786947739,9.88469003021,9.94214606191
exponential,qcut,1000000,100,19,9.9478733024,10.5612847321,0.613411429649,10.2545790172,10000,0.01,0.0163022720423,10.2540217837,10.255770005,0.177013302615,9.94787414204,10.5611126446,10.4987195812,10.5544960741
exponential,qcut,1000000,100,20,10.5612847321,11.1827613268,0.621476594793,10.8720230295,10000,0.01,0.0160907105493,10.872344636,10.8725232909,0.180166610621,10.5613250982,11.1826456365,11.1224521917,11.1777412929
exponential,qcut,1000000,100,21,11.1827613268,11.8013514433,0.618590116421,11.4920563851,10000,0.01,0.0161657933655,11.4925153632,11.4928219965,0.178651438629,11.1827902494,11.8013157004,11.7399568386,11.79485059
exponential,qcut,1000000,100,22,11.8013514433,12.4405878444,0.639236401102,12.1209696438,10000,0.01,0.0156436648206,12.1207527688,12.1207861288,0.183391171503,11.8013609445,12.4405664744,12.3775967926,12.4347499533
exponential,qcut,1000000,100,23,12.4405878444,13.092942392,0.652354547665,12.7667651182,10000,0.01,0.0153290875886,12.7678335011,12.7662473311,0.188104986994,12.4405938718,13.0929195931,13.0261758557,13.0862092848
exponential,qcut,1000000,100,24,13.092942392,13.7411760669,0.648233674861,13.4170592295,10000,0.01,0.0154265358123,13.4176348255,13.4167782106,0.187090925656,13.0929492021,13.7411615633,13.6756676604,13.7345987321
exponential,qcut,1000000,100,25,13.7411760669,14.3945889326,0.653412865718,14.0678824998,10000,0.01,0.0153042594119,14.070020369,14.0721534184,0.188863133581,13.741180647,14.3945802098,14.3292925588,14.3882961954
exponential,qcut,1000000,100,26,14.3945889326,15.0540327914,0.65944385879,14.724310862,10000,0.01,0.0151642931642,14.7206007739,14.7197958663,0.19089214678,14.3945918402,15.0540254388,14.9860047969,15.0465021901
exponential,qcut,1000000,100,27,15.0540327914,15.7207256605,0.666692869098,15.387379226,10000,0.01,0.0149994104685,15.384621458,15.3849451614,0.19309265313,15.0540353748,15.7206883716,15.6518825668,15.7145493739
exponential,qcut,1000000,100,28,15.7207256605,16.4141743485,0.693448687953,16.0674500045,10000,0.01,0.0144206776561,16.0664857236,16.0637234754,0.200061336669,15.7207394523,16.4141319864,16.3455124672,16.4068445005
exponential,qcut,1000000,100,29,16.4141743485,17.1177944459,0.703620097461,16.7659843972,10000,0.01,0.014212214853,16.7645421279,16.7625304175,0.204048528561,16.4141908226,17.1177762029,17.047973152,17.1099490796
exponential,qcut,1000000,100,30,17.1177944459,17.8332338497,0.715439403775,17.4755141478,10000,0.01,0.0139774241497,17.4768396859,17.4780456177,0.207610544992,17.1178018973,17.8331641175,17.7625633865,17.826081162
exponential,qcut,1000000,100,31,17.8332338497,18.5625171025,0.729283252808,18.1978754761,10000,0.01,0.0137120932936,18.1966420356,18.1938333464,0.210482352113,17.8332637349,18.5624911657,18.4907814118,18.5547840164
exponential,qcut,1000000,100,32,18.5625171025,19.2944284951,0.731911392565,18.9284727988,10000,0.01,0.0136628560528,18.9242303403,18.9217645782,0.211800750475,18.5625287553,19.2943609933,19.2203696722,19.2864158545
exponential,qcut,1000000,100,33,19.2944284951,20.0439291672,0.749500672106,19.6691788311,10000,0.01,0.0133422161876,19.6688862318,19.667721676,0.216765078669,19.2944602606,20.0438177339,19.9701489435,20.0366305813
exponential,qcut,1000000,100,34,20.0439291672,20.7882343926,0.744305225391,20.4160817799,10000,0.01,0.0134353483744,20.4144942408,20.4160899351,0.215287194314,20.0439840522,20.7882179104,20.7135300592,20.78077529
exponential,qcut,1000000,100,35,20.7882343926,21.5671369727,0.778902580171,21.1776856826,10000,0.01,0.0128385760358,21.1769662982,21.1744245438,0.225348589598,20.7882428834,21.5671247315,21.4903034931,21.5592689638
exponential,qcut,1000000,100,36,21.5671369727,22.3506363997,0.783499427011,21.9588866862,10000,0.01,0.0127632511974,21.9571444016,21.954740409,0.226737865921,21.5671435642,22.3506135583,22.2722434504,22.3425726211
exponential,qcut,1000000,100,37,22.3506363997,23.1350000549,0.784363655135,22.7428182273,10000,0.01,0.0127491883829,22.7405835101,22.7382476363,0.227300339372,22.3506492481,23.1349683099,23.0556625687,23.1265558114
exponential,qcut,1000000,100,38,23.1350000549,23.930682471,0.795682416081,23.5328412629,10000,0.01,0.0125678283168,23.5302552213,23.5277761435,0.229343325306,23.1350186987,23.9306245228,23.8498189401,23.9215821098
exponential,qcut,1000000,100,39,23.930682471,24.7329623366,0.802279865631,24.3318224038,10000,0.01,0.0124644783303,24.3328278749,24.3339268225,0.232008071719,23.9307179875,24.7329440671,24.6540067621,24.724212347
exponential,qcut,1000000,100,40,24.7329623366,25.5555667706,0.822604434024,25.1442645536,10000,0.01,0.0121565111813,25.1451024467,25.1466950453,0.236713821076,24.7329740171,25.5555086712,25.4693881019,25.54649652
exponential,qcut,1000000,100,41,25.5555667706,26.3907967994,0.835230028819,25.973181785,10000,0.01,0.0119727496078,25.9707344096,25.9696769223,0.241243717807,25.5556055036,26.3907932134,26.3062566498,26.3819330772
exponential,qcut,1000000,100,42,26.3907967994,27.2563128925,0.865516093053,26.823554846,10000,0.01,0.0115538001896,26.8188594563,26.8178289418,0.250281232946,26.3907992914,27.2562551637,27.165237652,27.246907208
exponential,qcut,1000000,100,43,27.2563128925,28.117041021,0.860728128502,27.6866769567,10000,0.01,0.0116180704091,27.6848679954,27.6833440444,0.249653280706,27.2563546961,28.1170341752,28.0286181444,28.108925884
exponential,qcut,1000000,100,44,28.117041021,29.0056420996,0.888601078577,28.5613415603,10000,0.01,0.0112536437791,28.5626952591,28.5609603779,0.256911269767,28.1170461853,29.0056294935,28.9184244361,28.9983122301
exponential,qcut,1000000,100,45,29.0056420996,29.9053201556,0.899678056004,29.4554811276,10000,0.01,0.0111150871506,29.4564816184,29.4572969416,0.260681701283,29.0056520043,29.9052737703,29.8209689349,29.8964921365
exponential,qcut,1000000,100,46,29.9053201556,30.8151149529,0.909794797283,30.3602175542,10000,0.01,0.0109914895423,30.3601165197,30.3602492122,0.262537422057,29.9053581071,30.8150844278,30.7229772746,30.8054520988
exponential,qcut,1000000,100,47,30.8151149529,31.7338755892,0.918760636338,31.274495271,10000,0.01,0.0108842277352,31.2759100805,31.2712943719,0.263464019262,30.8151409557,31.73386496,31.6412743554,31.7241317086
exponential,qcut,1000000,100,48,31.7338755892,32.6799465928,0.946071003634,32.206911091,10000,0.01,0.0105700311727,32.2089434737,32.207680747,0.273048854665,31.7338850151,32.6799352553,32.5868977084,32.6698495382
exponential,qcut,1000000,100,49,32.6799465928,33.6481050081,0.968158415318,33.1640258005,10000,0.01,0.0103288881672,33.1643978147,33.1632660476,0.280206724198,32.6799570582,33.6478145786,33.554220943,33.6388602254
exponential,qcut,1000000,100,50,33.6481050081,34.6382753209,0.990170312743,34.1431901645,10000,0.01,0.0100992726921,34.1443878903,34.1456910023,0.286979864355,33.6483840483,34.6382434887,34.5391044874,34.628811195
exponential,qcut,1000000,100,51,34.6382753209,35.6390341169,1.00075879605,35.1386547189,10000,0.01,0.00999241779287,35.1348070195,35.1293702916,0.288595585595,34.6383071531,35.6390305446,35.5373840756,35.6287008297
exponential,qcut,1000000,100,52,35.6390341169,36.6577907306,1.01875661372,36.1484124238,10000,0.01,0.0098158871956,36.1429381318,36.1390649433,0.291701729339,35.639037835,36.6576242304,36.5475044457,36.6473789341
exponential,qcut,1000000,100,53,36.6577907306,37.703441082,1.04565035131,37.1806159063,10000,0.01,0.00956342623276,37.1779062469,37.1795775261,0.302601069617,36.6579711059,37.7034130894,37.5987955079,37.6922371207
exponential,qcut,1000000,100,54,37.703441082,38.7753435141,1.07190243214,38.239392298,10000,0.01,0.00932920730488,38.2381450627,38.2379281012,0.308675624373,37.7034726481,38.7753130786,38.6655680273,38.7641043186
exponential,qcut,1000000,100,55,38.7753435141,39.8798690567,1.10452554258,39.3276062854,10000,0.01,0.00905366115541,39.3265320443,39.3278346767,0.318611922069,38.7753792427,39.8797062514,39.7717218021,39.8702122047
exponential,qcut,1000000,100,56,39.8798690567,41.0090040687,1.129135012,40.4444365627,10000,0.01,0.00885633683639,40.4390495907,40.4289527423,0.328946132035,39.8800680409,41.0089938537,40.8992834701,40.99985225
exponential,qcut,1000000,100,57,41.0090040687,42.1735420819,1.16453801324,41.5912730753,10000,0.01,0.00858709624445,41.5887627412,41.5851724643,0.337485905587,41.0090170696,42.1734808863,42.0573816023,42.1626606977
exponential,qcut,1000000,100,58,42.1735420819,43.3391377071,1.16559562515,42.7563398945,10000,0.01,0.00857930467841,42.7571505978,42.7557334286,0.336541359698,42.1736232017,43.3390717096,43.2201332154,43.3297019281
exponential,qcut,1000000,100,59,43.3391377071,44.5273815391,1.188243832,43.9332596231,10000,0.01,0.00841578111382,43.9248377334,43.920652047,0.339620680911,43.3392288463,44.5273184529,44.3984424597,44.5137337931
exponential,qcut,1000000,100,60,44.5273815391,45.7468522202,1.21947068111,45.1371168796,10000,0.01,0.00820027914974,45.1336973812,45.1301537243,0.350815287259,44.5274723216,45.7468232664,45.6254661525,45.7357447391
exponential,qcut,1000000,100,61,45.7468522202,47.0102929888,1.26344076862,46.3785726045,10000,0.01,0.00791489419082,46.377156575,46.3721311731,0.36499603,45.7468956509,47.0102641061,46.8887325548,46.9992854203
exponential,qcut,1000000,100,62,47.0102929888,48.3166272305,1.30633424167,47.6634601096,10000,0.01,0.00765500871141,47.6622151221,47.6629775197,0.376773859165,47.0103381642,48.3165058192,48.1869310086,48.3039085892
exponential,qcut,1000000,100,63,48.3166272305,49.6292165428,1.3125893123,48.9729218866,10000,0.01,0.00761852919741,48.9680471509,48.9721272415,0.380743362593,48.3168253225,49.6291929774,49.4943657322,49.616860353
exponential,qcut,1000000,100,64,49.6292165428,51.0147435034,1.38552696059,50.3219800231,10000,0.01,0.00721747052523,50.3257047907,50.3301388968,0.399865850195,49.6292566675,51.0146915987,50.8725891237,50.9994314128
exponential,qcut,1000000,100,65,51.0147435034,52.4385243311,1.42378082777,51.7266339172,10000,0.01,0.00702355292678,51.7123343817,51.7068275067,0.409644565223,51.0148357783,52.4383813736,52.2840875764,52.4238686536
exponential,qcut,1000000,100,66,52.4385243311,53.9086414636,1.47011713247,53.1735828974,10000,0.01,0.00680217907751,53.1703810084,53.1647494032,0.421468179614,52.4387898237,53.9085869082,53.7567378548,53.8970323796
exponential,qcut,1000000,100,67,53.9086414636,55.4015570513,1.49291558766,54.6550992574,10000,0.01,0.00669830235727,54.6529843435,54.6493786559,0.427958242717,53.9087473654,55.4015060501,55.2470852383,55.3886296808
exponential,qcut,1000000,100,68,55.4015570513,56.9373628856,1.53580583436,56.1694599684,10000,0.01,0.006511239752,56.1677494349,56.1691258103,0.44436064454,55.4016605992,56.9373386542,56.7820721723,56.9234118228
exponential,qcut,1000000,100,69,56.9373628856,58.4893069101,1.5519440245,57.7133348979,10000,0.01,0.00644353136589,57.7093379251,57.7037584765,0.451093967585,56.9374143774,58.4892800427,58.3327590957,58.4739810056
exponential,qcut,1000000,100,70,58.4893069101,60.1134158991,1.62410898896,59.3013614046,10000,0.01,0.006157222248,59.2950212101,59.294158837,0.468848156015,58.4893667118,60.1133602689,59.9451331354,60.094150497
exponential,qcut,1000000,100,71,60.1134158991,61.8395904694,1.72617457036,60.9765031843,10000,0.01,0.0057931568288,60.970452441,60.9679278557,0.499970885128,60.1135457028,61.8395425332,61.6626967321,61.8197861396
exponential,qcut,1000000,100,72,61.8395904694,63.5847477281,1.74515725868,62.7121690988,10000,0.01,0.0057301426277,62.7124797456,62.7121598047,0.504995283291,61.8397078306,63.5847365455,63.412301319,63.5677531137
exponential,qcut,1000000,100,73,63.5847477281,65.4395491743,1.85480144622,64.5121484512,10000,0.01,0.00539141266056,64.5051943899,64.5039599709,0.536785164218,63.5847764835,65.4395116607,65.2521091642,65.4213326764
exponential,qcut,1000000,100,74,65.4395491743,67.3312278721,1.8916786978,66.3853885232,10000,0.01,0.00528630999103,66.3810216752,66.3793942958,0.546996731935,65.4396506002,67.3311323457,67.1383556318,67.3132603208
exponential,qcut,1000000,100,75,67.3312278721,69.2897083202,1.95848044809,68.3104680962,10000,0.01,0.00510599940365,68.3032230091,68.2975248486,0.564050110161,67.3314997552,69.2896249759,69.0889133454,69.268942449
exponential,qcut,1000000,100,76,69.2897083202,71.3342710807,2.04456276044,70.3119897005,10000,0.01,0.00489102129485,70.2966336677,70.2935585226,0.592216422114,69.2899583532,71.3341555001,71.1214688067,71.3112125299
exponential,qcut,1000000,100,77,71.3342710807,73.4520396725,2.11776859179,72.3931553766,10000,0.01,0.00472195122676,72.3973170883,72.3963414941,0.610469783854,71.3346370858,73.4520233982,73.2350783055,73.4326667252
exponential,qcut,1000000,100,78,73.4520396725,75.6488622133,2.19682254086,74.5504509429,10000,0.01,0.00455202903921,74.5412925736,74.5371970585,0.636137584458,73.4520941559,75.6488108177,75.4241941397,75.6292081313
exponential,qcut,1000000,100,79,75.6488622133,77.9453031445,2.29644093114,76.7970826789,10000,0.01,0.00435456443247,76.7853332832,76.774988901,0.665973544112,75.6490444341,77.9452826511,77.7111292676,77.9240938576
exponential,qcut,1000000,100,80,77.9453031445,80.3220477058,2.3767445613,79.1336754251,10000,0.01,0.00420743573493,79.1258798847,79.1170830046,0.684849846173,77.9453802387,80.3220339784,80.0772743296,80.2949124987
exponential,qcut,1000000,100,81,80.3220477058,82.893363839,2.57131613318,81.6077057724,10000,0.01,0.00388905894182,81.5950643611,81.5891361965,0.741649235261,80.3221026154,82.8932141568,82.628652392,82.8691093983
exponential,qcut,1000000,100,82,82.893363839,85.5534564273,2.66009258834,84.2234101331,10000,0.01,0.00375926764498,84.2128447457,84.2178052897,0.765710789952,82.8940019574,85.5534490427,85.2796337628,85.5244620057
exponential,qcut,1000000,100,83,85.5534564273,88.427734767,2.8742783397,86.9905955971,10000,0.01,0.00347913417496,86.9653731539,86.9494300156,0.827963012902,85.5534900684,88.4277325855,88.1246564752,88.3988108284
exponential,qcut,1000000,100,84,88.427734767,91.4877805666,3.06004579957,89.9577576668,10000,0.01,0.00326792494459,89.9407339649,89.9461396515,0.885523779166,88.4277454177,91.487740006,91.179130514,91.4544713626
exponential,qcut,1000000,100,85,91.4877805666,94.697182213,3.20940164642,93.0924813898,10000,0.01,0.00311584560043,93.0675856114,93.0491754684,0.929773288139,91.4879935098,94.697176199,94.3537017099,94.6620008901
exponential,qcut,1000000,100,86,94.697182213,98.1361292467,3.43894703376,96.4166557299,10000,0.01,0.00290786682721,96.4011723712,96.3857902244,0.990920664988,94.6972162925,98.1361189953,97.7839111899,98.1043947034
exponential,qcut,1000000,100,87,98.1361292467,101.91277349,3.77664424346,100.024451368,10000,0.01,0.00264785332039,100.000090074,99.990130755,1.09249866126,98.1361922198,101.912663544,101.522672579,101.872782274
exponential,qcut,1000000,100,88,101.91277349,105.911943817,3.99917032718,103.912358654,10000,0.01,0.00250051865309,103.886618114,103.883440357,1.15717966575,101.913509285,105.911923928,105.498635149,105.870520033
exponential,qcut,1000000,100,89,105.911943817,110.333206508,4.42126269039,108.122575163,10000,0.01,0.00226179729644,108.102749486,108.119171932,1.26739860237,105.912089676,110.333184547,109.857344538,110.28170488
exponential,qcut,1000000,100,90,110.333206508,115.104944717,4.77173820872,112.719075612,10000,0.01,0.00209567238658,112.666712076,112.623186383,1.36804943793,110.333384191,115.104934316,114.590941551,115.056604393
exponential,qcut,1000000,100,91,115.104944717,120.372064722,5.26712000538,117.738504719,10000,0.01,0.001898570754,117.711404536,117.706358991,1.51690490926,115.105038317,120.372025738,119.829105989,120.317337205
exponential,qcut,1000000,100,92,120.372064722,126.19275519,5.82069046834,123.282409956,10000,0.01,0.00171800923866,123.224259573,123.197075402,1.6761419215,120.372458895,126.19269547,125.555034942,126.134057572
exponential,qcut,1000000,100,93,126.19275519,132.961554062,6.76879887129,129.577154626,10000,0.01,0.00147736698787,129.518698651,129.477487316,1.95677220614,126.193441973,132.961531944,132.27181453,132.888005319
exponential,qcut,1000000,100,94,132.961554062,140.620814274,7.6592602128,136.791184168,10000,0.01,0.00130560912179,136.708427661,136.668354109,2.21341958901,132.961847909,140.620762617,139.799676204,140.547284122
exponential,qcut,1000000,100,95,140.620814274,149.786501582,9.1656873077,145.203657928,10000,0.01,0.00109102565517,145.050068293,145.0218935,2.6444550669,140.621623569,149.786390769,148.793624538,149.693127103
exponential,qcut,1000000,100,96,149.786501582,160.966134721,11.1796331392,155.376318152,10000,0.01,0.000894483734441,155.125813288,154.997718973,3.22165877958,149.788607038,160.966103631,159.732971647,160.850450695
exponential,qcut,1000000,100,97,160.966134721,175.485072281,14.5189375598,168.225603501,10000,0.01,0.000688755630969,167.862472817,167.6768697,4.20911189664,160.966880895,175.485005424,173.86540214,175.308160699
exponential,qcut,1000000,100,98,175.485072281,195.366122457,19.8810501763,185.425597369,10000,0.01,0.000502991537736,184.718511541,184.322338169,5.74255025901,175.487234003,195.366115617,193.077916612,195.111376732
exponential,qcut,1000000,100,99,195.366122457,229.835997835,34.4698753781,212.601060146,10000,0.01,0.000290108388565,210.676379301,209.717710905,9.71393319641,195.366457612,229.83599565,225.063133299,229.235665544
exponential,qcut,1000000,100,100,229.835997835,705.130619047,475.294621211,467.483308441,10000,0.01,2.10395816694e-05,280.894140547,265.428970448,49.9833822112,229.836214147,705.130619047,346.287989093,460.724550484
exponential,log_binning,1000000,100,1,5.00868585118e-05,5.90485518395e-05,8.96169332768e-06,5.45677051756e-05,1,1e-06,0.111586054492,5.00868585118e-05,5.00868585118e-05,,5.00868585118e-05,5.00868585118e-05,5.00868585118e-05,5.00868585118e-05
exponential,log_binning,1000000,100,2,5.90485518395e-05,6.96136986415e-05,1.0565146802e-05,6.43311252405e-05,,0,0,,,,,,,
exponential,log_binning,1000000,100,3,6.96136986415e-05,8.20691936988e-05,1.24554950573e-05,7.58414461701e-05,,0,0,,,,,,,
exponential,log_binning,1000000,100,4,8.20691936988e-05,9.67532638807e-05,1.46840701819e-05,8.94112287897e-05,,0,0,,,,,,,
exponential,log_binning,1000000,100,5,9.67532638807e-05,0.000114064652638,1.73113887577e-05,0.00010540895826,,0,0,,,,,,,
exponential,log_binning,1000000,100,6,0.000114064652638,0.000134473447816,2.04087951779e-05,0.000124269050227,2,2e-06,0.0979969656495,0.000123479560208,0.000123479560208,9.92485752833e-06,0.000116461626147,0.000130497494268,0.000129093907456,0.000130357135587
exponential,log_binning,1000000,100,7,0.000134473447816,0.000158533846808,2.40603989919e-05,0.000146503647312,1,1e-06,0.0415620705349,0.000158295879287,0.000158295879287,,0.000158295879287,0.000158295879287,0.000158295879287,0.000158295879287
exponential,log_binning,1000000,100,8,0.000158533846808,0.000186899205694,2.83653588859e-05,0.000172716526251,1,1e-06,0.0352542692664,0.000179837964993,0.000179837964993,,0.000179837964993,0.000179837964993,0.000179837964993,0.000179837964993
exponential,log_binning,1000000,100,9,0.000186899205694,0.000220339781014,3.34405753202e-05,0.000203619493354,1,1e-06,0.0299037917387,0.000214816872289,0.000214816872289,,0.000214816872289,0.000214816872289,0.000214816872289,0.000214816872289
exponential,log_binning,1000000,100,10,0.000220339781014,0.000259763645956,3.9423864942e-05,0.000240051713485,2,2e-06,0.0507306932727,0.000246053701997,0.000246053701997,1.35100105193e-05,0.000236500681945,0.000255606722049,0.000253696118039,0.000255415661648
exponential,log_binning,1000000,100,11,0.000259763645956,0.000306241348929,4.64777029726e-05,0.000283002497443,,0,0,,,,,,,
exponential,log_binning,1000000,100,12,0.000306241348929,0.000361034984124,5.4793635195e-05,0.000333638166527,1,1e-06,0.0182502948826,0.000355268340141,0.000355268340141,,0.000355268340141,0.000355268340141,0.000355268340141,0.000355268340141
exponential,log_binning,1000000,100,13,0.000361034984124,0.000425632463471,6.45974793472e-05,0.000393333723798,,0,0,,,,,,,
exponential,log_binning,1000000,100,14,0.000425632463471,0.000501787920636,7.61554571652e-05,0.000463710192054,1,1e-06,0.0131310353483,0.000478454522438,0.000478454522438,,0.000478454522438,0.000478454522438,0.000478454522438,0.000478454522438
exponential,log_binning,1000000,100,15,0.000501787920636,0.000591569344225,8.97814235888e-05,0.000546678632431,2,2e-06,0.0222763230973,0.000558921308961,0.000558921308961,2.76730750142e-05,0.000539353489962,0.00057848912796,0.00057457556416,0.00057809777158
exponential,log_binning,1000000,100,16,0.000591569344225,0.000697414733665,0.00010584538944,0.000644492038945,,0,0,,,,,,,
exponential,log_binning,1000000,100,17,0.000697414733665,0.000822198302669,0.000124783569004,0.000759806518167,,0,0,,,,,,,
exponential,log_binning,1000000,100,18,0.000822198302669,0.000969308528026,0.000147110225356,0.000895753415347,3,3e-06,0.02039287203,0.000878757561033,0.000879067616454,3.64719144967e-05,0.000842131607281,0.000915073459363,0.000907872290781,0.000914353342504
exponential,log_binning,1000000,100,19,0.000969308528026,0.00114274016311,0.000173431635087,0.00105602434557,2,2e-06,0.0115319214917,0.00102250590277,0.00102250590277,3.09678302691e-05,0.00100060833999,0.00104440346556,0.001040023953,0.0010439655143
exponential,log_binning,1000000,100,20,0.00114274016311,0.00134720271475,0.000204462551642,0.00124497143893,9,9e-06,0.0440178405666,0.00122387712443,0.00119604317185,5.13170549909e-05,0.00116983480589,0.00132869406819,0.00128043143482,0.00132386780486
exponential,log_binning,1000000,100,21,0.00134720271475,0.00158824832908,0.00024104561433,0.00146772552192,5,5e-06,0.020742961924,0.00150312010072,0.00151809436372,8.30615158558e-05,0.00138203866138,0.00158784020274,0.00157883194365,0.00158693937683
exponential,log_binning,1000000,100,22,0.00158824832908,0.00187242255914,0.000284174230055,0.00173033544411,6,6e-06,0.0211138075358,0.00166512225283,0.00164254204832,7.86965919432e-05,0.00160161333217,0.0018129468008,0.00174866969765,0.00180651909049
exponential,log_binning,1000000,100,23,0.00187242255914,0.00220744210825,0.000335019549108,0.00203993233369,12,1.2e-05,0.0358188052965,0.00206896127059,0.00208463224877,0.00010866893372,0.00188660181729,0.00218661852193,0.00217868687193,0.00218583656115
exponential,log_binning,1000000,100,24,0.00220744210825,0.00260240437581,0.000394962267559,0.00240492324203,10,1e-05,0.0253188742859,0.00240902488023,0.00242580093336,0.000106179939008,0.00224044965943,0.00253224967984,0.00251286556036,0.00253031126789
exponential,log_binning,1000000,100,25,0.00260240437581,0.00306803449563,0.000465630119827,0.00283521943572,12,1.2e-05,0.0257715287071,0.00283644125079,0.00284188704182,0.000142516828163,0.0026385206825,0.00304109167971,0.00300943601688,0.00303784938441
exponential,log_binning,1000000,100,26,0.00306803449563,0.00361697657516,0.00054894207953,0.0033425055354,7,7e-06,0.0127518007109,0.00336155589544,0.00327934249669,0.000170374624148,0.00316898421875,0.0035758331157,0.00354638758398,0.00357288856253
exponential,log_binning,1000000,100,27,0.00361697657516,0.00426413704406,0.000647160468896,0.00394055680961,17,1.7e-05,0.0262686007831,0.00391324354364,0.00390349885532,0.000138094913341,0.00372733535893,0.00413903776663,0.00409586995954,0.00413855648877
exponential,log_binning,1000000,100,28,0.00426413704406,0.00502708943579,0.000762952391735,0.00464561323993,22,2.2e-05,0.0288353509843,0.00463138849793,0.00463893955568,0.000218897895438,0.00427326203293,0.00495898418691,0.00490263582271,0.00495560625298
exponential,log_binning,1000000,100,29,0.00502708943579,0.00592655159399,0.000899462158198,0.00547682051489,19,1.9e-05,0.0211237346973,0.00557020530553,0.0055917872289,0.000251645963782,0.00504464299576,0.00588569152844,0.00586560034869,0.00588353035308
exponential,log_binning,1000000,100,30,0.00592655159399,0.00698694826198,0.00106039666799,0.00645674992799,27,2.7e-05,0.0254621697852,0.00649692156475,0.00652977074154,0.000286124132286,0.00593151531416,0.00686659207718,0.00683252313837,0.00686452522283
exponential,log_binning,1000000,100,31,0.00698694826198,0.00823707433259,0.0012501260706,0.00761201129728,28,2.8e-05,0.0223977410426,0.0076387184693,0.00761139961245,0.000402479952425,0.00702287574013,0.00823632098867,0.00817829176659,0.00822812463355
exponential,log_binning,1000000,100,32,0.00823707433259,0.00971087676858,0.00147380243599,0.00897397555058,36,3.6e-05,0.0244266118177,0.0089484316828,0.00897960880575,0.00038162037085,0.0082427186563,0.00961719906564,0.00948403404138,0.00961574689307
exponential,log_binning,1000000,100,33,0.00971087676858,0.0114483764267,0.00173749965817,0.0105796265977,25,2.5e-05,0.0143884920394,0.010615851052,0.0107095987742,0.000541055403802,0.00972235036293,0.0114208320888,0.0112955421274,0.0114151106342
exponential,log_binning,1000000,100,34,0.0114483764267,0.0134967548175,0.00204837839075,0.0124725656221,33,3.3e-05,0.0161103046922,0.0124991641851,0.0124286915011,0.000561184813384,0.0115293141168,0.0134648976913,0.0133747336122,0.0134644066067
exponential,log_binning,1000000,100,35,0.0134967548175,0.0159116353109,0.00241488049335,0.0147041950642,48,4.8e-05,0.0198767600021,0.0145284687512,0.0144671222463,0.000703776663505,0.0135077731347,0.0158326781476,0.0155825753836,0.0157671937195
exponential,log_binning,1000000,100,36,0.0159116353109,0.0187585935796,0.00284695826879,0.0173351144452,57,5.7e-05,0.020021368288,0.0173212868969,0.0172730457893,0.00084352726897,0.0160132318357,0.018664468404,0.0184444866218,0.0186571429586
exponential,log_binning,1000000,100,37,0.0187585935796,0.0221149382959,0.00335634471624,0.0204367659378,71,7.1e-05,0.0211539654006,0.0205612560371,0.020682007968,0.000945287236248,0.0187728551471,0.02200400178,0.0216063650656,0.0219816208949
exponential,log_binning,1000000,100,38,0.0221149382959,0.0260718104347,0.00395687213886,0.0240933743653,92,9.2e-05,0.0232506881121,0.0244038162448,0.0245296139714,0.0011959347533,0.0221787053718,0.0260628489813,0.0259212145448,0.0260616811785
exponential,log_binning,1000000,100,39,0.0260718104347,0.0307366581923,0.00466484775759,0.0284042343135,93,9.3e-05,0.0199363419414,0.0287795330584,0.0289516161184,0.00122583051987,0.0261804721292,0.0307223147847,0.0302793069171,0.030618455273
exponential,log_binning,1000000,100,40,0.0307366581923,0.0362361547234,0.00549949653106,0.0334864064579,105,0.000105,0.019092656829,0.0335538796789,0.0336161770127,0.00166466430245,0.0307689340259,0.0361483632598,0.0356957788714,0.036088739171
exponential,log_binning,1000000,100,41,0.0362361547234,0.0427196379294,0.00648348320606,0.0394778963264,137,0.000137,0.0211306169301,0.0397253504166,0.0399211603212,0.00192836961668,0.0362401611737,0.0427055801299,0.0421375006818,0.0426308831908
exponential,log_binning,1000000,100,42,0.0427196379294,0.0503631657044,0.00764352777492,0.0465414018169,128,0.000128,0.0167461941357,0.0465599219653,0.0466487458427,0.00209216170183,0.042760744041,0.0501682140483,0.0495673212121,0.0501668316619
exponential,log_binning,1000000,100,43,0.0503631657044,0.0593742967568,0.00901113105242,0.0548687312306,180,0.00018,0.0199752948828,0.055016711409,0.0552780831255,0.00242372446102,0.0503742079031,0.0592791908657,0.0582945427397,0.0591296487287
exponential,log_binning,1000000,100,44,0.0593742967568,0.0699977268319,0.0106234300751,0.0646860117943,207,0.000207,0.0194852320331,0.0645715500309,0.064680803959,0.00297958446923,0.0594598213616,0.069992224006,0.0685913204895,0.0699457227881
exponential,log_binning,1000000,100,45,0.0699977268319,0.0825219333831,0.0125242065512,0.0762598301075,227,0.000227,0.0181249006931,0.0762022340574,0.0762257626639,0.0035669171833,0.0700472838464,0.0823952992712,0.0810976470177,0.0822896724398
exponential,log_binning,1000000,100,46,0.0825219333831,0.0972870091287,0.0147650757456,0.0899044712559,270,0.00027,0.0182863945063,0.0904915152427,0.0908197231096,0.00413436743533,0.0825556824856,0.0972657015107,0.0959320445316,0.097104709036
exponential,log_binning,1000000,100,47,0.0972870091287,0.114693897212,0.0174068880837,0.105990453171,333,0.000333,0.0191303579594,0.105851584351,0.105465209763,0.00486047304943,0.0973281735739,0.114618738164,0.112930146679,0.114483439247
exponential,log_binning,1000000,100,48,0.114693897212,0.135215278747,0.0205213815343,0.124954587979,404,0.000404,0.0196867837248,0.124817361931,0.125142374263,0.0059254414966,0.114712740674,0.135087253229,0.132657680058,0.134902224125
exponential,log_binning,1000000,100,49,0.135215278747,0.159408408389,0.0241931296422,0.147311843568,516,0.000516,0.0213283691541,0.147809895912,0.147873083004,0.0069782954902,0.135427214308,0.159407128193,0.157281228562,0.159164696824
exponential,log_binning,1000000,100,50,0.159408408389,0.187930246497,0.0285218381084,0.173669327443,576,0.000576,0.020195051869,0.173601602767,0.173695244807,0.00828539830314,0.159413417682,0.187833104843,0.185123556173,0.187490585565
exponential,log_binning,1000000,100,51,0.187930246497,0.221555298779,0.0336250522821,0.204742772638,653,0.000653,0.0194200441541,0.204073945774,0.203602934461,0.00953453545862,0.187963272055,0.221478698861,0.2177694702,0.221148502763
exponential,log_binning,1000000,100,52,0.221555298779,0.261196647863,0.0396413490839,0.241375973321,785,0.000785,0.0198025551133,0.242067146619,0.242080749175,0.0111593998568,0.221764473611,0.261055132048,0.257272818783,0.260669151871
exponential,log_binning,1000000,100,53,0.261196647863,0.307930747903,0.0467341000398,0.284563697883,959,0.000959,0.0205203480795,0.284284289591,0.284242591231,0.0134540563447,0.261242576618,0.307885732948,0.30291356317,0.307319992428
exponential,log_binning,1000000,100,54,0.307930747903,0.36302665551,0.0550959076066,0.335478701706,1121,0.001121,0.0203463387518,0.335504120345,0.335035319432,0.0158210629453,0.307955166505,0.362963118561,0.357642784873,0.362091343195
exponential,log_binning,1000000,100,55,0.36302665551,0.427980490769,0.0649538352597,0.395503573139,1289,0.001289,0.0198448635842,0.394347689578,0.393528039941,0.0185884669122,0.36306202476,0.427940506767,0.420851202343,0.427331328181
exponential,log_binning,1000000,100,56,0.427980490769,0.504556064132,0.0765755733632,0.466268277451,1494,0.001494,0.0195101379511,0.465799990818,0.465403997318,0.0221162235153,0.427993010411,0.504551911598,0.496730278617,0.503888641212
exponential,log_binning,1000000,100,57,0.504556064132,0.594832772389,0.0902767082569,0.549694418261,1788,0.001788,0.0198057731005,0.550236706767,0.550034717342,0.0258592403963,0.504707309456,0.59481226112,0.586087687206,0.594006886675
exponential,log_binning,1000000,100,58,0.594832772389,0.701262064339,0.10642929195,0.648047418364,2067,0.002067,0.0194213450276,0.647493850398,0.648470217809,0.0305645887318,0.594871397938,0.701203239382,0.689297013227,0.700005476289
exponential,log_binning,1000000,100,59,0.701262064339,0.82673400947,0.12547194513,0.763998036904,2509,0.002509,0.0199965019861,0.765794078634,0.766509542807,0.0363722989765,0.701307079004,0.826701514022,0.814861732685,0.825806061049
exponential,log_binning,1000000,100,60,0.82673400947,0.974655777306,0.147921767836,0.900694893388,2860,0.00286,0.0193345444814,0.900847380344,0.900018991759,0.0427174962626,0.826749163002,0.974589123535,0.96083115073,0.97297060839
exponential,log_binning,1000000,100,61,0.974655777306,1.14904415853,0.17438838122,1.06184996792,3378,0.003378,0.0193705565495,1.06161488721,1.06111271427,0.050426145007,0.974799290018,1.14901657992,1.13275136411,1.14740715244
exponential,log_binning,1000000,100,62,1.14904415853,1.35463464023,0.205590481708,1.25183939938,4055,0.004055,0.0197236757573,1.25171680939,1.25317217667,0.059816353459,1.14905637595,1.3546296536,1.3354383992,1.35278642461
exponential,log_binning,1000000,100,63,1.35463464023,1.59700999731,0.24237535708,1.47582231877,4713,0.004713,0.0194450461333,1.47567877398,1.47433479748,0.0700790650542,1.35474274205,1.59700375259,1.57205011265,1.59472861562
exponential,log_binning,1000000,100,64,1.59700999731,1.88275189174,0.285741894429,1.73988094453,5572,0.005572,0.019500115694,1.73978421978,1.74022689539,0.0825133152621,1.59702093395,1.88266362815,1.85489198498,1.87919536536
exponential,log_binning,1000000,100,65,1.88275189174,2.21961959651,0.336867704768,2.05118574413,6507,0.006507,0.0193161882481,2.05333461059,2.05477668628,0.0977687456166,1.88279495532,2.21956433648,2.18759908707,2.21621752015
exponential,log_binning,1000000,100,66,2.21961959651,2.61676069737,0.397141100861,2.41819014694,7470,0.00747,0.0188094356988,2.41830218633,2.41657522311,0.114003221102,2.2196288676,2.61675531868,2.57655763203,2.61248768041
exponential,log_binning,1000000,100,67,2.61676069737,3.08495949399,0.468198796622,2.85086009568,8819,0.008819,0.018836015948,2.85172149932,2.85211328861,0.135757246229,2.61678786876,3.0849074568,3.04063553143,3.0809882142
exponential,log_binning,1000000,100,68,3.08495949399,3.6369298458,0.551970351804,3.3609446699,10362,0.010362,0.0187727474241,3.35859755876,3.3555821856,0.159824846151,3.08505891209,3.63691924658,3.58298972166,3.63236153671
exponential,log_binning,1000000,100,69,3.6369298458,4.28766041467,0.650730568871,3.96229513023,12034,0.012034,0.0184930608391,3.9610788452,3.96081824639,0.188232006121,3.63694356966,4.28745604703,4.22146440843,4.27964521034
exponential,log_binning,1000000,100,70,4.28766041467,5.05482167954,0.767161264874,4.67124104711,13969,0.013969,0.0182086878465,4.66824826178,4.66544651337,0.222559394704,4.28767802929,5.05478299491,4.97910250219,5.0472893991
exponential,log_binning,1000000,100,71,5.05482167954,5.95924577529,0.904424095744,5.50703372741,16165,0.016165,0.0178732522454,5.5054878107,5.50002779449,0.261821055291,5.05484408632,5.95922922821,5.87114939401,5.950501299
exponential,log_binning,1000000,100,72,5.95924577529,7.02549218581,1.06624641052,6.49236898055,18616,0.018616,0.0174593788231,6.49131176197,6.49226531279,0.306503277107,5.95924691648,7.02535586958,6.9165241796,7.01479654961
exponential,log_binning,1000000,100,73,7.02549218581,8.28251465269,1.25702246689,7.65400341925,21473,0.021473,0.0170824313532,7.64935242923,7.64790630862,0.362212362762,7.02555291721,8.28246016741,8.15470140795,8.27014940588
exponential,log_binning,1000000,100,74,8.28251465269,9.76444740921,1.48193275651,9.02348103095,24673,0.024673,0.0166492034754,9.02140824564,9.02128977089,0.428476392339,8.28271107386,9.76443125007,9.61548529426,9.74960605225
exponential,log_binning,1000000,100,75,9.76444740921,11.5115320896,1.7470846804,10.6379897494,28236,0.028236,0.0161617810039,10.6365122208,10.633539724,0.50430076495,9.76453806756,11.5114971378,11.3369033648,11.493666307
exponential,log_binning,1000000,100,76,11.5115320896,13.571210484,2.05967839437,12.5413712868,32024,0.032024,0.015548058419,12.531183888,12.5246150283,0.596280267163,11.5115519148,13.5711301103,13.3586871981,13.5494285111
exponential,log_binning,1000000,100,77,13.571210484,15.999412812,2.42820232805,14.785311648,36719,0.036719,0.0151218864985,14.7718509552,14.7644815725,0.699452504519,13.5712356213,15.9993926948,15.7451492559,15.9748622078
exponential,log_binning,1000000,100,78,15.999412812,18.8620764988,2.86266368674,17.4307446554,40123,0.040123,0.014015967082,17.4179031793,17.4122562224,0.827669349868,15.9995516913,18.8620484463,18.5718869168,18.8325732369
exponential,log_binning,1000000,100,79,18.8620764988,22.2369366942,3.37486019542,20.5495065965,44392,0.044392,0.0131537300598,20.5286216898,20.5161899584,0.972487972374,18.8621366143,22.2367324417,21.8873758418,22.2005672088
exponential,log_binning,1000000,100,80,22.2369366942,26.2156371582,3.97870046398,24.2262869262,49372,0.049372,0.0124090768951,24.2015448961,24.1920645971,1.14781426928,22.2369515705,26.215621849,25.8023934532,26.1748556241
exponential,log_binning,1000000,100,81,26.2156371582,30.9062188313,4.69058167315,28.5609279948,53041,0.053041,0.0113079792009,28.5293708999,28.5123944683,1.35464817168,26.2156970625,30.9060962663,30.4200878092,30.8562952546
exponential,log_binning,1000000,100,82,30.9062188313,36.4360536685,5.5298348372,33.6711362499,56949,0.056949,0.0102984992638,33.6215269607,33.5952746328,1.60019523694,30.9062289452,36.435872721,35.8648402395,36.380655515
exponential,log_binning,1000000,100,83,36.4360536685,42.9553034029,6.51924973437,39.6956785357,58776,0.058776,0.00901576138281,39.6199729627,39.5775272819,1.8823102776,36.4362104973,42.9552868459,42.2686875399,42.8849240376
exponential,log_binning,1000000,100,84,42.9553034029,50.6409971623,7.68569375944,46.7981502826,60561,0.060561,0.00787970505923,46.6807090097,46.6251561738,2.21801023165,42.9553143014,50.6406664831,49.7974502135,50.5541588416
exponential,log_binning,1000000,100,85,50.6409971623,59.7018386657,9.06084150336,55.171417914,60282,0.060282,0.00665302444344,55.0582440695,55.008691182,2.62084718787,50.6411878366,59.7014143732,58.7289234947,59.6041314645
exponential,log_binning,1000000,100,86,59.7018386657,70.3838735371,10.6820348714,65.0428561014,57905,0.057905,0.00542078365192,64.8694057777,64.7799380597,3.08126628741,59.7018821889,70.3835009644,69.2235218928,70.2634136843
exponential,log_binning,1000000,100,87,70.3838735371,82.9771706333,12.5932970962,76.6805220852,54876,0.054876,0.00435755621271,76.4224177037,76.2896580165,3.61425702895,70.3840118154,82.9770457018,81.5436308423,82.8281991603
exponential,log_binning,1000000,100,88,82.9771706333,97.8236988147,14.8465281814,90.400434724,48795,0.048795,0.00328662697459,90.020782982,89.8568569687,4.28867607273,82.9784069853,97.8236323198,96.117777806,97.6545079299
exponential,log_binning,1000000,100,89,97.8236988147,115.326613052,17.5029142375,106.575155933,41332,0.041332,0.00236143532667,106.085034482,105.820407254,5.03519005076,97.8237194124,115.326190949,113.2552266,115.116879746
exponential,log_binning,1000000,100,90,115.326613052,135.961202032,20.6345889801,125.643907542,33645,0.033645,0.00163051466799,124.926125125,124.520324948,5.92699634113,115.32687079,135.960428813,133.488414568,135.695494233
exponential,log_binning,1000000,100,91,135.961202032,160.287794541,24.3265925091,148.124498287,25357,0.025357,0.00104235724714,147.101764371,146.625625616,6.96471812273,135.961221144,160.287204726,157.140997972,159.973265405
exponential,log_binning,1000000,100,92,160.287794541,188.966975099,28.6791805581,174.62738482,17806,0.017806,0.000620868506473,173.345881597,172.840772568,8.22313318391,160.288764257,188.966927238,185.216983222,188.567737231
exponential,log_binning,1000000,100,93,188.966975099,222.777522022,33.8105469222,205.872248561,11244,0.011244,0.000332558950492,204.085366189,203.292348091,9.59535805559,188.96719384,222.772493638,217.968330275,222.296218987
exponential,log_binning,1000000,100,94,222.777522022,262.637555012,39.8600329903,242.707538517,6241,0.006241,0.000156572875931,240.376075261,239.341010555,11.4370532055,222.777607152,262.631525417,257.136184527,261.927963433
exponential,log_binning,1000000,100,95,262.637555012,309.629466549,46.9919115369,286.13351078,3174,0.003174,6.75435387962e-05,282.869141585,281.151206446,13.2336415567,262.644975168,309.625654423,302.581651371,308.884927183
exponential,log_binning,1000000,100,96,309.629466549,365.029314071,55.3998475223,337.32939031,1403,0.001403,2.53249794494e-05,332.393195714,330.352719307,15.4797065964,309.638597448,365.026044254,355.980347127,364.066497052
exponential,log_binning,1000000,100,97,365.029314071,430.341471102,65.3121570311,397.685392587,481,0.000481,7.36463197458e-06,390.126706298,387.736586293,18.2533644422,365.06545163,429.595596852,418.279562882,428.393857102
exponential,log_binning,1000000,100,98,430.341471102,507.33947826,76.9980071577,468.840474681,172,0.000172,2.23382404752e-06,457.865892813,452.922842393,20.3633602955,430.453745999,507.304434351,487.963828406,504.139973691
exponential,log_binning,1000000,100,99,507.33947826,598.114203453,90.774725193,552.726840856,30,3e-05,3.30488469518e-07,533.50089115,532.237219621,21.0812808338,507.801255226,580.783212734,561.511643209,578.76238844
exponential,log_binning,1000000,100,100,598.114203453,705.130619047,107.016415594,651.62241125,4,4e-06,3.73774432438e-08,640.270488378,624.490244877,44.0808085841,606.970844712,705.130619047,681.776846255,702.795241767
lognormal,cut,1000000,25,1,8.10113790279,87.8136297485,79.7124918457,47.9573838256,164621,0.164621,0.00206518446718,67.4151349587,69.8924496821,14.4983666471,10.045345021,87.8135870379,84.5825072656,87.5009320262
lognormal,cut,1000000,25,2,87.8136297485,165.581914476,77.7682847275,126.697772112,406335,0.406335,0.00522494486568,125.37476118,124.681554822,21.9701485488,87.8138604491,165.581676625,156.490638335,164.650362336
lognormal,cut,1000000,25,3,165.581914476,243.350199203,77.7682847275,204.46605684,239283,0.239283,0.0030768712572,199.536034667,197.23954657,22.0340327276,165.581960779,243.349986501,232.139466839,242.156384516
lognormal,cut,1000000,25,4,243.350199203,321.118483931,77.7682847275,282.234341567,106624,0.106624,0.00137104734113,276.905195148,274.362391658,22.0680440754,243.350596348,321.117282352,309.681898233,319.914670647
lognormal,cut,1000000,25,5,321.118483931,398.886768658,77.7682847275,360.002626295,45479,0.045479,0.000584801377057,354.607253431,352.08031822,22.0503997673,321.119638358,398.886362674,387.449339906,397.725225874
lognormal,cut,1000000,25,6,398.886768658,476.655053386,77.7682847275,437.770911022,19941,0.019941,0.000256415582134,432.509424018,430.132728514,21.9978885607,398.889063641,476.652723641,465.179863862,475.539274389
lognormal,cut,1000000,25,7,476.655053386,554.423338113,77.7682847275,515.53919575,8953,0.008953,0.000115124051294,510.82062385,508.495584307,22.2284937238,476.661281042,554.419819884,543.938013236,553.374620362
lognormal,cut,1000000,25,8,554.423338113,632.191622841,77.7682847275,593.307480477,4275,0.004275,5.49709951168e-05,588.861462708,586.845939425,22.3512510698,554.436984462,632.186825785,621.357607998,630.731602388
lognormal,cut,1000000,25,9,632.191622841,709.959907568,77.7682847275,671.075765205,2078,0.002078,2.67204041761e-05,665.57901638,662.865901967,21.7237148565,632.239957334,709.906971806,697.521135936,709.069488831
lognormal,cut,1000000,25,10,709.959907568,787.728192296,77.7682847275,748.844049932,1107,0.001107,1.4234594525e-05,744.380870599,741.996867403,22.353418262,709.96386052,787.723690946,777.242971352,786.442416328
lognormal,cut,1000000,25,11,787.728192296,865.496477023,77.7682847275,826.61233466,610,0.00061,7.8438145079e-06,821.705964171,818.869249616,22.3083795467,787.758391404,865.176814044,855.315147703,864.506439025
lognormal,cut,1000000,25,12,865.496477023,943.264761751,77.7682847275,904.380619387,298,0.000298,3.83189626779e-06,899.193961626,897.661566243,22.4844321316,865.498692635,942.360281443,932.204034971,941.785851338
lognormal,cut,1000000,25,13,943.264761751,1021.03304648,77.7682847275,982.148904115,150,0.00015,1.9288068462e-06,978.439858943,974.311662535,23.157136716,943.743485733,1020.41748421,1013.0688701,1019.53960197
lognormal,cut,1000000,25,14,1021.03304648,1098.80133121,77.7682847275,1059.91718884,88,8.8e-05,1.13156668311e-06,1056.60275734,1057.64246767,24.1448520234,1021.51993831,1097.13645805,1091.32841094,1096.65783426
lognormal,cut,1000000,25,15,1098.80133121,1176.56961593,77.7682847275,1137.68547357,59,5.9e-05,7.58664026174e-07,1135.94593074,1135.61758323,23.7995229937,1099.7295598,1175.00491102,1168.84251349,1174.83108433
lognormal,cut,1000000,25,16,1176.56961593,1254.33790066,77.7682847275,1215.4537583,30,3e-05,3.85761369241e-07,1215.55068868,1213.75646872,21.5236151081,1184.77806099,1253.72442678,1244.5730988,1253.64065094
lognormal,cut,1000000,25,17,1254.33790066,1332.10618539,77.7682847275,1293.22204302,20,2e-05,2.57174246161e-07,1291.59955455,1292.27767572,23.762933943,1257.2127693,1328.72355093,1322.18499104,1328.55597782
lognormal,cut,1000000,25,18,1332.10618539,1409.87447012,77.7682847275,1370.99032775,20,2e-05,2.57174246161e-07,1373.87783504,1372.41568148,19.154805154,1346.35349137,1407.63025817,1405.45390322,1407.38014226
lognormal,cut,1000000,25,19,1409.87447012,1487.64275484,77.7682847275,1448.75861248,12,1.2e-05,1.54304547696e-07,1448.54572206,1445.19779832,20.2394022862,1420.93904464,1486.08154291,1480.14780188,1485.69115247
lognormal,cut,1000000,25,20,1487.64275484,1565.41103957,77.7682847275,1526.52689721,6,6e-06,7.71522738482e-08,1520.87419511,1513.51280009,26.2747832433,1493.95046697,1558.51942476,1551.58271839,1557.82575413
lognormal,cut,1000000,25,21,1565.41103957,1643.1793243,77.7682847275,1604.29518193,4,4e-06,5.14348492321e-08,1609.16336815,1608.48971315,16.4977539534,1590.97399057,1628.70005573,1624.79074002,1628.30912416
lognormal,cut,1000000,25,22,1643.1793243,1720.94760903,77.7682847275,1682.06346666,3,3e-06,3.85761369241e-08,1684.28979215,1684.68900595,22.1389133742,1661.95397156,1706.22639894,1701.91892034,1705.79565108
lognormal,cut,1000000,25,23,1720.94760903,1798.71589375,77.7682847275,1759.83175139,2,2e-06,2.57174246161e-08,1758.5930334,1758.5930334,4.5354571485,1755.3859809,1761.80008591,1761.15867541,1761.73594486
lognormal,cut,1000000,25,24,1798.71589375,1876.48417848,77.7682847275,1837.60003612,1,1e-06,1.2858712308e-08,1821.34667487,1821.34667487,,1821.34667487,1821.34667487,1821.34667487,1821.34667487
lognormal,cut,1000000,25,25,1876.48417848,1954.25246321,77.7682847275,1915.36832084,1,1e-06,1.2858712308e-08,1954.25246321,1954.25246321,,1954.25246321,1954.25246321,1954.25246321,1954.25246321
lognormal,qcut,1000000,25,1,10.045345021,57.26773402,47.222388999,33.6565395205,40000,0.04,0.000847055831945,46.7181488203,48.5126105056,8.17210862652,10.045345021,57.2674798728,55.7704704013,57.1241331214
lognormal,qcut,1000000,25,2,57.26773402,69.3006725223,12.0329385022,63.2842032711,40000,0.04,0.00332420879509,63.6147824732,63.7900023314,3.46228625804,57.2677446095,69.3004195896,68.2577762207,69.2010323366
lognormal,qcut,1000000,25,3,69.3006725223,78.7026732179,9.40200069564,74.0016728701,40000,0.04,0.0042544136397,74.1373223809,74.2076428864,2.71505030949,69.3006945164,78.7026284365,77.8470852435,78.6232333458
lognormal,qcut,1000000,25,4,78.7026732179,86.9254575347,8.22278431678,82.8140653763,40000,0.04,0.00486453231156,82.8849628175,82.9155189312,2.37209115988,78.7026793245,86.9254250779,86.1487097884,86.8455502223
lognormal,qcut,1000000,25,5,86.9254575347,94.5609640084,7.63550647375,90.7432107716,40000,0.04,0.00523868326712,90.767288567,90.7891210678,2.2020442809,86.9254637169,94.5609113921,93.7935137073,94.4853029921
lognormal,qcut,1000000,25,6,94.5609640084,101.849472792,7.28850878399,98.2052184004,40000,0.04,0.00548809107397,98.2201926377,98.2193027821,2.09959867698,94.5609771625,101.849271022,101.11772586,101.776161947
lognormal,qcut,1000000,25,7,101.849472792,109.004627334,7.15515454179,105.427050063,40000,0.04,0.00559037540928,105.43729223,105.432484005,2.06807117671,101.849536509,109.00461361,108.304022036,108.939391851
lognormal,qcut,1000000,25,8,109.004627334,116.112889293,7.10826195909,112.558758314,40000,0.04,0.00562725462711,112.55235511,112.545316522,2.05819939277,109.004632671,116.112843878,115.412492269,116.044611307
lognormal,qcut,1000000,25,9,116.112889293,123.279586134,7.16669684116,119.696237714,40000,0.04,0.00558137184906,119.67654311,119.661365176,2.06644812261,116.112910665,123.279546316,122.552949862,123.208765279
lognormal,qcut,1000000,25,10,123.279586134,130.603770494,7.3241843596,126.941678314,40000,0.04,0.00546135897679,126.925917101,126.927004836,2.11803523455,123.279608533,130.603693378,129.869666627,130.534883401
lognormal,qcut,1000000,25,11,130.603770494,138.182637493,7.5788669986,134.393203993,40000,0.04,0.00527783374578,134.365897596,134.343416732,2.18071457836,130.603821905,138.182499468,137.394664171,138.10181272
lognormal,qcut,1000000,25,12,138.182637493,145.965969491,7.78333199828,142.074303492,40000,0.04,0.00513918717701,142.044581733,142.049041479,2.24607182593,138.18274594,145.965480074,145.159239646,145.883845557
lognormal,qcut,1000000,25,13,145.965969491,154.254616314,8.2886468228,150.110292902,40000,0.04,0.00482587819883,150.082304289,150.049501677,2.38776326819,145.96642126,154.254578558,153.421191103,154.174155149
lognormal,qcut,1000000,25,14,154.254616314,163.074522345,8.81990603077,158.664569329,40000,0.04,0.00453519571076,158.617826002,158.587977751,2.53989401926,154.254657216,163.074486239,162.150177322,162.987551884
lognormal,qcut,1000000,25,15,163.074522345,172.488719288,9.41419694364,167.781620816,40000,0.04,0.00424890197639,167.721223115,167.677785657,2.7208333872,163.074568296,172.48847583,171.529431571,172.389682335
lognormal,qcut,1000000,25,16,172.488719288,182.707789021,10.2190697333,177.598254155,40000,0.04,0.00391425061616,177.508164259,177.450423853,2.93955024502,172.489084475,182.707653949,181.63186279,182.598133335
lognormal,qcut,1000000,25,17,182.707789021,194.000970005,11.2931809835,188.354379513,40000,0.04,0.00354196041472,188.27112461,188.217878349,3.25447347331,182.708029151,194.000928852,192.834143009,193.875591768
lognormal,qcut,1000000,25,18,194.000970005,206.692516281,12.6915462761,200.346743143,40000,0.04,0.0031517042234,200.243916816,200.194212604,3.66317987876,194.001057455,206.692447671,205.362567274,206.562122731
lognormal,qcut,1000000,25,19,206.692516281,221.183745557,14.4912292757,213.938130919,40000,0.04,0.00276029032728,213.738495756,213.642166947,4.16674001346,206.692692708,221.183718587,219.621610676,221.014775144
lognormal,qcut,1000000,25,20,221.183745557,238.336073548,17.152327991,229.759909552,40000,0.04,0.00233204495745,229.521397923,229.418695777,4.93729116647,221.183830961,238.335975956,236.467176017,238.138278084
lognormal,qcut,1000000,25,21,238.336073548,259.357156496,21.0210829487,248.846615022,40000,0.04,0.00190285153708,248.500505454,248.318678481,6.06736348427,238.336463914,259.357107986,257.091737223,259.127115077
lognormal,qcut,1000000,25,22,259.357156496,286.516558229,27.159401733,272.936857363,40000,0.04,0.00147278649188,272.272269523,271.947929919,7.81870778586,259.357411178,286.516527952,283.420248682,286.211892765
lognormal,qcut,1000000,25,23,286.516558229,324.852526989,38.3359687593,305.684542609,40000,0.04,0.00104340652642,304.317900242,303.630839626,11.0004761316,286.516780267,324.852323561,320.145081024,324.352631786
lognormal,qcut,1000000,25,24,324.852526989,392.851030994,67.9985040053,358.851778991,40000,0.04,0.000588248235533,354.673983429,352.720030735,19.3551332964,324.85486641,392.851012478,383.227242997,391.91974636
lognormal,qcut,1000000,25,25,392.851030994,1954.25246321,1561.40143221,1173.5517471,40000,0.04,2.56180115983e-05,501.514898724,463.720246689,118.839775156,392.85147539,1954.25246321,645.830383854,941.024084037
lognormal,log_binning,1000000,25,1,10.045345021,12.4029642009,2.35761917993,11.2241546109,4,4e-06,1.69662684883e-06,10.6930283991,10.4281758762,0.861118380616,10.045345021,11.8704168229,11.5497019544,11.838345336
lognormal,log_binning,1000000,25,2,12.4029642009,15.3139111347,2.91094693383,13.8584376678,16,1.6e-05,5.4964931906e-06,14.0781355316,14.2810600713,0.898377410801,12.4668263073,15.2948197698,15.0082481867,15.2629977902
lognormal,log_binning,1000000,25,3,15.3139111347,18.9080505631,3.59413942833,17.1109808489,56,5.6e-05,1.55809203056e-05,17.292355961,17.4717871587,1.0800027194,15.3504521512,18.8556154201,18.5561181951,18.8062593019
lognormal,log_binning,1000000,25,4,18.9080505631,23.3457261799,4.43767561687,21.1268883715,295,0.000295,6.64762424001e-05,21.5352592388,21.7120113863,1.19486654923,18.9203687212,23.3412914122,23.0528321113,23.3242872039
lognormal,log_binning,1000000,25,5,23.3457261799,28.8249139725,5.47918779258,26.0853200762,1047,0.001047,0.000191086715702,26.4809360946,26.6303596232,1.52087411681,23.3791052075,28.8237809463,28.4491359208,28.7826211473
lognormal,log_binning,1000000,25,6,28.8249139725,35.5900544331,6.76514046054,32.2074842028,2993,0.002993,0.000442415056636,32.6384632537,32.8590566461,1.90866446996,28.8265714872,35.5898671228,35.0801682968,35.5502083199
lognormal,log_binning,1000000,25,7,35.5900544331,43.9429576704,8.35290323737,39.7665060517,8359,0.008359,0.00100072989743,40.2509269484,40.4719659981,2.34340928707,35.5905351934,43.9421343593,43.2959174084,43.8699471372
lognormal,log_binning,1000000,25,8,43.9429576704,54.2562679261,10.3133102557,49.0996127983,19373,0.019373,0.0018784463494,49.6008519612,49.8267737984,2.9481967496,43.9444272008,54.2539785129,53.4713541143,54.1821246834
lognormal,log_binning,1000000,25,9,54.2562679261,66.9900881809,12.7338202548,60.6231780535,39153,0.039153,0.00307472535474,61.035250428,61.2386124035,3.65274066028,54.256471335,66.9894384483,65.9062841203,66.880378572
lognormal,log_binning,1000000,25,10,66.9900881809,82.712506518,15.7224183371,74.8512973494,67684,0.067684,0.00430493570065,75.2154530595,75.3861955477,4.51642311443,66.9902391445,82.7122827366,81.2939884323,82.5726594184
lognormal,log_binning,1000000,25,11,82.712506518,102.124939976,19.4124334585,92.4187232472,102566,0.102566,0.0052835210083,92.6272729653,92.7373757756,5.58814909702,82.7127095319,102.124925373,100.270131131,101.944017823
lognormal,log_binning,1000000,25,12,102.124939976,126.093426548,23.9684865712,114.109183262,133861,0.133861,0.00558487493996,114.072125534,114.072139374,6.89201901884,102.125225104,126.093396421,123.637779827,125.844517962
lognormal,log_binning,1000000,25,13,126.093426548,155.687261331,29.5938347833,140.890343939,151185,0.151185,0.0051086654064,140.473258007,140.287443301,8.51198973858,126.093621128,155.687241478,152.465955763,155.348639864
lognormal,log_binning,1000000,25,14,155.687261331,192.226700506,36.5394391749,173.956980918,147334,0.147334,0.00403219106059,173.010104056,172.552807421,10.5024714182,155.687573676,192.226680064,187.986711096,191.798278196
lognormal,log_binning,1000000,25,15,192.226700506,237.341861315,45.1151608094,214.78428091,123965,0.123965,0.00274774594119,213.056050585,212.202110933,12.9407994191,192.226756246,237.341109291,231.782286211,236.766761039
lognormal,log_binning,1000000,25,16,237.341861315,293.045445739,55.7035844233,265.193653527,90151,0.090151,0.00161840572619,262.476763778,261.140602418,15.9218904641,237.342078505,293.044944229,285.720827073,292.272069686
lognormal,log_binning,1000000,25,17,293.045445739,361.822532242,68.7770865035,327.43398899,57235,0.057235,0.00083218122357,323.029303505,320.870714661,19.5592352249,293.046754974,361.820850698,352.009681244,360.789424979
lognormal,log_binning,1000000,25,18,361.822532242,446.741441445,84.9189092026,404.281986843,31209,0.031209,0.000367515318944,398.008393567,395.063531806,24.1498049967,361.82293291,446.741293349,434.154087964,445.434650335
lognormal,log_binning,1000000,25,19,446.741441445,551.590621699,104.849180254,499.166031572,14511,0.014511,0.000138398793055,490.146048947,485.864660306,29.6112387797,446.742582724,551.581379164,534.789444349,549.850791615
lognormal,log_binning,1000000,25,20,551.590621699,681.047661399,129.457039701,616.319141549,6034,0.006034,4.66100570039e-05,604.063883051,598.873243292,36.3182424475,551.595280484,681.022386892,658.913261182,679.044937314
lognormal,log_binning,1000000,25,21,681.047661399,840.88796809,159.84030669,760.967814745,2134,0.002134,1.33508252342e-05,746.30937593,738.726563089,44.4589465949,681.051575734,840.219111012,812.639092927,837.834446776
lognormal,log_binning,1000000,25,22,840.88796809,1038.24242407,197.35445598,939.56519608,616,0.000616,3.12128751764e-06,913.694998731,902.756534088,53.9887556634,840.938938741,1036.40200576,1001.40428116,1031.38164295
lognormal,log_binning,1000000,25,23,1038.24242407,1281.91551318,243.673089107,1160.07896862,159,0.000159,6.52513581138e-07,1132.89931118,1118.44903156,65.8595796783,1039.07751426,1276.68550856,1234.78700018,1274.29442081
lognormal,log_binning,1000000,25,24,1281.91551318,1582.77811119,300.86259801,1432.34681218,49,4.9e-05,1.62865043126e-07,1395.81409646,1376.91497012,69.9621773481,1291.51934012,1558.51942476,1495.38110692,1551.86018665
lognormal,log_binning,1000000,25,25,1582.77811119,1954.25246321,371.474352022,1768.5152872,11,1.1e-05,2.96117348078e-08,1707.48255036,1684.68900595,110.083019195,1590.97399057,1954.25246321,1821.34667487,1940.96188438
lognormal,cut,1000000,50,1,8.10113790279,48.9294873847,40.8283494819,28.5153126438,20737,0.020737,0.000507906889775,40.5270790286,42.0408489463,6.6279771987,10.045345021,48.9292455159,47.7479907195,48.807567777
lognormal,cut,1000000,50,2,48.9294873847,87.8136297485,38.8841423638,68.3715585666,143884,0.143884,0.00370032592346,71.2903234148,72.4640530577,10.7215957646,48.9303310785,87.8135870379,84.977910607,87.5418189526
lognormal,cut,1000000,50,3,87.8136297485,126.697772112,38.8841423638,107.25570093,214121,0.214121,0.00550664067622,107.438192737,107.537348604,11.1287737191,87.8138604491,126.697601028,122.789475716,126.311229143
lognormal,cut,1000000,50,4,126.697772112,165.581914476,38.8841423638,146.139843294,192214,0.192214,0.00494324905515,145.355594895,144.937014568,11.1713993396,126.697784062,165.581676625,161.193623496,165.136730624
lognormal,cut,1000000,50,5,165.581914476,204.46605684,38.8841423638,185.023985658,142365,0.142365,0.00366126115547,183.868124713,183.295648547,11.1834775439,165.581960779,204.465783644,199.90071357,204.015021345
lognormal,cut,1000000,50,6,204.46605684,243.350199203,38.8841423638,223.908128022,96918,0.096918,0.00249248135894,222.550975138,221.886118092,11.1648546311,204.466304644,243.349986501,238.592437961,242.871053502
lognormal,cut,1000000,50,7,243.350199203,282.234341567,38.8841423638,262.792270385,64218,0.064218,0.00165152157399,261.437750438,260.766777,11.1686535001,243.350596348,282.233831544,277.476893008,281.766587185
lognormal,cut,1000000,50,8,282.234341567,321.118483931,38.8841423638,301.676412749,42406,0.042406,0.00109057310827,300.328492898,299.696526388,11.1640325883,282.234446656,321.117282352,316.383027667,320.622038146
lognormal,cut,1000000,50,9,321.118483931,360.002626295,38.8841423638,340.560555113,27382,0.027382,0.000704194520837,339.151509925,338.444673299,11.1411039752,321.119638358,360.001563329,355.167589741,359.488884548
lognormal,cut,1000000,50,10,360.002626295,398.886768658,38.8841423638,379.444697477,18097,0.018097,0.000465408233277,377.992851523,377.171346076,11.2140537809,360.002917404,398.886362674,394.126896088,398.441022066
lognormal,cut,1000000,50,11,398.886768658,437.770911022,38.8841423638,418.32883984,11960,0.01196,0.000307580398408,417.038396526,416.394815075,11.1991523178,398.889063641,437.755887536,433.103881096,437.331091199
lognormal,cut,1000000,50,12,437.770911022,476.655053386,38.8841423638,457.212982204,7981,0.007981,0.000205250765861,455.693672709,454.904480503,11.175727222,437.771337541,476.652723641,471.762595802,476.239233547
lognormal,cut,1000000,50,13,476.655053386,515.53919575,38.8841423638,496.097124568,5327,0.005327,0.00013699672093,495.012515172,494.457139919,11.2723786304,476.661281042,515.539178927,511.049929278,515.059203294
lognormal,cut,1000000,50,14,515.53919575,554.423338113,38.8841423638,534.981266932,3626,0.003626,9.32513816578e-05,534.044505518,533.536789145,11.2599886843,515.549335085,554.419819884,550.162261227,553.949656488
lognormal,cut,1000000,50,15,554.423338113,593.307480477,38.8841423638,573.865409295,2499,0.002499,6.42678441155e-05,572.523441067,571.713215699,11.2708150001,554.436984462,593.275862129,589.012227412,592.725276387
lognormal,cut,1000000,50,16,593.307480477,632.191622841,38.8841423638,612.749551659,1776,0.001776,4.56741461181e-05,611.850604646,611.725981627,10.9337692529,593.311173557,632.186825785,627.142214301,631.672206089
lognormal,cut,1000000,50,17,632.191622841,671.075765205,38.8841423638,651.633694023,1280,0.00128,3.29183035086e-05,650.864884737,650.610077241,11.2050218253,632.239957334,671.039352113,666.925300048,670.665017765
lognormal,cut,1000000,50,18,671.075765205,709.959907568,38.8841423638,690.517836387,798,0.000798,2.05225048436e-05,689.180631046,688.918982759,11.0861560014,671.076500996,709.906971806,705.661868205,709.59879288
lognormal,cut,1000000,50,19,709.959907568,748.844049932,38.8841423638,729.40197875,648,0.000648,1.66648911512e-05,728.032312816,727.452070234,11.1011071108,709.96386052,748.835750338,743.925499275,748.331486285
lognormal,cut,1000000,50,20,748.844049932,787.728192296,38.8841423638,768.286121114,459,0.000459,1.18042978988e-05,767.461187469,767.069718542,10.9787334438,748.852858481,787.723690946,782.223612315,787.276514826
lognormal,cut,1000000,50,21,787.728192296,826.61233466,38.8841423638,807.170263478,359,0.000359,9.23255543717e-06,805.595829316,805.709183971,10.9741888635,787.758391404,826.51994579,821.545259887,826.207643824
lognormal,cut,1000000,50,22,826.61233466,865.496477023,38.8841423638,846.054405842,251,0.000251,6.45507357863e-06,844.74794988,844.559086075,11.5800707694,826.652120503,865.176814044,861.067974661,864.844395564
lognormal,cut,1000000,50,23,865.496477023,904.380619387,38.8841423638,884.938548205,178,0.000178,4.57770158166e-06,883.33186622,882.229805999,11.572548124,865.498692635,904.303341324,900.252096336,903.928075345
lognormal,cut,1000000,50,24,904.380619387,943.264761751,38.8841423638,923.822690569,120,0.00012,3.08609095393e-06,922.722736477,922.21614438,11.3112802762,904.6162117,942.360281443,938.201170184,942.107556667
lognormal,cut,1000000,50,25,943.264761751,982.148904115,38.8841423638,962.706832933,92,9.2e-05,2.36600306468e-06,962.474673207,962.678028563,11.3178467883,943.743485733,982.129466871,975.946183159,982.11355681
lognormal,cut,1000000,50,26,982.148904115,1021.03304648,38.8841423638,1001.5909753,58,5.8e-05,1.49161062773e-06,1003.76394666,1006.12768183,11.5467067186,982.16855073,1020.41748421,1018.0241402,1020.23484842
lognormal,cut,1000000,50,27,1021.03304648,1059.91718884,38.8841423638,1040.47511766,50,5e-05,1.2858712308e-06,1038.67766372,1036.07490103,13.0739267386,1021.51993831,1059.22295579,1057.74852551,1059.15518266
lognormal,cut,1000000,50,28,1059.91718884,1098.80133121,38.8841423638,1079.35926002,38,3.8e-05,9.7726213541e-07,1080.18840683,1080.63584229,11.7853312569,1060.83486307,1097.13645805,1094.184748,1096.9329054
lognormal,cut,1000000,50,29,1098.80133121,1137.68547357,38.8841423638,1118.24340239,32,3.2e-05,8.22957587714e-07,1116.75080577,1116.69717616,11.6577612517,1099.7295598,1136.9248157,1134.54815517,1136.81519831
lognormal,cut,1000000,50,30,1137.68547357,1176.56961593,38.8841423638,1157.12754475,27,2.7e-05,6.94370464634e-07,1158.69570848,1157.59992442,10.5151776791,1138.6245682,1175.00491102,1173.00977953,1174.92698871
lognormal,cut,1000000,50,31,1176.56961593,1215.4537583,38.8841423638,1196.01168712,16,1.6e-05,4.11478793857e-07,1198.69912245,1197.70916981,9.68841734501,1184.77806099,1214.17166205,1213.1694803,1214.04710405
lognormal,cut,1000000,50,32,1215.4537583,1254.33790066,38.8841423638,1234.89582948,14,1.4e-05,3.60043944625e-07,1234.80962151,1235.57650286,13.2735633369,1217.07556802,1253.72442678,1253.35672827,1253.68687209
lognormal,cut,1000000,50,33,1254.33790066,1293.22204302,38.8841423638,1273.77997184,11,1.1e-05,2.82891670777e-07,1273.36420473,1271.48439284,11.2429510387,1257.2127693,1293.03601133,1291.51934012,1292.88434421
lognormal,cut,1000000,50,34,1293.22204302,1332.10618539,38.8841423638,1312.66411421,9,9e-06,2.31456821545e-07,1313.88720432,1319.27345168,12.9245999784,1294.03366602,1328.72355093,1328.01797995,1328.65299383
lognormal,cut,1000000,50,35,1332.10618539,1370.99032775,38.8841423638,1351.54825657,9,9e-06,2.31456821545e-07,1357.59133849,1356.72417296,8.39322353005,1346.35349137,1369.92051246,1367.14685282,1369.64314649
lognormal,cut,1000000,50,36,1370.99032775,1409.87447012,38.8841423638,1390.43239893,11,1.1e-05,2.82891670777e-07,1387.2031504,1381.04031538,14.3777640365,1372.08286437,1407.63025817,1406.31385866,1407.49861822
lognormal,cut,1000000,50,37,1409.87447012,1448.75861248,38.8841423638,1429.3165413,7,7e-06,1.80021972312e-07,1435.6225534,1439.66466699,10.2436887505,1420.93904464,1446.96479624,1444.84439874,1446.75275649
lognormal,cut,1000000,50,38,1448.75861248,1487.64275484,38.8841423638,1468.20068366,5,5e-06,1.2858712308e-07,1466.63815819,1458.68516835,16.3602357458,1452.01311543,1486.08154291,1484.66194132,1485.93958275
lognormal,cut,1000000,50,39,1487.64275484,1526.52689721,38.8841423638,1507.08482603,4,4e-06,1.02869698464e-07,1505.51993347,1501.76953574,13.2482096332,1493.95046697,1524.59019543,1517.94375823,1523.92555171
lognormal,cut,1000000,50,40,1526.52689721,1565.41103957,38.8841423638,1545.96896839,2,2e-06,5.14348492321e-08,1551.58271839,1551.58271839,9.80998422564,1544.64601202,1558.51942476,1557.13208349,1558.38069063
lognormal,cut,1000000,50,41,1565.41103957,1604.29518193,38.8841423638,1584.85311075,2,2e-06,5.14348492321e-08,1596.14220675,1596.14220675,7.30896141648,1590.97399057,1601.31042293,1600.2767797,1601.20705861
lognormal,cut,1000000,50,42,1604.29518193,1643.1793243,38.8841423638,1623.73725312,2,2e-06,5.14348492321e-08,1622.18452955,1622.18452955,9.21434548547,1615.66900337,1628.70005573,1627.39695049,1628.56974521
lognormal,cut,1000000,50,43,1643.1793243,1682.06346666,38.8841423638,1662.62139548,1,1e-06,2.57174246161e-08,1661.95397156,1661.95397156,,1661.95397156,1661.95397156,1661.95397156,1661.95397156
lognormal,cut,1000000,50,44,1682.06346666,1720.94760903,38.8841423638,1701.50553784,2,2e-06,5.14348492321e-08,1695.45770245,1695.45770245,15.2292366312,1684.68900595,1706.22639894,1704.07265964,1706.01102501
lognormal,cut,1000000,50,45,1720.94760903,1759.83175139,38.8841423638,1740.38968021,1,1e-06,2.57174246161e-08,1755.3859809,1755.3859809,,1755.3859809,1755.3859809,1755.3859809,1755.3859809
lognormal,cut,1000000,50,46,1759.83175139,1798.71589375,38.8841423638,1779.27382257,1,1e-06,2.57174246161e-08,1761.80008591,1761.80008591,,1761.80008591,1761.80008591,1761.80008591,1761.80008591
lognormal,cut,1000000,50,47,1798.71589375,1837.60003612,38.8841423638,1818.15796494,1,1e-06,2.57174246161e-08,1821.34667487,1821.34667487,,1821.34667487,1821.34667487,1821.34667487,1821.34667487
lognormal,cut,1000000,50,48,1837.60003612,1876.48417848,38.8841423638,1857.0421073,,0,0,,,,,,,
lognormal,cut,1000000,50,49,1876.48417848,1915.36832084,38.8841423638,1895.92624966,,0,0,,,,,,,
lognormal,cut,1000000,50,50,1915.36832084,1954.25246321,38.8841423638,1934.81039203,1,1e-06,2.57174246161e-08,1954.25246321,1954.25246321,,1954.25246321,1954.25246321,1954.25246321,1954.25246321
lognormal,qcut,1000000,50,1,10.045345021,48.5133914267,38.4680464057,29.2793682238,20000,0.02,0.00051991202748,40.2252556731,41.7138452379,6.5563032362,10.045345021,48.5117970462,47.389656472,48.4064380122
lognormal,qcut,1000000,50,2,48.5133914267,57.26773402,8.75434259334,52.8905627234,20000,0.02,0.0022845804567,53.2110419676,53.383822926,2.50307954271,48.5134239651,57.2674798728,56.5280240437,57.1971774042
lognormal,qcut,1000000,50,3,57.26773402,63.7900124724,6.52227845233,60.5288732462,20000,0.02,0.0030664130865,60.6241054574,60.7000325593,1.88663433385,57.2677446095,63.7899908076,63.1941111445,63.7286531476
lognormal,qcut,1000000,50,4,63.7900124724,69.3006725223,5.51066004991,66.5453424973,20000,0.02,0.00362932930336,66.605459489,66.6346457879,1.58961318304,63.7900138552,69.3004195896,68.785251893,69.2524651641
lognormal,qcut,1000000,50,5,69.3006725223,74.2076593054,4.90698678309,71.7541659138,20000,0.02,0.0040758210454,71.7889135374,71.8110352374,1.41670748894,69.3006945164,74.2076223626,73.7350124941,74.1541161903
lognormal,qcut,1000000,50,6,74.2076593054,78.7026732179,4.49501391256,76.4551662616,20000,0.02,0.00444937443778,76.4857312243,76.5080405859,1.3060264654,74.2076634101,78.7026284365,78.279577647,78.6617091603
lognormal,qcut,1000000,50,7,78.7026732179,82.9155653461,4.21289212814,80.809119282,20000,0.02,0.00474733256672,80.8316289155,80.8395747802,1.21631925114,78.7026793245,82.9154544662,82.5148373163,82.8757069841
lognormal,qcut,1000000,50,8,82.9155653461,86.9254575347,4.00989218864,84.9205114404,20000,0.02,0.00498766526857,84.9382967195,84.9306808078,1.15831770697,82.9155833963,86.9254250779,86.5349023507,86.8857637876
lognormal,qcut,1000000,50,9,86.9254575347,90.7891552587,3.86369772396,88.8573063967,20000,0.02,0.00517638837945,88.8618220364,88.8540659168,1.1190865375,86.9254637169,90.7890676445,90.4112495789,90.7509860014
lognormal,qcut,1000000,50,10,90.7891552587,94.5609640084,3.77180874979,92.6750596335,20000,0.02,0.00530249578564,92.6727550976,92.689895849,1.08807964641,90.789174491,94.5609113921,94.1882994277,94.5228021442
lognormal,qcut,1000000,50,11,94.5609640084,98.2193197536,3.65835574513,96.390141881,20000,0.02,0.00546693689552,96.4002188953,96.4079602648,1.05156417379,94.5609771625,98.2192724759,97.8503165518,98.182860806
lognormal,qcut,1000000,50,12,98.2193197536,101.849472792,3.63015303886,100.034396273,20000,0.02,0.00550940959952,100.04016638,100.04511773,1.04217192964,98.2193330883,101.849271022,101.476679501,101.811876009
lognormal,qcut,1000000,50,13,101.849472792,105.432611453,3.58313866039,103.641042123,20000,0.02,0.00558169858763,103.645190619,103.664515402,1.03145043426,101.849536509,105.432218489,105.066865967,105.392556931
lognormal,qcut,1000000,50,14,105.432611453,109.004627334,3.5720158814,107.218619394,20000,0.02,0.00559907924939,107.22939384,107.244301083,1.03275510083,105.432749521,109.00461361,108.64876573,108.97097326
lognormal,qcut,1000000,50,15,109.004627334,112.545354007,3.5407266729,110.774990671,20000,0.02,0.00564855800734,110.769426788,110.768608989,1.02131069904,109.004632671,112.545222808,112.183867776,112.510904936
lognormal,qcut,1000000,50,16,112.545354007,116.112889293,3.56753528619,114.32912165,20000,0.02,0.00560611133333,114.335283433,114.331414316,1.03514300852,112.545410235,116.112843878,115.767843376,116.076851809
lognormal,qcut,1000000,50,17,116.112889293,119.661389891,3.54850059811,117.887139592,20000,0.02,0.00563618335323,117.888458525,117.895965523,1.02637802724,116.112910665,119.661287941,119.30155085,119.621989477
lognormal,qcut,1000000,50,18,119.661389891,123.279586134,3.61819624304,121.470488013,20000,0.02,0.00552761615361,121.464627696,121.470698451,1.045162495,119.661442411,123.279546316,122.912452855,123.24447682
lognormal,qcut,1000000,50,19,123.279586134,126.927103183,3.6475170484,125.103344659,20000,0.02,0.00548318204812,125.094697737,125.087849638,1.05933555763,123.279608533,126.926595057,126.56385361,126.891547783
lognormal,qcut,1000000,50,20,126.927103183,130.603770494,3.6766673112,128.765436838,20000,0.02,0.00543970892854,128.757136465,128.748572973,1.06916552963,126.927414615,130.603693378,130.240253115,130.570790539
lognormal,qcut,1000000,50,21,130.603770494,134.34345188,3.73968138585,132.473611187,20000,0.02,0.00534804918828,132.47805948,132.484458401,1.07728683806,130.603821905,134.343197057,133.971454024,134.302734498
lognormal,qcut,1000000,50,22,134.34345188,138.182637493,3.83918561275,136.263044686,20000,0.02,0.00520943815104,136.253735712,136.256288977,1.10566770937,134.343636407,138.182499468,137.786204665,138.143795089
lognormal,qcut,1000000,50,23,138.182637493,142.049043775,3.86640628231,140.115840634,20000,0.02,0.00517276213096,140.097257979,140.09224567,1.11079831428,138.18274594,142.04901278,141.643176008,142.011213229
lognormal,qcut,1000000,50,24,142.049043775,145.965969491,3.91692571597,144.007506633,20000,0.02,0.00510604526362,143.991905486,143.977269509,1.12762486023,142.049070178,145.965480074,145.567903682,145.924781547
lognormal,qcut,1000000,50,25,145.965969491,150.049501677,4.08353218572,148.007735584,20000,0.02,0.00489772067181,148.015504669,148.014224034,1.17268608174,145.96642126,150.049153238,149.641472891,150.006828559
lognormal,qcut,1000000,50,26,150.049501677,154.254616314,4.20511463708,152.152058995,20000,0.02,0.0047561129068,152.149103908,152.148644632,1.21826547491,150.049850115,154.254578558,153.835206093,154.216924195
lognormal,qcut,1000000,50,27,154.254616314,158.587959252,4.33334293848,156.421287783,20000,0.02,0.00461537438508,156.418817333,156.424532191,1.24906549901,154.254657216,158.587746516,158.143240127,158.539832666
lognormal,qcut,1000000,50,28,158.587959252,163.074522345,4.48656309229,160.831240798,20000,0.02,0.00445775521008,160.816834672,160.827942226,1.29248572978,158.588208986,163.074486239,162.623111352,163.033588762
lognormal,qcut,1000000,50,29,163.074522345,167.677784795,4.60326245056,165.37615357,20000,0.02,0.00434474467072,165.367720538,165.367891094,1.33858494745,163.074568296,167.677780272,167.238648447,167.630705804
lognormal,qcut,1000000,50,30,167.677784795,172.488719288,4.81093449308,170.083252042,20000,0.02,0.00415719649244,170.074725693,170.061661553,1.39137574144,167.677791041,172.48847583,172.007445467,172.437752328
lognormal,qcut,1000000,50,31,172.488719288,177.450355053,4.96163576494,174.969537171,20000,0.02,0.00403092869922,174.967014415,174.969282767,1.43457492935,172.489084475,177.450137185,176.94386888,177.398123777
lognormal,qcut,1000000,50,32,177.450355053,182.707789021,5.25743396831,180.079072037,20000,0.02,0.00380413717425,180.049314103,180.040699483,1.51947599238,177.450710521,182.707653949,182.175095222,182.653713021
lognormal,qcut,1000000,50,33,182.707789021,188.217868874,5.51007985255,185.462828948,20000,0.02,0.00362971146248,185.454107278,185.440339167,1.58847238339,182.708029151,188.217848739,187.664744333,188.161166304
lognormal,qcut,1000000,50,34,188.217868874,194.000970005,5.78310113099,191.109419439,20000,0.02,0.00345835211023,191.088141942,191.082292745,1.66988424001,188.21790796,194.000928852,193.404415225,193.934540861
lognormal,qcut,1000000,50,35,194.000970005,200.194204251,6.19323424632,197.097587128,20000,0.02,0.00322933046039,197.071252126,197.06046104,1.78346749497,194.001057455,200.194191723,199.558248047,200.128102105
lognormal,qcut,1000000,50,36,200.194204251,206.692516281,6.49831202981,203.443360266,20000,0.02,0.00307772232362,203.416581507,203.430916441,1.87751943017,200.194233484,206.692447671,206.037470765,206.628349059
lognormal,qcut,1000000,50,37,206.692516281,213.642136562,6.94962028077,210.167326421,20000,0.02,0.00287785507582,210.139199409,210.122831304,2.00829767036,206.692692708,213.642103645,212.933533089,213.567407883
lognormal,qcut,1000000,50,38,213.642136562,221.183745557,7.54160899489,217.412941059,20000,0.02,0.00265195398138,217.337792103,217.289883976,2.18629580159,213.642230249,221.183718587,220.394484065,221.097718885
lognormal,qcut,1000000,50,39,221.183745557,229.418149419,8.23440386231,225.300947488,20000,0.02,0.00242883399144,225.249186151,225.196559228,2.37648004777,221.183830961,229.417720138,228.585111072,229.338800497
lognormal,qcut,1000000,50,40,229.418149419,238.336073548,8.91792412871,233.877111483,20000,0.02,0.00224267438379,233.793609694,233.76870133,2.56940411515,229.419671416,238.335975956,237.394774291,238.239375418
lognormal,qcut,1000000,50,41,238.336073548,248.318583402,9.98250985409,243.327328475,20000,0.02,0.002003504158,243.252444953,243.231150929,2.88706661501,238.336463914,248.31852992,247.268474684,248.218256385
lognormal,qcut,1000000,50,42,248.318583402,259.357156496,11.0385730946,253.837869949,20000,0.02,0.00181182837933,253.748565955,253.693121265,3.19459762785,248.318827042,259.357107986,258.217342588,259.245268692
lognormal,qcut,1000000,50,43,259.357156496,271.94787978,12.5907232839,265.652518138,20000,0.02,0.00158847109487,265.509735511,265.408336204,3.62553858427,259.357411178,271.947860282,270.618952209,271.816250033
lognormal,qcut,1000000,50,44,271.94787978,286.516558229,14.5686784491,279.232219005,20000,0.02,0.00137280811502,279.034803535,278.889010538,4.20173817336,271.947999555,286.516527952,284.938936938,286.355072502
lognormal,qcut,1000000,50,45,286.516558229,303.63082063,17.1142624009,295.07368943,20000,0.02,0.00116861594917,294.820696901,294.697456929,4.93805789949,286.516780267,303.630815881,301.760577132,303.434813038
lognormal,qcut,1000000,50,46,303.63082063,324.852526989,21.2217063583,314.24167381,20000,0.02,0.000942431285321,313.815103583,313.647616923,6.10244397744,303.630863371,324.852323561,322.495434087,324.605124264
lognormal,qcut,1000000,50,47,324.852526989,352.719951542,27.8674245536,338.786239266,20000,0.02,0.000717683830506,338.056733143,337.652388251,8.0316187877,324.85486641,352.719940743,349.517573118,352.382021776
lognormal,qcut,1000000,50,48,352.719951542,392.851030994,40.1310794517,372.785491268,20000,0.02,0.000498366858636,371.291233715,370.452785259,11.5091516918,352.720120726,392.851012478,387.926644053,392.383410033
lognormal,qcut,1000000,50,49,392.851030994,463.719941561,70.8689105671,428.285486278,20000,0.02,0.000282211195854,423.943774153,421.932701013,20.1406022277,392.85147539,463.719928848,453.523663059,462.626209764
lognormal,qcut,1000000,50,50,463.719941561,1954.25246321,1490.53252165,1208.98620238,20000,0.02,1.34180232296e-05,579.086023295,540.164039724,125.720667146,463.72056453,1954.25246321,732.1124916,1057.97600253
lognormal,log_binning,1000000,50,1,10.045345021,11.1620811089,1.11673608789,10.6037130649,3,3e-06,2.68640015535e-06,10.3005655911,10.0549844911,0.433733748412,10.045345021,10.8013672614,10.6520907073,10.786439606
lognormal,log_binning,1000000,50,2,11.1620811089,12.4029642009,1.24088309204,11.7825226549,1,1e-06,8.05877690182e-07,11.8704168229,11.8704168229,,11.8704168229,11.8704168229,11.8704168229,11.8704168229
lognormal,log_binning,1000000,50,3,12.4029642009,13.7817956588,1.37883145786,13.0923799298,5,5e-06,3.62625901193e-06,12.9414249722,13.1372019082,0.376969157051,12.4668263073,13.2990053986,13.2581656287,13.2949214216
lognormal,log_binning,1000000,50,4,13.7817956588,15.3139111347,1.53211547597,14.5478533968,11,1.1e-05,7.17961548756e-06,14.5948221495,14.6567856254,0.462670125498,13.8112734104,15.2948197698,15.0826732393,15.2736051167
lognormal,log_binning,1000000,50,5,15.3139111347,17.0163511381,1.70244000333,16.1651311364,20,2e-05,1.17478442476e-05,16.0103659081,16.032874342,0.414860976115,15.3504521512,16.7248138449,16.5999631003,16.7028337971
lognormal,log_binning,1000000,50,6,17.0163511381,18.9080505631,1.891699425,17.9622008506,36,3.6e-05,1.90305074497e-05,18.004572657,18.0528197817,0.527830486812,17.1134719522,18.8556154201,18.67387727,18.8242069813
lognormal,log_binning,1000000,50,7,18.9080505631,21.010049287,2.10199872392,19.959049925,101,0.000101,4.80495058587e-05,20.1437601301,20.1864189072,0.590171240339,18.9203687212,21.0097703316,20.8677508377,21.0037698851
lognormal,log_binning,1000000,50,8,21.010049287,23.3457261799,2.33567689294,22.1778877335,194,0.000194,8.30594336854e-05,22.2596994964,22.2774651641,0.673473224255,21.0114450958,23.3412914122,23.2100637043,23.3251073417
lognormal,log_binning,1000000,50,9,23.3457261799,25.9410591295,2.59533294961,24.6433926547,385,0.000385,0.000148343201999,24.7776465375,24.8435019708,0.714683761161,23.3791052075,25.9305773464,25.7258556475,25.9102014441
lognormal,log_binning,1000000,50,10,25.9410591295,28.8249139725,2.88385484297,27.382986551,662,0.000662,0.000229553856226,27.4715199005,27.504159927,0.831281490826,25.947727617,28.8237809463,28.5737019117,28.8027454294
lognormal,log_binning,1000000,50,11,28.8249139725,32.0293655465,3.20445157396,30.4271397595,1112,0.001112,0.00034701725844,30.5070928261,30.5355693181,0.90126284175,28.8265714872,32.0282372884,31.7384212284,32.0013653798
lognormal,log_binning,1000000,50,12,32.0293655465,35.5900544331,3.56068888658,33.8097099898,1881,0.001881,0.000528268562606,33.898475968,33.9118817975,1.02093937167,32.0326829056,35.5898671228,35.2830191602,35.5633776792
lognormal,log_binning,1000000,50,13,35.5900544331,39.5465833599,3.95652892682,37.5683188965,3229,0.003229,0.000816119396502,37.7248686368,37.7870300527,1.13575157933,35.5905351934,39.5435468782,39.2076086324,39.5127141847
lognormal,log_binning,1000000,50,14,39.5465833599,43.9429576704,4.39637431054,41.7447705151,5130,0.00513,0.00116687061602,41.8409156986,41.9032868477,1.26144553864,39.5473505947,43.9421343593,43.5281221384,43.9055277701
lognormal,log_binning,1000000,50,15,43.9429576704,48.8280747607,4.88511709023,46.3855162155,7798,0.007798,0.00159627698906,46.5106591181,46.5852183985,1.40476455762,43.9444272008,48.8256930528,48.4017224138,48.7878093388
lognormal,log_binning,1000000,50,16,48.8280747607,54.2562679261,5.42819316545,51.5421713434,11575,0.011575,0.00213238542682,51.6826941894,51.7531507574,1.56535721065,48.829363534,54.2539785129,53.7859921983,54.2128142231
lognormal,log_binning,1000000,50,17,54.2562679261,60.2879106682,6.03164274207,57.2720892971,16567,0.016567,0.00274668124563,57.3581236121,57.4127088564,1.72432573317,54.256471335,60.2876909012,59.7069972198,60.2349895682
lognormal,log_binning,1000000,50,18,60.2879106682,66.9900881809,6.70217751268,63.6389994245,22586,0.022586,0.00336994953614,63.7324504616,63.790656601,1.93785545568,60.2883442759,66.9894384483,66.3706168478,66.9222940428
lognormal,log_binning,1000000,50,19,66.9900881809,74.4373434863,7.44725530545,70.7137158336,29678,0.029678,0.00398509233036,70.8064458089,70.8412394108,2.14514441868,66.9902391445,74.4365997475,73.7357181639,74.3652484181
lognormal,log_binning,1000000,50,20,74.4373434863,82.712506518,8.27516303167,78.5749250021,38006,0.038006,0.00459277960501,78.6583441079,78.6995531901,2.38739363818,74.4375235166,82.7122827366,81.9330346871,82.6319147712
lognormal,log_binning,1000000,50,21,82.712506518,91.9076153724,9.19510885447,87.3100609452,46965,0.046965,0.00510760674434,87.3739526974,87.3980796106,2.6523173125,82.7127095319,91.9075311953,91.0196977422,91.8160799451
lognormal,log_binning,1000000,50,22,91.9076153724,102.124939976,10.217324604,97.0162776744,55601,0.055601,0.00544183552495,97.0646425518,97.0785890586,2.94295100248,91.9079612484,102.124925373,101.116487407,102.026421763
lognormal,log_binning,1000000,50,23,102.124939976,113.478119554,11.3531795779,107.801529765,63683,0.063683,0.0056092656302,107.817295162,107.843496607,3.27150235322,102.125225104,113.478103462,112.340400677,113.364431522
lognormal,log_binning,1000000,50,24,113.478119554,126.093426548,12.6153069932,119.785773051,70178,0.070178,0.00556292447245,119.748069028,119.715986183,3.62943457119,113.478569239,126.093396421,124.795275952,125.960640701
lognormal,log_binning,1000000,50,25,126.093426548,140.111171043,14.0177444953,133.102298795,74704,0.074704,0.00532924537359,133.02835412,132.985934798,4.05206592923,126.093621128,140.111151602,138.685012171,139.964795081
lognormal,log_binning,1000000,50,26,140.111171043,155.687261331,15.576090288,147.899216187,76481,0.076481,0.00491015386956,147.74518306,147.691397384,4.4907252971,140.111281862,155.687241478,154.037277776,155.518884245
lognormal,log_binning,1000000,50,27,155.687261331,172.99493795,17.3076766194,164.341099641,75503,0.075503,0.00436239950979,164.151384221,164.047715482,4.99807790078,155.687573676,172.994902786,171.180367142,172.813901236
lognormal,log_binning,1000000,50,28,172.99493795,192.226700506,19.2317625555,182.610819228,71831,0.071831,0.00373501907548,182.321681561,182.177518335,5.54885149496,172.995727429,192.226680064,190.147032533,192.01576601
lognormal,log_binning,1000000,50,29,192.226700506,213.596448689,21.3697481831,202.911574597,65965,0.065965,0.00308684030503,202.564734094,202.409009141,6.17096644357,192.226756246,213.596027508,211.273005631,213.366982112
lognormal,log_binning,1000000,50,30,213.596448689,237.341861315,23.7454126263,225.469155002,58000,0.058,0.00244257705321,224.988114246,224.744688572,6.85981429145,213.596983801,237.341109291,234.681855096,237.065630392
lognormal,log_binning,1000000,50,31,237.341861315,263.727039838,26.3851785224,250.534450576,49334,0.049334,0.00186976184217,249.953467157,249.659115504,7.59766154611,237.342078505,263.726923718,260.740269862,263.412562044
lognormal,log_binning,1000000,50,32,263.727039838,293.045445739,29.3184059009,278.386242788,40817,0.040817,0.00139219711119,277.613209755,277.199383314,8.4538739358,263.727661137,293.044944229,289.661663787,292.685113743
lognormal,log_binning,1000000,50,33,293.045445739,325.623164469,32.5777187309,309.334305104,32582,0.032582,0.00100013141709,308.318116338,307.850726823,9.35893717724,293.046754974,325.622573742,321.70897844,325.224823222
lognormal,log_binning,1000000,50,34,325.623164469,361.822532242,36.1993677725,343.722848356,24653,0.024653,0.000681033993602,342.471963638,341.946347839,10.4095724158,325.624343781,361.820850698,357.375678581,361.373270635
lognormal,log_binning,1000000,50,35,361.822532242,402.046166007,40.223633765,381.934349124,18227,0.018227,0.000453141556193,380.391498066,379.633347523,11.6087831243,361.82293291,402.045908831,397.124907552,401.520480697
lognormal,log_binning,1000000,50,36,402.046166007,446.741441445,44.6952754376,424.393803726,12982,0.012982,0.000290455755623,422.742883961,421.912297484,12.856260908,402.049536105,446.741293349,441.245769194,446.158859386
lognormal,log_binning,1000000,50,37,446.741441445,496.40546877,49.6640273257,471.573455107,8718,0.008718,0.000175539529705,469.29315043,467.990926512,14.2450313144,446.742582724,496.404173433,490.15211268,495.609647023
lognormal,log_binning,1000000,50,38,496.40546877,551.590621699,55.1851529285,523.998045235,5793,0.005793,0.000104973886862,521.527987367,519.98258674,15.8648791158,496.40595939,551.581379164,544.673882882,550.860860065
lognormal,log_binning,1000000,50,39,551.590621699,612.91068106,61.3200593615,582.25065138,3682,0.003682,6.00456039726e-05,579.074811966,577.023779558,17.7392829781,551.595280484,612.909047111,605.166997274,612.162315916
lognormal,log_binning,1000000,50,40,612.91068106,681.047661399,68.1369803391,646.97917123,2352,0.002352,3.45187002461e-05,643.183678856,641.709639545,19.5725202193,612.913360094,681.022386892,671.181187378,680.03159185
lognormal,log_binning,1000000,50,41,681.047661399,756.759396484,75.7117350843,718.903528942,1311,0.001311,1.73156776626e-05,715.900620175,714.971549545,21.5122094094,681.051575734,756.714107743,746.92122579,755.84894686
lognormal,log_binning,1000000,50,42,756.759396484,840.88796809,84.128571606,798.823682287,823,0.000823,9.78264558983e-06,794.749082848,793.011200584,23.8222503878,756.772332823,840.219111012,829.870437069,839.429949144
lognormal,log_binning,1000000,50,43,840.88796809,934.369071813,93.481103723,887.628519951,413,0.000413,4.41800517486e-06,881.134948003,877.61493453,25.8662373513,840.938938741,933.461661285,920.083461228,932.135152551
lognormal,log_binning,1000000,50,44,934.369071813,1038.24242407,103.873352257,986.305747941,203,0.000203,1.95430296212e-06,979.937860557,974.379171014,30.5321684197,936.096370397,1036.40200576,1023.48398657,1035.76175393
lognormal,log_binning,1000000,50,45,1038.24242407,1153.66332604,115.420901972,1095.95287506,103,0.000103,8.92386025759e-07,1091.60612076,1090.92287302,32.1465766565,1039.07751426,1153.55048353,1136.8540948,1152.98784708
lognormal,log_binning,1000000,50,46,1153.66332604,1281.91551318,128.252187135,1217.78941961,56,5.6e-05,4.36639727173e-07,1208.84928642,1200.48787349,38.4369603681,1153.76824055,1276.68550856,1269.53022028,1276.43741531
lognormal,log_binning,1000000,50,47,1281.91551318,1424.42543316,142.509919988,1353.17047317,33,3.3e-05,2.31562827365e-07,1355.48104325,1357.77683698,38.5110009013,1291.51934012,1422.83849159,1406.12275745,1422.23066857
lognormal,log_binning,1000000,50,48,1424.42543316,1582.77811119,158.352678022,1503.60177218,16,1.6e-05,1.01040286782e-07,1479.0010187,1470.60885364,39.2282592708,1433.54875796,1558.51942476,1534.61810372,1556.43841285
lognormal,log_binning,1000000,50,49,1582.77811119,1758.7347789,175.95666771,1670.75644504,8,8e-06,4.54657394012e-08,1655.61360374,1645.32701364,57.1324110679,1590.97399057,1755.3859809,1720.97427353,1751.94481016
lognormal,log_binning,1000000,50,50,1758.7347789,1954.25246321,195.517684313,1856.49362105,3,3e-06,1.53438805832e-08,1845.79974133,1821.34667487,98.5288979256,1761.80008591,1954.25246321,1927.67130554,1951.59434744
lognormal,cut,1000000,100,1,8.10113790279,29.4874162029,21.3862783001,18.7942770528,1614,0.001614,7.54689515097e-05,25.4226529194,26.2132037596,3.33462788955,10.045345021,29.4793761188,28.9707063194,29.4345505755
lognormal,cut,1000000,100,2,29.4874162029,48.9294873847,19.4420711819,39.2084517938,19123,0.019123,0.000983588621866,41.8019074415,42.6922832511,5.08116147076,29.5011814929,48.9292455159,47.8401535402,48.8169113035
lognormal,cut,1000000,100,3,48.9294873847,68.3715585666,19.4420711819,58.6505229757,55671,0.055671,0.0028634294916,59.7373501982,60.2421318544,5.47820829687,48.9303310785,68.371299099,66.8606789962,68.2155622799
lognormal,cut,1000000,100,4,68.3715585666,87.8136297485,19.4420711819,78.0925941575,88213,0.088213,0.00453722235531,78.581375436,78.8134236313,5.58263585805,68.3725556089,87.8135870379,86.1093231618,87.6470461963
lognormal,cut,1000000,100,5,87.8136297485,107.25570093,19.4420711819,97.5346653394,105438,0.105438,0.00542318763334,97.6720789292,97.7355552023,5.58787778765,87.8138604491,107.255541992,105.334575728,107.062267978
lognormal,cut,1000000,100,6,107.25570093,126.697772112,19.4420711819,116.976736521,108683,0.108683,0.0055900937191,116.912715042,116.893888299,5.604719097,107.255711771,126.697601028,124.695321634,126.499384728
lognormal,cut,1000000,100,7,126.697772112,146.139843294,19.4420711819,136.418807703,102124,0.102124,0.00525273254298,136.281092819,136.218707652,5.61341929407,126.697784062,146.139541969,144.107539467,145.933489117
lognormal,cut,1000000,100,8,146.139843294,165.581914476,19.4420711819,155.860878885,90090,0.09009,0.00463376556732,155.642246577,155.535976689,5.60259980647,146.139995193,165.581676625,163.502332108,165.378495973
lognormal,cut,1000000,100,9,165.581914476,185.023985658,19.4420711819,175.302950067,77508,0.077508,0.00398661229428,175.016157665,174.904743552,5.59519748622,165.581960779,185.023721873,182.902559855,184.815546867
lognormal,cut,1000000,100,10,185.023985658,204.46605684,19.4420711819,194.745021249,64857,0.064857,0.00333591001665,194.446755578,194.276506104,5.61903970849,185.024209292,204.465783644,202.380334444,204.262496112
lognormal,cut,1000000,100,11,204.46605684,223.908128022,19.4420711819,214.187092431,53427,0.053427,0.00274800968992,213.830994444,213.650478446,5.58700047793,204.466304644,223.908013703,221.745596226,223.701492366
lognormal,cut,1000000,100,12,223.908128022,243.350199203,19.4420711819,233.629163613,43491,0.043491,0.00223695302795,233.263131872,233.073054921,5.59277372656,223.908248044,243.349986501,241.190320349,243.139347857
lognormal,cut,1000000,100,13,243.350199203,262.792270385,19.4420711819,253.071234794,35463,0.035463,0.00182403405832,252.742022082,252.586936504,5.60830433495,243.350596348,262.791433085,260.667441152,262.571418443
lognormal,cut,1000000,100,14,262.792270385,282.234341567,19.4420711819,272.513305976,28755,0.028755,0.00147900908967,272.162028467,272.003137478,5.61414961551,262.792734335,282.233831544,280.088260308,282.030066046
lognormal,cut,1000000,100,15,282.234341567,301.676412749,19.4420711819,291.955377158,23450,0.02345,0.00120614721449,291.648888029,291.444814087,5.60820686955,282.234446656,301.675771476,299.601540753,301.486152805
lognormal,cut,1000000,100,16,301.676412749,321.118483931,19.4420711819,311.39744834,18956,0.018956,0.000974999002044,311.065817977,310.913174094,5.6055024922,301.676624705,321.117282352,318.97669633,320.88284105
lognormal,cut,1000000,100,17,321.118483931,340.560555113,19.4420711819,330.839519522,15166,0.015166,0.000780060923454,330.498776745,330.337110352,5.59174084333,321.119638358,340.559872414,338.388022014,340.321066544
lognormal,cut,1000000,100,18,340.560555113,360.002626295,19.4420711819,350.281590704,12216,0.012216,0.00062832811822,349.893762005,349.713570792,5.57257391362,340.564920682,360.001563329,357.780102085,359.778289593
lognormal,cut,1000000,100,19,360.002626295,379.444697477,19.4420711819,369.723661886,10059,0.010059,0.000517383148426,369.307200651,369.076636849,5.57829737324,360.002917404,379.440557968,377.185620997,379.251934046
lognormal,cut,1000000,100,20,379.444697477,398.886768658,19.4420711819,389.165733068,8038,0.008038,0.000413433318128,388.86234171,388.653947309,5.62362411787,379.445997079,398.886362674,396.794066974,398.701333932
lognormal,cut,1000000,100,21,398.886768658,418.32883984,19.4420711819,408.607804249,6567,0.006567,0.000337772654907,408.258802445,408.032312184,5.60759246868,398.889063641,418.32843806,416.134903088,418.121748229
lognormal,cut,1000000,100,22,418.32883984,437.770911022,19.4420711819,428.049875431,5393,0.005393,0.000277388141909,427.729216911,427.59877896,5.62923249203,418.334871546,437.755887536,435.715413429,437.599361926
lognormal,cut,1000000,100,23,437.770911022,457.212982204,19.4420711819,447.491946613,4461,0.004461,0.000229450862425,447.11654555,446.942774728,5.64488192588,437.771337541,457.203634627,455.004141634,456.987954392
lognormal,cut,1000000,100,24,457.212982204,476.655053386,19.4420711819,466.934017795,3520,0.00352,0.000181050669297,466.563719372,466.401386406,5.60268857996,457.21892757,476.652723641,474.677338943,476.459087598
lognormal,cut,1000000,100,25,476.655053386,496.097124568,19.4420711819,486.376088977,2883,0.002883,0.000148286670336,485.999877333,485.723840836,5.63352330745,476.661281042,496.088403786,493.906746683,495.837888143
lognormal,cut,1000000,100,26,496.097124568,515.53919575,19.4420711819,505.818160159,2444,0.002444,0.000125706771523,505.644035176,505.580196018,5.53590415312,496.100535305,515.539178927,513.254665083,515.357692668
lognormal,cut,1000000,100,27,515.53919575,534.981266932,19.4420711819,525.260231341,1953,0.001953,0.00010045226055,525.024458771,524.921944231,5.65011761037,515.549335085,534.955813524,532.975439683,534.761303244
lognormal,cut,1000000,100,28,534.981266932,554.423338113,19.4420711819,544.702302523,1673,0.001673,8.60505027653e-05,544.574183519,544.512681422,5.62472237701,534.981286449,554.419819884,552.451965518,554.194005931
lognormal,cut,1000000,100,29,554.423338113,573.865409295,19.4420711819,564.144373704,1392,0.001392,7.15973101311e-05,563.836612223,563.89328764,5.61702538458,554.436984462,573.864566154,571.817863194,573.532771581
lognormal,cut,1000000,100,30,573.865409295,593.307480477,19.4420711819,583.586444886,1107,0.001107,5.69383781e-05,583.446716362,583.34074699,5.72975172562,573.867667809,593.275862129,591.440140072,592.994885804
lognormal,cut,1000000,100,31,593.307480477,612.749551659,19.4420711819,603.028516068,937,0.000937,4.81944537305e-05,602.943124257,602.603897136,5.61289437455,593.311173557,612.730414933,610.606638283,612.56770663
lognormal,cut,1000000,100,32,612.749551659,632.191622841,19.4420711819,622.47058725,839,0.000839,4.31538385058e-05,621.798529705,621.512217374,5.49844227403,612.770416429,632.186825785,629.606225229,631.930103009
lognormal,cut,1000000,100,33,632.191622841,651.633694023,19.4420711819,641.912658432,675,0.000675,3.47185232317e-05,641.670461619,641.581610341,5.56614965737,632.239957334,651.558652632,649.493488303,651.406985304
lognormal,cut,1000000,100,34,651.633694023,671.075765205,19.4420711819,661.354729614,605,0.000605,3.11180837854e-05,661.123125406,661.043206334,5.60451097133,651.638730502,671.039352113,669.050747361,670.877131298
lognormal,cut,1000000,100,35,671.075765205,690.517836387,19.4420711819,680.796800796,438,0.000438,2.25284639637e-05,680.609553631,680.24409316,5.74183505668,671.076500996,690.501306515,688.557937839,690.111585268
lognormal,cut,1000000,100,36,690.517836387,709.959907568,19.4420711819,700.238871978,360,0.00036,1.85165457236e-05,699.608775235,698.923803629,5.83445786499,690.607067227,709.906971806,708.260610453,709.742157285
lognormal,cut,1000000,100,37,709.959907568,729.40197875,19.4420711819,719.680943159,357,0.000357,1.83622411759e-05,719.447733402,719.118044766,5.73261877199,709.96386052,729.349143404,727.401308762,729.148104744
lognormal,cut,1000000,100,38,729.40197875,748.844049932,19.4420711819,739.123014341,291,0.000291,1.49675411265e-05,738.563910241,738.317588665,5.7079270767,729.431701856,748.835750338,746.511322502,748.433072743
lognormal,cut,1000000,100,39,748.844049932,768.286121114,19.4420711819,758.565085523,243,0.000243,1.24986683634e-05,758.532948273,757.933442482,5.60469198006,748.852858481,768.212313769,766.539715025,768.062470212
lognormal,cut,1000000,100,40,768.286121114,787.728192296,19.4420711819,778.007156705,216,0.000216,1.11099274341e-05,777.505456564,777.485305725,5.47299817884,768.296026466,787.723690946,784.902450321,787.529943846
lognormal,cut,1000000,100,41,787.728192296,807.170263478,19.4420711819,797.449227887,199,0.000199,1.02355349972e-05,797.230671098,797.121979559,5.73535390908,787.758391404,806.83805298,805.561058843,806.764756493
lognormal,cut,1000000,100,42,807.170263478,826.61233466,19.4420711819,816.891299069,160,0.00016,8.22957587714e-06,815.999994849,815.165047278,5.80458367362,807.210329096,826.51994579,824.507549334,826.405801793
lognormal,cut,1000000,100,43,826.61233466,846.054405842,19.4420711819,836.333370251,138,0.000138,7.09800919403e-06,835.593860765,835.125067865,5.64188304299,826.652120503,845.931079502,844.202079861,845.843214182
lognormal,cut,1000000,100,44,846.054405842,865.496477023,19.4420711819,855.775441433,113,0.000113,5.81213796323e-06,855.92727995,855.992839876,5.57193347964,846.104259354,865.176814044,864.035095937,865.058096599
lognormal,cut,1000000,100,45,865.496477023,884.938548205,19.4420711819,875.217512614,104,0.000104,5.34922432014e-06,874.965552926,874.807876078,5.92778298262,865.498692635,884.75593544,882.862352952,884.221360773
lognormal,cut,1000000,100,46,884.938548205,904.380619387,19.4420711819,894.659583796,74,7.4e-05,3.80617884318e-06,895.089928148,894.949289354,5.93930252105,885.352893817,904.303341324,903.415920369,904.092763137
lognormal,cut,1000000,100,47,904.380619387,923.822690569,19.4420711819,914.101654978,65,6.5e-05,3.34326520009e-06,913.785606254,913.349582465,5.86450763527,904.6162117,923.786157109,921.302931301,923.771003251
lognormal,cut,1000000,100,48,923.822690569,943.264761751,19.4420711819,933.54372616,55,5.5e-05,2.82891670777e-06,933.284799469,932.73349771,5.6058858674,924.206817698,942.360281443,940.625469376,942.236867373
lognormal,cut,1000000,100,49,943.264761751,962.706832933,19.4420711819,952.985797342,46,4.6e-05,2.36600306468e-06,952.619066758,952.424494281,5.74044924339,943.743485733,962.573875044,960.480278327,962.490552469
lognormal,cut,1000000,100,50,962.706832933,982.148904115,19.4420711819,972.427868524,46,4.6e-05,2.36600306468e-06,972.330279655,972.435994115,5.2438632523,962.782182082,982.129466871,979.686717745,982.121599258
lognormal,cut,1000000,100,51,982.148904115,1001.5909753,19.4420711819,991.869939706,23,2.3e-05,1.18300153234e-06,991.329642796,990.68904224,6.10996493983,982.16855073,1001.02353135,1000.33131066,1000.95634981
lognormal,cut,1000000,100,52,1001.5909753,1021.03304648,19.4420711819,1011.31201089,35,3.5e-05,1.80021972312e-06,1011.93506063,1012.45080172,5.10301948292,1001.78503097,1020.41748421,1018.69492322,1020.30854356
lognormal,cut,1000000,100,53,1021.03304648,1040.47511766,19.4420711819,1030.75408207,29,2.9e-05,1.49161062773e-06,1028.91924848,1028.3647614,5.54543917035,1021.51993831,1039.74704879,1036.39009968,1039.55957912
lognormal,cut,1000000,100,54,1040.47511766,1059.91718884,19.4420711819,1050.19615325,21,2.1e-05,1.08013183387e-06,1052.15357047,1056.25112317,6.85281946847,1040.60093533,1059.22295579,1058.23569082,1059.19529329
lognormal,cut,1000000,100,55,1059.91718884,1079.35926002,19.4420711819,1069.63822443,17,1.7e-05,8.74392436946e-07,1068.8007162,1068.78600216,5.55316512975,1060.83486307,1078.85543316,1074.67668653,1078.45958759
lognormal,cut,1000000,100,56,1079.35926002,1098.80133121,19.4420711819,1089.08029562,21,2.1e-05,1.08013183387e-06,1089.40701353,1090.91661933,5.72926070156,1079.42696141,1097.13645805,1096.49953397,1097.02642959
lognormal,cut,1000000,100,57,1098.80133121,1118.24340239,19.4420711819,1108.5223668,18,1.8e-05,9.25827286178e-07,1108.3194555,1107.29953429,6.49462265636,1099.7295598,1118.02398242,1116.63674127,1117.82411018
lognormal,cut,1000000,100,58,1118.24340239,1137.68547357,19.4420711819,1127.96443798,14,1.4e-05,7.2008788925e-07,1127.59111327,1127.22808574,6.62857145004,1118.44903156,1136.9248157,1136.28512282,1136.87884712
lognormal,cut,1000000,100,59,1137.68547357,1157.12754475,19.4420711819,1147.40650916,12,1.2e-05,6.17218190785e-07,1148.94546139,1149.9442645,4.97614578905,1138.6245682,1155.38164553,1153.74646485,1155.20417098
lognormal,cut,1000000,100,60,1157.12754475,1176.56961593,19.4420711819,1166.84858034,15,1.5e-05,7.71522738482e-07,1166.49590615,1167.01364455,6.26188372795,1157.58510322,1175.00491102,1174.65354138,1174.96295285
lognormal,cut,1000000,100,61,1176.56961593,1196.01168712,19.4420711819,1186.29065152,6,6e-06,3.08609095393e-07,1189.07740749,1189.22969247,2.85839631131,1184.77806099,1193.23431614,1191.82018403,1193.09290293
lognormal,cut,1000000,100,62,1196.01168712,1215.4537583,19.4420711819,1205.73272271,10,1e-05,5.14348492321e-07,1204.47215142,1200.48787349,7.29068114493,1197.04368533,1214.17166205,1213.42431406,1214.09692725
lognormal,cut,1000000,100,63,1215.4537583,1234.89582948,19.4420711819,1225.17479389,7,7e-06,3.60043944625e-07,1224.04771316,1220.2961132,7.18673686004,1217.07556802,1234.26066507,1232.13722031,1234.04832059
lognormal,cut,1000000,100,64,1234.89582948,1254.33790066,19.4420711819,1244.61686507,7,7e-06,3.60043944625e-07,1245.57152987,1243.61757383,7.736070996,1236.89234066,1253.72442678,1253.55109746,1253.70709384
lognormal,cut,1000000,100,65,1254.33790066,1273.77997184,19.4420711819,1264.05893625,7,7e-06,3.60043944625e-07,1267.07585173,1269.62334118,6.47273291756,1257.2127693,1272.88958662,1272.04647036,1272.805275
lognormal,cut,1000000,100,66,1273.77997184,1293.22204302,19.4420711819,1283.50100743,4,4e-06,2.05739396928e-07,1284.36882248,1284.10242434,9.15517558664,1276.23442993,1293.03601133,1292.58100997,1292.9905112
lognormal,cut,1000000,100,67,1293.22204302,1312.66411421,19.4420711819,1302.94307862,3,3e-06,1.54304547696e-07,1297.94545814,1298.25323766,3.76734339763,1294.03366602,1301.54947073,1300.89022412,1301.48354607
lognormal,cut,1000000,100,68,1312.66411421,1332.10618539,19.4420711819,1322.3851498,6,6e-06,3.08609095393e-07,1321.85807741,1320.98482012,5.73323299716,1313.34023441,1328.72355093,1328.28256907,1328.67945274
lognormal,cut,1000000,100,69,1332.10618539,1351.54825657,19.4420711819,1341.82722098,2,2e-06,1.02869698464e-07,1346.3733263,1346.3733263,0.0280508270502,1346.35349137,1346.39316123,1346.38919424,1346.39276453
lognormal,cut,1000000,100,70,1351.54825657,1370.99032775,19.4420711819,1361.26929216,7,7e-06,3.60043944625e-07,1360.79648483,1357.77683698,6.32416643138,1353.90429325,1369.92051246,1367.84026773,1369.71248799
lognormal,cut,1000000,100,71,1370.99032775,1390.43239893,19.4420711819,1380.71136334,7,7e-06,3.60043944625e-07,1377.27912308,1376.89721375,4.60153583601,1372.08286437,1385.24847366,1382.72357869,1384.99598417
lognormal,cut,1000000,100,72,1390.43239893,1409.87447012,19.4420711819,1400.15343453,4,4e-06,2.05739396928e-07,1404.5701982,1405.83610564,3.84250657468,1398.97832337,1407.63025817,1407.23533831,1407.59076618
lognormal,cut,1000000,100,73,1409.87447012,1429.3165413,19.4420711819,1419.59550571,2,2e-06,1.02869698464e-07,1421.88876812,1421.88876812,1.34311182123,1420.93904464,1422.83849159,1422.6485469,1422.81949712
lognormal,cut,1000000,100,74,1429.3165413,1448.75861248,19.4420711819,1439.03757689,5,5e-06,2.57174246161e-07,1441.11606751,1441.97131593,4.99168817317,1433.54875796,1446.96479624,1445.55119791,1446.82343641
lognormal,cut,1000000,100,75,1448.75861248,1468.20068366,19.4420711819,1458.47964807,3,3e-06,1.54304547696e-07,1454.85890303,1453.87842532,3.44239378033,1452.01311543,1458.68516835,1457.72381974,1458.58903349
lognormal,cut,1000000,100,76,1468.20068366,1487.64275484,19.4420711819,1477.92171925,2,2e-06,1.02869698464e-07,1484.30704092,1484.30704092,2.50952477208,1482.53253894,1486.08154291,1485.72664251,1486.04605287
lognormal,cut,1000000,100,77,1487.64275484,1507.08482603,19.4420711819,1497.36379043,3,3e-06,1.54304547696e-07,1499.16317948,1501.10366672,4.56318533024,1493.95046697,1502.43540476,1502.16905715,1502.40877
lognormal,cut,1000000,100,78,1507.08482603,1526.52689721,19.4420711819,1516.80586162,1,1e-06,5.14348492321e-08,1524.59019543,1524.59019543,,1524.59019543,1524.59019543,1524.59019543,1524.59019543
lognormal,cut,1000000,100,79,1526.52689721,1545.96896839,19.4420711819,1536.2479328,1,1e-06,5.14348492321e-08,1544.64601202,1544.64601202,,1544.64601202,1544.64601202,1544.64601202,1544.64601202
lognormal,cut,1000000,100,80,1545.96896839,1565.41103957,19.4420711819,1555.69000398,1,1e-06,5.14348492321e-08,1558.51942476,1558.51942476,,1558.51942476,1558.51942476,1558.51942476,1558.51942476
lognormal,cut,1000000,100,81,1565.41103957,1584.85311075,19.4420711819,1575.13207516,,0,0,,,,,,,
lognormal,cut,1000000,100,82,1584.85311075,1604.29518193,19.4420711819,1594.57414634,2,2e-06,1.02869698464e-07,1596.14220675,1596.14220675,7.30896141648,1590.97399057,1601.31042293,1600.2767797,1601.20705861
lognormal,cut,1000000,100,83,1604.29518193,1623.73725312,19.4420711819,1614.01621753,1,1e-06,5.14348492321e-08,1615.66900337,1615.66900337,,1615.66900337,1615.66900337,1615.66900337,1615.66900337
lognormal,cut,1000000,100,84,1623.73725312,1643.1793243,19.4420711819,1633.45828871,1,1e-06,5.14348492321e-08,1628.70005573,1628.70005573,,1628.70005573,1628.70005573,1628.70005573,1628.70005573
lognormal,cut,1000000,100,85,1643.1793243,1662.62139548,19.4420711819,1652.90035989,1,1e-06,5.14348492321e-08,1661.95397156,1661.95397156,,1661.95397156,1661.95397156,1661.95397156,1661.95397156
lognormal,cut,1000000,100,86,1662.62139548,1682.06346666,19.4420711819,1672.34243107,,0,0,,,,,,,
lognormal,cut,1000000,100,87,1682.06346666,1701.50553784,19.4420711819,1691.78450225,1,1e-06,5.14348492321e-08,1684.68900595,1684.68900595,,1684.68900595,1684.68900595,1684.68900595,1684.68900595
lognormal,cut,1000000,100,88,1701.50553784,1720.94760903,19.4420711819,1711.22657344,1,1e-06,5.14348492321e-08,1706.22639894,1706.22639894,,1706.22639894,1706.22639894,1706.22639894,1706.22639894
lognormal,cut,1000000,100,89,1720.94760903,1740.38968021,19.4420711819,1730.66864462,,0,0,,,,,,,
lognormal,cut,1000000,100,90,1740.38968021,1759.83175139,19.4420711819,1750.1107158,1,1e-06,5.14348492321e-08,1755.3859809,1755.3859809,,1755.3859809,1755.3859809,1755.3859809,1755.3859809
lognormal,cut,1000000,100,91,1759.83175139,1779.27382257,19.4420711819,1769.55278698,1,1e-06,5.14348492321e-08,1761.80008591,1761.80008591,,1761.80008591,1761.80008591,1761.80008591,1761.80008591
lognormal,cut,1000000,100,92,1779.27382257,1798.71589375,19.4420711819,1788.99485816,,0,0,,,,,,,
lognormal,cut,1000000,100,93,1798.71589375,1818.15796494,19.4420711819,1808.43692934,,0,0,,,,,,,
lognormal,cut,1000000,100,94,1818.15796494,1837.60003612,19.4420711819,1827.87900053,1,1e-06,5.14348492321e-08,1821.34667487,1821.34667487,,1821.34667487,1821.34667487,1821.34667487,1821.34667487
lognormal,cut,1000000,100,95,1837.60003612,1857.0421073,19.4420711819,1847.32107171,,0,0,,,,,,,
lognormal,cut,1000000,100,96,1857.0421073,1876.48417848,19.4420711819,1866.76314289,,0,0,,,,,,,
lognormal,cut,1000000,100,97,1876.48417848,1895.92624966,19.4420711819,1886.20521407,,0,0,,,,,,,
lognormal,cut,1000000,100,98,1895.92624966,1915.36832084,19.4420711819,1905.64728525,,0,0,,,,,,,
lognormal,cut,1000000,100,99,1915.36832084,1934.81039203,19.4420711819,1925.08935644,,0,0,,,,,,,
lognormal,cut,1000000,100,100,1934.81039203,1954.25246321,19.4420711819,1944.53142762,1,1e-06,5.14348492321e-08,1954.25246321,1954.25246321,,1954.25246321,1954.25246321,1954.25246321,1954.25246321
lognormal,qcut,1000000,100,1,10.045345021,41.7138901284,31.6685451074,25.8796175747,10000,0.01,0.000315770742422,35.0765844895,36.4744627905,5.39869448895,10.045345021,41.7137994312,40.832969907,41.6283554695
lognormal,qcut,1000000,100,2,41.7138901284,48.5133914267,6.79950129829,45.1136407775,10000,0.01,0.00147069609392,45.3739268567,45.4960655565,1.95081746947,41.7138910445,48.5117970462,47.9395752767,48.466974529
lognormal,qcut,1000000,100,3,48.5133914267,53.3840466918,4.87065526511,50.9487190592,10000,0.01,0.00205311184136,51.0532471992,51.0933798073,1.40091116819,48.5134239651,53.3835848773,52.9541725108,53.337228568
lognormal,qcut,1000000,100,4,53.3840466918,57.26773402,3.88368732823,55.3258903559,10000,0.01,0.00257487257723,55.3688367359,55.4023019398,1.12062530017,53.3840609747,57.2674798728,56.8954775453,57.2363938448
lognormal,qcut,1000000,100,5,57.26773402,60.700382294,3.43264827401,58.984058157,10000,0.01,0.00291320263591,58.9944060545,58.9912147018,1.00131148266,57.2677446095,60.6996439652,60.3814386344,60.6729586766
lognormal,qcut,1000000,100,6,60.700382294,63.7900124724,3.08963017833,62.2451973832,10000,0.01,0.00323663332594,62.2538048603,62.2492175071,0.896737410728,60.7004211534,63.7899908076,63.4889900406,63.7585456092
lognormal,qcut,1000000,100,7,63.7900124724,66.634746473,2.84473400065,65.2123794727,10000,0.01,0.00351526715598,65.229491898,65.2314123576,0.817529649713,63.7900138552,66.6345287122,66.3598052705,66.6070525059
lognormal,qcut,1000000,100,8,66.634746473,69.3006725223,2.66592604926,67.9677094976,10000,0.01,0.00375104178256,67.98142708,67.9883210342,0.773747897748,66.6347628636,69.3004195896,69.0448348631,69.2732723711
lognormal,qcut,1000000,100,9,69.3006725223,71.8111374548,2.51046493249,70.5559049885,10000,0.01,0.00398332590532,70.559984911,70.562733709,0.719663439547,69.3006945164,71.810910582,71.5574370263,71.7839266168
lognormal,qcut,1000000,100,10,71.8111374548,74.2076593054,2.3965218506,73.0093983801,10000,0.01,0.0041727138843,73.0178421638,73.0262030655,0.689617471796,71.8111598927,74.2076223626,73.9657455207,74.1802017769
lognormal,qcut,1000000,100,11,74.2076593054,76.5080811735,2.3004218681,75.3578702394,10000,0.01,0.00434702875097,75.3547135029,75.3573620323,0.66698161214,74.2076634101,76.5079885506,76.2904260372,76.490473587
lognormal,qcut,1000000,100,12,76.5080811735,78.7026732179,2.19459204446,77.6053771957,10000,0.01,0.00455665554118,77.6167489458,77.618408937,0.638794438854,76.5080926212,78.7026284365,78.4868967375,78.68408455
lognormal,qcut,1000000,100,13,78.7026732179,80.839610418,2.13693720011,79.771141818,10000,0.01,0.00467959470194,79.7790930643,79.7799308131,0.616553800421,78.7026793245,80.8395266211,80.626903372,80.8174571486
lognormal,qcut,1000000,100,14,80.839610418,82.9155653461,2.07595492803,81.877587882,10000,0.01,0.00481706026704,81.8841647666,81.893164287,0.602486004887,80.8396229394,82.9154544662,82.7171933528,82.8965194735
lognormal,qcut,1000000,100,15,82.9155653461,84.9307783925,2.01521304646,83.9231718693,10000,0.01,0.00496225449591,83.936724526,83.943718846,0.586733705239,82.9155833963,84.930541401,84.7445818316,84.9097696261
lognormal,qcut,1000000,100,16,84.9307783925,86.9254575347,1.99467914219,85.9281179636,10000,0.01,0.00501333762835,85.939868913,85.9482037255,0.576873639584,84.9308202145,86.9254250779,86.7291245192,86.9069825297
lognormal,qcut,1000000,100,17,86.9254575347,88.8540671676,1.9286096329,87.8897623511,10000,0.01,0.0051850824705,87.8926519076,87.8864416458,0.560687236904,86.9254637169,88.8540640216,88.6715310187,88.8375362116
lognormal,qcut,1000000,100,18,88.8540671676,90.7891552587,1.93508809105,89.8216112131,10000,0.01,0.00516772339524,89.8309921653,89.8304152735,0.558296581624,88.854067812,90.7890676445,90.5993377099,90.7690362307
lognormal,qcut,1000000,100,19,90.7891552587,92.6899175276,1.90076226895,91.7395363931,10000,0.01,0.00526104719319,91.7317848228,91.7343623072,0.550546557961,90.789174491,92.6898608834,92.4945564651,92.6699508051
lognormal,qcut,1000000,100,20,92.6899175276,94.5609640084,1.87104648084,93.625440768,10000,0.01,0.00534460266082,93.6137253724,93.5989353583,0.54205563015,92.6899308145,94.5609113921,94.3677545161,94.5432158704
lognormal,qcut,1000000,100,21,94.5609640084,96.4080689675,1.84710495909,95.484516488,10000,0.01,0.00541387751183,95.490099399,95.4902246768,0.533118011795,94.5609771625,96.4077728464,96.2290062338,96.3891418581
lognormal,qcut,1000000,100,22,96.4080689675,98.2193197536,1.81125078605,97.3136943606,10000,0.01,0.00552104660329,97.3103383917,97.3011171019,0.520259092286,96.4081476833,98.2192724759,98.0354469675,98.2006105902
lognormal,qcut,1000000,100,23,98.2193197536,100.045266843,1.82594708901,99.1322932981,10000,0.01,0.00547660995227,99.1383145723,99.1450082969,0.525609990795,98.2193330883,100.044841597,99.8582765834,100.02672941
lognormal,qcut,1000000,100,24,100.045266843,101.849472792,1.80420594984,100.947369818,10000,0.01,0.00554260449083,100.942018188,100.945167606,0.518894374844,100.045393864,101.849271022,101.6650099,101.830041144
lognormal,qcut,1000000,100,25,101.849472792,103.664549453,1.81507666037,102.757011123,10000,0.01,0.0055094091717,102.751140428,102.749945218,0.520814338772,101.849536509,103.664447302,103.471240968,103.646139608
lognormal,qcut,1000000,100,26,103.664549453,105.432611453,1.76806200002,104.548580453,10000,0.01,0.00565591025648,104.53924081,104.539309836,0.507767122454,103.664583503,105.432218489,105.243210591,105.412077667
lognormal,qcut,1000000,100,27,105.432611453,107.24432754,1.81171608677,106.338469496,10000,0.01,0.00551962863995,106.335615275,106.34139764,0.525081972605,105.432749521,107.244243567,107.060851722,107.226641172
lognormal,qcut,1000000,100,28,107.24432754,109.004627334,1.76029979463,108.124477437,10000,0.01,0.00568085051792,108.123172405,108.121639424,0.509629039259,107.244358598,109.00461361,108.831069284,108.987400058
lognormal,qcut,1000000,100,29,109.004627334,110.768651969,1.76402463511,109.886639652,10000,0.01,0.00566885507206,109.885350775,109.887667947,0.509323415388,109.004632671,110.768506656,110.594016097,110.750098302
lognormal,qcut,1000000,100,30,110.768651969,112.545354007,1.77670203778,111.657002988,10000,0.01,0.00562840576942,111.6535028,111.651159628,0.513330244634,110.768711323,112.545222808,112.363624036,112.525699368
lognormal,qcut,1000000,100,31,112.545354007,114.331579869,1.78622586141,113.438466938,10000,0.01,0.00559839615809,113.440166751,113.43771473,0.521241246439,112.545410235,114.330978651,114.161522771,114.312516094
lognormal,qcut,1000000,100,32,114.331579869,116.112889293,1.78130942478,115.222234581,10000,0.01,0.00561384780256,115.230400116,115.237106064,0.518487037644,114.331849981,116.112843878,115.942982822,116.095008
lognormal,qcut,1000000,100,33,116.112889293,117.8959992,1.78310990715,117.004444247,10000,0.01,0.00560817926022,116.998408022,117.005439551,0.513969251026,116.112910665,117.89586647,117.710722619,117.876677549
lognormal,qcut,1000000,100,34,117.8959992,119.661389891,1.76539069096,118.778694546,10000,0.01,0.00566446852316,118.778509027,118.782548148,0.50823855325,117.896064575,119.661287941,119.483470966,119.641396927
lognormal,qcut,1000000,100,35,119.661389891,121.470724547,1.80933465521,120.566057219,10000,0.01,0.00552689353029,120.56029175,120.556811121,0.521650223463,119.661442411,121.470611464,121.288927067,121.454373741
lognormal,qcut,1000000,100,36,121.470724547,123.279586134,1.80886158784,122.375155341,10000,0.01,0.00552833896593,122.368963642,122.372016014,0.526221423306,121.470785437,123.279546316,123.104699141,123.261509882
lognormal,qcut,1000000,100,37,123.279586134,125.087881446,1.80829531183,124.18373379,10000,0.01,0.00553007019072,124.175086624,124.164767825,0.522097803649,123.279608533,125.087727296,124.901900179,125.069544963
lognormal,qcut,1000000,100,38,125.087881446,126.927103183,1.83922173657,126.007492315,10000,0.01,0.00543708232737,126.01430885,126.015044223,0.52950109375,125.087971979,126.926595057,126.74334456,126.908638513
lognormal,qcut,1000000,100,39,126.927103183,128.748601049,1.82149786609,127.837852116,10000,0.01,0.00548998721666,127.830256094,127.823453153,0.52924903746,126.927414615,128.748445354,128.564074794,128.72901874
lognormal,qcut,1000000,100,40,128.748601049,130.603770494,1.85516944511,129.676185772,10000,0.01,0.00539034319822,129.684016836,129.697225057,0.536519668873,128.748700592,130.603693378,130.423951936,130.588790482
lognormal,qcut,1000000,100,41,130.603770494,132.484510342,1.88073984787,131.544140418,10000,0.01,0.00531705648249,131.545128454,131.544819666,0.539464117874,130.603821905,132.484169843,132.295602114,132.466691488
lognormal,qcut,1000000,100,42,132.484510342,134.34345188,1.85894153798,133.413981111,10000,0.01,0.00537940532055,133.410990505,133.412930216,0.53786030478,132.48474696,134.343197057,134.160951491,134.323214382
lognormal,qcut,1000000,100,43,134.34345188,136.256292343,1.91284046299,135.299872111,10000,0.01,0.0052278275128,135.297385774,135.291015103,0.552672437863,134.343636407,136.256264937,136.066093458,136.239488716
lognormal,qcut,1000000,100,44,136.256292343,138.182637493,1.92634514976,137.219464918,10000,0.01,0.00519117770833,137.21008565,137.209226928,0.557031650312,136.256313017,138.182499468,137.983731136,138.162627683
lognormal,qcut,1000000,100,45,138.182637493,140.092263476,1.90962598339,139.137450484,10000,0.01,0.00523662753177,139.136093587,139.139532167,0.550836628736,138.18274594,140.092067609,139.893705524,140.075067796
lognormal,qcut,1000000,100,46,140.092263476,142.049043775,1.95678029892,141.070653626,10000,0.01,0.00511043575282,141.058422371,141.053431776,0.562662807858,140.092423731,142.04901278,141.843074664,142.030659749
lognormal,qcut,1000000,100,47,142.049043775,143.977281624,1.92823784859,143.013162699,10000,0.01,0.00518608220832,143.017105006,143.027349856,0.557165309375,142.049070178,143.977067597,143.782563915,143.956994172
lognormal,qcut,1000000,100,48,143.977281624,145.965969491,1.98868786738,144.971625557,10000,0.01,0.00502844119684,144.966705967,144.96824828,0.576287789487,143.977471421,145.965480074,145.773833547,145.944565209
lognormal,qcut,1000000,100,49,145.965969491,148.014225003,2.0482555124,146.990097247,10000,0.01,0.00488220338697,147.001752419,147.010514854,0.593075874223,145.96642126,148.014175576,147.814839117,147.996731308
lognormal,qcut,1000000,100,50,148.014225003,150.049501677,2.03527667333,149.03186334,10000,0.01,0.00491333690945,149.029256919,149.03441706,0.585825080396,148.014272492,150.049153238,149.834878968,150.02869196
lognormal,qcut,1000000,100,51,150.049501677,152.148644545,2.09914286795,151.099073111,10000,0.01,0.00476384916562,151.092695114,151.094692536,0.606261579138,150.049850115,152.148640274,151.934547192,152.126363065
lognormal,qcut,1000000,100,52,152.148644545,154.254616314,2.10597176913,153.201630429,10000,0.01,0.00474840173386,153.205512702,153.20697098,0.607218710298,152.14864899,154.254578558,154.054614429,154.236254251
lognormal,qcut,1000000,100,53,154.254616314,156.424529571,2.16991325752,155.339572943,10000,0.01,0.00460847914788,155.337712779,155.331624565,0.628012941049,154.254657216,156.424488525,156.21293751,156.405796083
lognormal,qcut,1000000,100,54,156.424529571,158.587959252,2.16342968096,157.506244412,10000,0.01,0.00462229028659,157.499921887,157.500325467,0.623118868352,156.424575858,158.587746516,158.36265536,158.56232273
lognormal,qcut,1000000,100,55,158.587959252,160.827928044,2.23996879194,159.707943648,10000,0.01,0.00446434791233,159.69867768,159.689029518,0.643526440159,158.588208986,160.827800408,160.594383656,160.805102795
lognormal,qcut,1000000,100,56,160.827928044,163.074522345,2.24659430035,161.951225194,10000,0.01,0.00445118195059,161.934991663,161.921090844,0.652900695039,160.828084045,163.074486239,162.850034493,163.051428452
lognormal,qcut,1000000,100,57,163.074522345,165.367880088,2.29335774379,164.221201216,10000,0.01,0.00436041870357,164.209182245,164.205511448,0.664605565179,163.074568296,165.367812481,165.125502023,165.342149608
lognormal,qcut,1000000,100,58,165.367880088,167.677784795,2.30990470678,166.522832442,10000,0.01,0.00432918291853,166.52625883,166.518383395,0.676319114159,165.367969707,167.677780272,167.455554734,167.654565188
lognormal,qcut,1000000,100,59,167.677784795,170.061652089,2.38386729437,168.869718442,10000,0.01,0.00419486438009,168.868263123,168.866960098,0.684848012161,167.677791041,170.061608979,169.816980938,170.036834007
lognormal,qcut,1000000,100,60,170.061652089,172.488719288,2.42706719871,171.275185689,10000,0.01,0.00412019906384,171.281188264,171.293618816,0.701166679682,170.061714126,172.48847583,172.24806821,172.464418302
lognormal,qcut,1000000,100,61,172.488719288,174.969091116,2.48037182744,173.728905202,10000,0.01,0.004031653597,173.725329184,173.722617661,0.721002708283,172.489084475,174.968411623,174.727405551,174.946006912
lognormal,qcut,1000000,100,62,174.969091116,177.450355053,2.4812639375,176.209723084,10000,0.01,0.00403020406208,176.208699647,176.217380423,0.715890044697,174.970153912,177.450137185,177.19573494,177.420734311
lognormal,qcut,1000000,100,63,177.450355053,180.040659654,2.59030460109,178.745507354,10000,0.01,0.00386054983487,178.735912426,178.745367087,0.753270580665,177.450710521,180.040546295,179.779710698,180.013053033
lognormal,qcut,1000000,100,64,180.040659654,182.707789021,2.66712936722,181.374224338,10000,0.01,0.00374934944023,181.362715781,181.352169982,0.774619872504,180.040852672,182.707653949,182.42868107,182.681832472
lognormal,qcut,1000000,100,65,182.707789021,185.440323882,2.73253486105,184.074056452,10000,0.01,0.00365960564403,184.078067182,184.083748511,0.79221431067,182.708029151,185.440288218,185.169972146,185.41489569
lognormal,qcut,1000000,100,66,185.440323882,188.217868874,2.77754499151,186.829096378,10000,0.01,0.00360030171629,186.830147374,186.822757765,0.794849944317,185.440390116,188.217848739,187.93545035,188.189559628
lognormal,qcut,1000000,100,67,188.217868874,191.082237136,2.86436826234,189.650053005,10000,0.01,0.0034911712057,189.642463533,189.6547551,0.829993512879,188.21790796,191.082129189,190.79853368,191.05532747
lognormal,qcut,1000000,100,68,191.082237136,194.000970005,2.91873286865,192.541603571,10000,0.01,0.00342614430646,192.53382035,192.532164182,0.841442950533,191.082456302,194.000928852,193.7000408,193.968511913
lognormal,qcut,1000000,100,69,194.000970005,197.060435524,3.05946551881,195.530702764,10000,0.01,0.0032685447633,195.530203329,195.524129245,0.887759522573,194.001057455,197.060393892,196.759496973,197.027839876
lognormal,qcut,1000000,100,70,197.060435524,200.194204251,3.13376872751,198.627319888,10000,0.01,0.00319104594803,198.612300922,198.605908781,0.90751085453,197.060528188,200.194191723,199.87517729,200.160273239
lognormal,qcut,1000000,100,71,200.194204251,203.430897732,3.23669348077,201.812550992,10000,0.01,0.00308957275671,201.792269036,201.778647093,0.932621457068,200.194233484,203.430871896,203.099054974,203.388131282
lognormal,qcut,1000000,100,72,203.430897732,206.692516281,3.26161854905,205.061707007,10000,0.01,0.00306596245074,205.040893978,205.027894414,0.950483267454,203.430960986,206.692447671,206.368027516,206.662208305
lognormal,qcut,1000000,100,73,206.692516281,210.122824985,3.43030870347,208.407670633,10000,0.01,0.00291518952504,208.400447276,208.390379694,0.99106580249,206.692692708,210.122817566,209.768708106,210.089488412
lognormal,qcut,1000000,100,74,210.122824985,213.642136562,3.5193115773,211.882480773,10000,0.01,0.00284146480934,211.877951542,211.883471926,1.01862080089,210.122845043,213.642103645,213.287754645,213.601364925
lognormal,qcut,1000000,100,75,213.642136562,217.289883746,3.64774718464,215.466010154,10000,0.01,0.00274141805718,215.442052501,215.42451511,1.06250844158,213.642230249,217.289883517,216.913913566,217.257405914
lognormal,qcut,1000000,100,76,217.289883746,221.183745557,3.89386181025,219.236814652,10000,0.01,0.00256814455348,219.233531704,219.224421471,1.11487954639,217.289884436,221.183718587,220.778864356,221.138877455
lognormal,qcut,1000000,100,77,221.183745557,225.196495453,4.01274989577,223.190120505,10000,0.01,0.00249205663441,223.192467554,223.199268961,1.16185274541,221.183830961,225.196441125,224.790652736,225.158682848
lognormal,qcut,1000000,100,78,225.196495453,229.418149419,4.22165396653,227.307322436,10000,0.01,0.00236873985392,227.305904749,227.285782583,1.21858482347,225.196677331,229.417720138,229.00846788,229.378808033
lognormal,qcut,1000000,100,79,229.418149419,233.768344191,4.35019477241,231.593246805,10000,0.01,0.00229874764767,231.568859458,231.560096113,1.25188781976,229.419671416,233.768085574,233.304413275,233.727083945
lognormal,qcut,1000000,100,80,233.768344191,238.336073548,4.5677293563,236.05220887,10000,0.01,0.0021892715658,236.01835993,236.000342025,1.3179889694,233.769317087,238.335975956,237.850635069,238.286258752
lognormal,qcut,1000000,100,81,238.336073548,243.231136812,4.89506326419,240.78360518,10000,0.01,0.00204287451669,240.754585264,240.73082637,1.41881747533,238.336463914,243.23112816,242.746628514,243.185611426
lognormal,qcut,1000000,100,82,243.231136812,248.318583402,5.08744658991,245.774860107,10000,0.01,0.00196562260129,245.750304641,245.741281224,1.47588746856,243.231173698,248.31852992,247.808465581,248.26884925
lognormal,qcut,1000000,100,83,248.318583402,253.69311723,5.37453382826,251.005850316,10000,0.01,0.00186062648772,250.985887453,250.967585135,1.56031835558,248.318827042,253.693115152,253.153621186,253.647135834
lognormal,qcut,1000000,100,84,253.69311723,259.357156496,5.6640392663,256.525136863,10000,0.01,0.00176552448347,256.511244456,256.492846497,1.6465186435,253.693127378,259.357107986,258.789808516,259.297792651
lognormal,qcut,1000000,100,85,259.357156496,265.408301155,6.05114465908,262.382728826,10000,0.01,0.00165257989412,262.376439638,262.376350226,1.74545598773,259.357411178,265.408286135,264.804378484,265.345679251
lognormal,qcut,1000000,100,86,265.408301155,271.94787978,6.53957862484,268.678090468,10000,0.01,0.00152915051163,268.643031385,268.62950508,1.8991335559,265.408386274,271.947860282,271.277857302,271.874610352
lognormal,qcut,1000000,100,87,271.94787978,278.888875942,6.94099616144,275.418377861,10000,0.01,0.00144071539119,275.391676408,275.372897224,1.99811330405,271.947999555,278.888828651,278.172491665,278.815232558
lognormal,qcut,1000000,100,88,278.888875942,286.516558229,7.62768228767,282.702717086,10000,0.01,0.00131101422724,282.677930662,282.640986376,2.18428728586,278.889192425,286.516527952,285.696018442,286.441973238
lognormal,qcut,1000000,100,89,286.516558229,294.69738441,8.18082618057,290.60697132,10000,0.01,0.00122237042803,290.547044626,290.512836024,2.35911238068,286.516780267,294.697363956,293.877774991,294.615893352
lognormal,qcut,1000000,100,90,294.69738441,303.63082063,8.93343622036,299.16410252,10000,0.01,0.00111939009283,299.094349176,299.076836553,2.58340828656,294.697549902,303.630815881,302.69856877,303.532501842
lognormal,qcut,1000000,100,91,303.63082063,313.647469304,10.0166486738,308.639144967,10000,0.01,0.000998337899793,308.540786903,308.509234411,2.89040564278,303.630863371,313.6474369,312.582726522,313.560076683
lognormal,qcut,1000000,100,92,313.647469304,324.852526989,11.2050576845,319.249998146,10000,0.01,0.000892454129338,319.089420264,319.01766201,3.23829082007,313.647796946,324.852323561,323.645267871,324.731502217
lognormal,qcut,1000000,100,93,324.852526989,337.651677379,12.7991503907,331.252102184,10000,0.01,0.000781301859476,331.111441086,331.006640485,3.7161027289,324.85486641,337.651561656,336.308706373,337.529815329
lognormal,qcut,1000000,100,94,337.651677379,352.719951542,15.0682741629,345.185814461,10000,0.01,0.000663646008288,345.002025199,344.832853854,4.32747278058,337.653214845,352.719940743,351.066161204,352.537893528
lognormal,qcut,1000000,100,95,352.719951542,370.452370206,17.7324186633,361.586160874,10000,0.01,0.000563938861915,361.378464964,361.325881853,5.14120733027,352.720120726,370.452324089,368.573693283,370.266235698
lognormal,qcut,1000000,100,96,370.452370206,392.851030994,22.3986607884,381.6517006,10000,0.01,0.000446455263307,381.204002466,380.937735262,6.4774035484,370.453246428,392.851012478,390.422299697,392.615631313
lognormal,qcut,1000000,100,97,392.851030994,421.932614134,29.0815831403,407.391822564,10000,0.01,0.00034386023456,406.639786112,406.302837803,8.38899292692,392.85147539,421.932608589,418.601124803,421.547656936
lognormal,qcut,1000000,100,98,421.932614134,463.719941561,41.7873274268,442.826277848,10000,0.01,0.000239307000849,441.247762195,440.409179845,11.9179354941,421.932793436,463.719928848,458.345543166,463.205013877
lognormal,qcut,1000000,100,99,463.719941561,540.156656444,76.4367148829,501.938299003,10000,0.01,0.000130827181876,496.997032324,494.829875222,21.7160331655,463.72056453,540.156505765,529.150242611,538.76746849
lognormal,qcut,1000000,100,100,540.156656444,1954.25246321,1414.09580676,1247.20455983,10000,0.01,7.07165663894e-06,661.175014267,619.570702228,132.901520657,540.171573684,1954.25246321,818.709914339,1174.70820684
lognormal,log_binning,1000000,100,1,10.045345021,10.5890016475,0.543656626521,10.3171733342,2,2e-06,3.67879264675e-06,10.050164756,10.050164756,0.00681613469144,10.045345021,10.0549844911,10.0540205441,10.0548880964
lognormal,log_binning,1000000,100,2,10.5890016475,11.1620811089,0.57307946137,10.8755413782,1,1e-06,1.74495871412e-06,10.8013672614,10.8013672614,,10.8013672614,10.8013672614,10.8013672614,10.8013672614
lognormal,log_binning,1000000,100,3,11.1620811089,11.7661757764,0.604094667523,11.4641284426,,0,0,,,,,,,
lognormal,log_binning,1000000,100,4,11.7661757764,12.4029642009,0.636788424518,12.0845699886,1,1e-06,1.57038030451e-06,11.8704168229,11.8704168229,,11.8704168229,11.8704168229,11.8704168229,11.8704168229
lognormal,log_binning,1000000,100,5,12.4029642009,13.0742157769,0.671251575953,12.7385899889,2,2e-06,2.97950883342e-06,12.5370057902,12.5370057902,0.0992487764891,12.4668263073,12.607185273,12.5931493765,12.6057816834
lognormal,log_binning,1000000,100,6,13.0742157769,13.7817956588,0.707579881907,13.4280057178,3,3e-06,4.23980398074e-06,13.2110377602,13.196905974,0.0818222030562,13.1372019082,13.2990053986,13.2785855136,13.2969634101
lognormal,log_binning,1000000,100,7,13.7817956588,14.5276699438,0.745874285015,14.1547328013,5,5e-06,6.70354254122e-06,14.1804995084,14.1582402377,0.282363307948,13.8112734104,14.5075173437,14.4660623682,14.5033718462
lognormal,log_binning,1000000,100,8,14.5276699438,15.3139111347,0.786241190955,14.9207905393,6,6e-06,7.63124607185e-06,14.9400910171,14.8885513565,0.222773651742,14.6567856254,15.2948197698,15.1887465045,15.2842124432
lognormal,log_binning,1000000,100,9,15.3139111347,16.1427038988,0.828792764108,15.7283075168,13,1.3e-05,1.56854651283e-05,15.7615956495,15.7207959996,0.255517690472,15.3504521512,16.1254279543,16.0586166995,16.1176471705
lognormal,log_binning,1000000,100,10,16.1427038988,17.0163511381,0.873647239218,16.5795275185,7,7e-06,8.01238724942e-06,16.472367817,16.3974827688,0.176995664698,16.2138388847,16.7248138449,16.6554031674,16.7178727772
lognormal,log_binning,1000000,100,11,17.0163511381,17.937280388,0.920929249926,17.476815763,15,1.5e-05,1.62878961671e-05,17.4698298058,17.4661899385,0.255199559556,17.1134719522,17.9236252351,17.8200942616,17.9186284954
lognormal,log_binning,1000000,100,12,17.937280388,18.9080505631,0.970770175074,18.4226654755,21,2.1e-05,2.16323085929e-05,18.3865318364,18.4380234381,0.272617178738,18.0296617646,18.8556154201,18.7466092682,18.8376677408
lognormal,log_binning,1000000,100,13,18.9080505631,19.9313590668,1.02330850376,19.4197048149,34,3.4e-05,3.32255618662e-05,19.4547278783,19.5117424588,0.315270973878,18.9203687212,19.9136040659,19.8763323286,19.9111406668
lognormal,log_binning,1000000,100,14,19.9313590668,21.010049287,1.07869022016,20.4707041769,67,6.7e-05,6.21123643729e-05,20.4934182877,20.4991866021,0.330670755539,19.9399495161,21.0097703316,20.9332828322,21.0058100369
lognormal,log_binning,1000000,100,15,21.010049287,22.1471184961,1.13706920913,21.5785838915,84,8.4e-05,7.38741312541e-05,21.5974447812,21.6517520968,0.31807548716,21.0114450958,22.1032635942,21.9501487895,22.0798877225
lognormal,log_binning,1000000,100,16,22.1471184961,23.3457261799,1.19860768382,22.746422338,110,0.00011,9.17731476988e-05,22.7654212788,22.7426190245,0.36051910831,22.1491225077,23.3412914122,23.2614046575,23.3272755878
lognormal,log_binning,1000000,100,17,23.3457261799,24.6092028163,1.26347663641,23.9774644981,153,0.000153,0.000121094443373,24.0239584655,24.0397729533,0.359243326811,23.3791052075,24.6091109423,24.504655414,24.59534552
lognormal,log_binning,1000000,100,18,24.6092028163,25.9410591295,1.3318563132,25.2751309729,232,0.000232,0.000174192964887,25.2746908264,25.2434060905,0.373893826977,24.6404776906,25.9305773464,25.809077817,25.9199488143
lognormal,log_binning,1000000,100,19,25.9410591295,27.344995845,1.40393671549,26.6430274873,292,0.000292,0.000207986582855,26.6629681626,26.6891645828,0.400999937132,25.947727617,27.344960012,27.1992933874,27.3045130443
lognormal,log_binning,1000000,100,20,27.344995845,28.8249139725,1.47991812748,28.0849549088,370,0.00037,0.000250013830583,28.1096201909,28.1243623138,0.430625304559,27.3506441083,28.8237809463,28.687944054,28.8120939648
lognormal,log_binning,1000000,100,21,28.8249139725,30.3849256453,1.5600116728,29.6049198089,508,0.000508,0.000325638589029,29.662756893,29.6834810683,0.456370241612,28.8265714872,30.3842905515,30.2587564451,30.3686702639
lognormal,log_binning,1000000,100,22,30.3849256453,32.0293655465,1.64443990116,31.2071455959,604,0.000604,0.000367298312072,31.2172296705,31.2026404076,0.46448280431,30.3893384268,32.0282372884,31.8820247932,32.0163444238
lognormal,log_binning,1000000,100,23,32.0293655465,33.7628029532,1.7334374067,32.8960842498,860,0.00086,0.00049612405771,32.941671635,32.9592842121,0.502601835819,32.0326829056,33.7616798189,33.6326725828,33.7481448579
lognormal,log_binning,1000000,100,24,33.7628029532,35.5900544331,1.82725147987,34.6764286931,1021,0.001021,0.000558762716159,34.7044032221,34.7258979563,0.535136793533,33.7628675237,35.5898671228,35.4351052722,35.5780509275
lognormal,log_binning,1000000,100,25,35.5900544331,37.5161972276,1.92614279453,36.5531258303,1386,0.001386,0.000719572818761,36.5896411924,36.590142594,0.552073118108,35.5905351934,37.5126089365,37.3480507115,37.4877843457
lognormal,log_binning,1000000,100,26,37.5161972276,39.5465833599,2.03038613229,38.5313902937,1843,0.001843,0.000907709115371,38.5785990969,38.5990573106,0.576548546875,37.5171304158,39.5435468782,39.350076463,39.5243061293
lognormal,log_binning,1000000,100,27,39.5465833599,41.6868545059,2.14027114598,40.6167189329,2320,0.00232,0.00108397480588,40.6389782708,40.6538171753,0.615165716042,39.5473505947,41.686553071,41.4708122999,41.664606604
lognormal,log_binning,1000000,100,28,41.6868545059,43.9429576704,2.25610316456,42.8149060881,2810,0.00281,0.00124551041998,42.833262614,42.8377093055,0.644048180197,41.687734247,43.9421343593,43.7212963247,43.9199866722
lognormal,log_binning,1000000,100,29,43.9429576704,46.3211617118,2.37820404143,45.1320596911,3467,0.003467,0.00145782276861,45.1525866084,45.1491933005,0.683943243197,43.9444272008,46.3200399163,46.0912129455,46.2925568779
lognormal,log_binning,1000000,100,30,46.3211617118,48.8280747607,2.5069130488,47.5746182363,4331,0.004331,0.00172762274387,47.5978069802,47.6135227427,0.721146779356,46.3216516147,48.8256930528,48.5863761172,48.8068802863
lognormal,log_binning,1000000,100,31,48.8280747607,51.470662581,2.64258782037,50.1493686708,5191,0.005191,0.00196436234209,50.1802102591,50.1874955861,0.754029952856,48.829363534,51.4701880037,51.2193377946,51.4427422701
lognormal,log_binning,1000000,100,32,51.470662581,54.2562679261,2.78560534508,52.8634652536,6384,0.006384,0.00229178193217,52.9044037886,52.9309961318,0.807529659725,51.4720973794,54.2539785129,53.9948951903,54.2358274387
lognormal,log_binning,1000000,100,33,54.2562679261,57.1926309407,2.93636301458,55.7244494334,7641,0.007641,0.00260219869344,55.750198237,55.7609570061,0.842848165808,54.256471335,57.1925405123,56.9058681381,57.1637780149
lognormal,log_binning,1000000,100,34,57.1926309407,60.2879106682,3.09527972749,58.7402708044,8926,0.008926,0.00288374582779,58.7345697013,58.715617504,0.895792445412,57.1933809806,60.2876909012,59.9938237049,60.2547068797
lognormal,log_binning,1000000,100,35,60.2879106682,63.5507077215,3.2627970533,61.9193091948,10492,0.010492,0.00321564591012,61.9299282711,61.9247576124,0.94298583328,60.2883442759,63.5504942449,63.237487017,63.5185581572
lognormal,log_binning,1000000,100,36,63.5507077215,66.9900881809,3.43938045938,65.2703979512,12094,0.012094,0.00351633096217,65.2962062763,65.2968913631,0.988689522376,63.5507423854,66.9894384483,66.6588265813,66.9564140038
lognormal,log_binning,1000000,100,37,66.9900881809,70.6156087851,3.62552060429,68.802848483,13929,0.013929,0.00384193099979,68.8350274133,68.8512558339,1.05143665948,66.9902391445,70.6155660811,70.2774696208,70.5871639515
lognormal,log_binning,1000000,100,38,70.6156087851,74.4373434863,3.82173470117,72.5264761357,15749,0.015749,0.00412090352457,72.5500413915,72.5652835427,1.10277875929,70.6159297907,74.4365997475,74.0611641313,74.396800865
lognormal,log_binning,1000000,100,39,74.4373434863,78.4659114412,4.02856795485,76.4516274637,17916,0.017916,0.00444723787728,76.4731402572,76.4969182651,1.17232735159,74.4375235166,78.4658711083,78.0872672988,78.4302478537
lognormal,log_binning,1000000,100,40,78.4659114412,82.712506518,4.24659507681,80.5892089796,20090,0.02009,0.00473084898291,80.6070804041,80.615493549,1.22506816365,78.4659657557,82.7122827366,82.2921181168,82.6702718195
lognormal,log_binning,1000000,100,41,82.712506518,87.1889284,4.47642188205,84.950717459,22379,0.022379,0.00499930538043,84.9699818167,84.9661468626,1.29468626459,82.7127095319,87.1887297557,86.7536363713,87.1411530963
lognormal,log_binning,1000000,100,42,87.1889284,91.9076153724,4.71868697242,89.5482718862,24586,0.024586,0.00521034773947,89.5621274447,89.5769315869,1.36520394643,87.1891896364,91.9075311953,91.4402578738,91.8599240713
lognormal,log_binning,1000000,100,43,91.9076153724,96.8816788835,4.97406351107,94.394647128,26656,0.026656,0.00535899872221,94.4137078605,94.421802347,1.43821543032,91.9079612484,96.8815955134,96.3975231508,96.8318494966
lognormal,log_binning,1000000,100,44,96.8816788835,102.124939976,5.24326109292,99.50330943,28945,0.028945,0.00552041935105,99.5059386351,99.5221119866,1.51668219874,96.8821224316,102.124925373,101.600356272,102.07376056
lognormal,log_binning,1000000,100,45,102.124939976,107.651967693,5.52702771635,104.888453835,30803,0.030803,0.00557315822913,104.891764259,104.882349749,1.59428344788,102.125225104,107.651822764,107.109930872,107.596453078
lognormal,log_binning,1000000,100,46,107.651967693,113.478119554,5.82615186158,110.565043624,32880,0.03288,0.00564351921837,110.55802291,110.557998311,1.67879674623,107.652014762,113.478103462,112.887799206,113.423418039
lognormal,log_binning,1000000,100,47,113.478119554,119.619584236,6.1414646816,116.548851895,34555,0.034555,0.0056265079735,116.559413444,116.548714055,1.77116278654,113.478569239,119.619537809,119.012721088,119.557469753
lognormal,log_binning,1000000,100,48,119.619584236,126.093426548,6.47384231161,122.856505392,35623,0.035623,0.00550260545211,122.841126708,122.840072611,1.86488833764,119.619645535,126.093396421,125.440442404,126.025569649
lognormal,log_binning,1000000,100,49,126.093426548,132.917634851,6.82420830346,129.505530699,36985,0.036985,0.00541967629875,129.486941259,129.485949272,1.97670393657,126.093621128,132.917141676,132.236284569,132.851050961
lognormal,log_binning,1000000,100,50,132.917634851,140.111171043,7.19353619187,136.514402947,37719,0.037719,0.00524345731973,136.500852188,136.485859408,2.08125726926,132.917722595,140.111151602,139.39090488,140.041494785
lognormal,log_binning,1000000,100,51,140.111171043,147.694023242,7.5828521995,143.902597143,38254,0.038254,0.0050448035902,143.85809139,143.834772077,2.18118343176,140.111281862,147.693702668,146.913414483,147.614211666
lognormal,log_binning,1000000,100,52,147.694023242,155.687261331,7.99323808845,151.690642287,38227,0.038227,0.00478241728534,151.63502021,151.602899284,2.30982674369,147.694093436,155.687241478,154.85693971,155.59565264
lognormal,log_binning,1000000,100,53,155.687261331,164.113095497,8.42583416604,159.900178414,38035,0.038035,0.00451409311535,159.855506191,159.819604165,2.43503574646,155.687573676,164.112721761,163.253738995,164.02695183
lognormal,log_binning,1000000,100,54,164.113095497,172.99493795,8.88184245334,168.554016724,37468,0.037468,0.00421849410152,168.512271401,168.476137291,2.5629981821,164.113357373,172.994902786,172.093950296,172.906107691
lognormal,log_binning,1000000,100,55,172.99493795,182.357467975,9.36253002508,177.676202963,36620,0.03662,0.00391133592115,177.604564384,177.557332571,2.69135572725,172.995727429,182.357363027,181.367162107,182.265579768
lognormal,log_binning,1000000,100,56,182.357467975,192.226700506,9.86923253042,187.292084241,35211,0.035211,0.00356775462443,187.227558447,187.186031305,2.84054136187,182.357547563,192.226680064,191.197097302,192.115777449
lognormal,log_binning,1000000,100,57,192.226700506,202.63005841,10.4033579042,197.428379458,33646,0.033646,0.00323414808083,197.329038127,197.282045572,3.00525602877,192.226756246,202.628783847,201.531045456,202.515346831
lognormal,log_binning,1000000,100,58,202.63005841,213.596448689,10.966390279,208.113253549,32319,0.032319,0.00294709555085,208.015404799,207.964449261,3.17401692901,202.630466876,213.596027508,212.471609204,213.486175251
lognormal,log_binning,1000000,100,59,213.596448689,225.156342798,11.559894109,219.376395743,30007,0.030007,0.00259578502338,219.248743135,219.19150948,3.35386450461,213.596983801,225.156332183,223.963697759,225.036999651
lognormal,log_binning,1000000,100,60,225.156342798,237.341861315,12.1855185173,231.249102057,27993,0.027993,0.00229723503028,231.140413354,231.087485342,3.50429069431,225.157340417,237.341109291,236.048053247,237.20412664
lognormal,log_binning,1000000,100,61,237.341861315,250.186863193,12.8450018775,243.764362254,25674,0.025674,0.00199875408698,243.639744638,243.57145848,3.71456201315,237.342078505,250.186621768,248.819260915,250.064421349
lognormal,log_binning,1000000,100,62,250.186863193,263.727039838,13.5401766449,256.956951515,23660,0.02366,0.00174739226972,256.804629963,256.724299594,3.89796095842,250.187252838,263.726923718,262.290568359,263.577311594
lognormal,log_binning,1000000,100,63,263.727039838,278.000014285,14.2729744475,270.863527061,21546,0.021546,0.00150956621406,270.690507369,270.61804789,4.14200572038,263.727661137,277.999666944,276.51076189,277.860123637
lognormal,log_binning,1000000,100,64,278.000014285,293.045445739,15.0454314534,285.522730012,19271,0.019271,0.00128085392962,285.353158154,285.233333912,4.32451371323,278.000804894,293.044944229,291.381537674,292.875323193
lognormal,log_binning,1000000,100,65,293.045445739,308.905139767,15.8596940289,300.975292753,17369,0.017369,0.00109516614686,300.733594193,300.60450262,4.56953552262,293.046754974,308.904823062,307.17631041,308.754607363
lognormal,log_binning,1000000,100,66,308.905139767,325.623164469,16.718024702,317.264152118,15213,0.015213,0.000909975925455,316.977523761,316.834387014,4.80490894734,308.906181508,325.622573742,323.752061931,325.426837664
lognormal,log_binning,1000000,100,67,325.623164469,343.245972919,17.6228084494,334.434568694,13231,0.013231,0.000750788390966,334.104095358,333.989343017,5.09232524737,325.624343781,343.242853426,341.316236469,343.056730676
lognormal,log_binning,1000000,100,68,343.245972919,361.822532242,18.5765593232,352.53425258,11422,0.011422,0.000614860900843,352.165122911,352.026184137,5.36360342476,343.246280021,361.820850698,359.800973028,361.634563944
lognormal,log_binning,1000000,100,69,361.822532242,381.404459679,19.5819274368,371.61349596,9932,0.009932,0.00050720236974,371.191353761,370.964247951,5.64587787244,361.82293291,381.400708296,379.276508634,381.166765846
lognormal,log_binning,1000000,100,70,381.404459679,402.046166007,20.6417063282,391.725312843,8295,0.008295,0.000401856313044,391.407270609,391.348098767,5.93753833243,381.406173261,402.045908831,399.843648707,401.789705175
lognormal,log_binning,1000000,100,71,402.046166007,423.80500673,21.7588407228,412.925586368,7053,0.007053,0.000324144107209,412.53247042,412.392170876,6.29271281273,402.049536105,423.798491593,421.390515977,423.601298294
lognormal,log_binning,1000000,100,72,423.80500673,446.741441445,22.9364347148,435.273224087,5929,0.005929,0.000258497018988,434.88895357,434.732611676,6.57558592454,423.807435793,446.741293349,444.14974675,446.451279586
lognormal,log_binning,1000000,100,73,446.741441445,470.919201838,24.1777603931,458.830321641,4875,0.004875,0.000201631578804,458.331050288,457.929315056,6.97446406465,446.742582724,470.918348275,468.172658043,470.6387934
lognormal,log_binning,1000000,100,74,470.919201838,496.40546877,25.4862669326,483.662335304,3843,0.003843,0.00015078708899,483.199015169,482.841967406,7.26577624376,470.928624353,496.404173433,493.519366134,496.086958406
lognormal,log_binning,1000000,100,75,496.40546877,523.271058949,26.8655901788,509.83826386,3228,0.003228,0.000120153697667,509.249635041,509.074090099,7.64239329389,496.40595939,523.269657797,520.030097982,522.931399672
lognormal,log_binning,1000000,100,76,523.271058949,551.590621699,28.3195627497,537.430840324,2565,0.002565,9.05734323184e-05,536.980042457,536.49385139,8.14876673999,523.281804716,551.581379164,548.456066598,551.248007807
lognormal,log_binning,1000000,100,77,551.590621699,581.442846385,29.8522246859,566.516734042,2073,0.002073,6.94420607447e-05,565.498756713,565.160351361,8.53147238389,551.595280484,581.438181247,577.575892995,581.042788781
lognormal,log_binning,1000000,100,78,581.442846385,612.91068106,31.4678346757,597.176763723,1609,0.001609,5.11315766268e-05,596.565901177,596.273894852,9.10157923407,581.501742797,612.909047111,609.515730708,612.58577993
lognormal,log_binning,1000000,100,79,612.91068106,646.081562949,33.1708818889,629.496122005,1329,0.001329,4.00652597797e-05,628.316592499,627.342754784,9.70475317768,612.913360094,646.0646095,642.291444069,645.664790239
lognormal,log_binning,1000000,100,80,646.081562949,681.047661399,34.9660984503,663.564612174,1023,0.001023,2.92569101313e-05,662.497811572,661.789972938,9.90120761046,646.083520224,681.022386892,676.763403605,680.593313464
lognormal,log_binning,1000000,100,81,681.047661399,717.906133988,36.8584725884,699.476897694,712,0.000712,1.93171325343e-05,698.917018191,697.825702371,10.698970893,681.051575734,717.905922301,714.111855474,717.272208699
lognormal,log_binning,1000000,100,82,717.906133988,756.759396484,38.853262496,737.332765236,599,0.000599,1.54169807506e-05,736.088140397,734.860550886,11.226122406,717.933009827,756.714107743,752.882575496,756.333826063
lognormal,log_binning,1000000,100,83,756.759396484,797.715407424,40.9560109405,777.237401954,461,0.000461,1.12559790227e-05,776.572303659,776.32375046,11.7447592918,756.772332823,797.696278247,793.183894139,797.460251282
lognormal,log_binning,1000000,100,84,797.715407424,840.88796809,43.1725606655,819.301687757,362,0.000362,8.38495549997e-06,817.896859662,816.496398789,12.5384342993,797.716683043,840.219111012,835.540936256,839.860450235
lognormal,log_binning,1000000,100,85,840.88796809,886.397038715,45.5090706252,863.642503402,248,0.000248,5.44946307611e-06,862.918511803,863.202058326,12.629274873,840.938938741,886.046721394,881.026283641,885.07232338
lognormal,log_binning,1000000,100,86,886.397038715,934.369071813,47.9720330979,910.383055264,165,0.000165,3.43950400566e-06,908.514803624,907.08993364,13.585369003,886.513615819,933.461661285,927.57033205,932.68612418
lognormal,log_binning,1000000,100,87,934.369071813,984.937363539,50.5682917258,959.653217676,122,0.000122,2.41257902603e-06,958.0441336,957.702985721,14.6538199563,936.096370397,984.648139028,976.49809864,982.918594817
lognormal,log_binning,1000000,100,88,984.937363539,1038.24242407,53.3050605308,1011.5898938,81,8.1e-05,1.51955553926e-06,1012.91359746,1014.03256149,14.0383313754,984.974711305,1036.40200576,1030.14393161,1036.39009968
lognormal,log_binning,1000000,100,89,1038.24242407,1094.43236803,56.1899439593,1066.33739605,57,5.7e-05,1.01441638812e-06,1067.29659929,1066.86973927,16.5786123274,1039.07751426,1093.80083907,1090.9191208,1093.60749972
lognormal,log_binning,1000000,100,90,1094.43236803,1153.66332604,59.2309580124,1124.04784703,46,4.6e-05,7.7662090136e-07,1121.72878866,1118.87701885,18.0073164428,1095.08053551,1153.55048353,1148.43498806,1153.32081345
lognormal,log_binning,1000000,100,91,1153.66332604,1216.09987856,62.4365525193,1184.8816023,33,3.3e-05,5.28536549e-07,1181.38710417,1175.00491102,18.9716366438,1153.76824055,1214.17166205,1208.51496926,1213.90593832
lognormal,log_binning,1000000,100,92,1216.09987856,1281.91551318,65.8156346158,1249.00769587,23,2.3e-05,3.4946103816e-07,1248.2515479,1253.17282355,20.386518511,1217.07556802,1276.68550856,1272.60854787,1276.58627126
lognormal,log_binning,1000000,100,93,1281.91551318,1351.29310667,69.3775934946,1316.60430992,13,1.3e-05,1.87380382414e-07,1315.56052638,1319.27345168,19.0301357863,1291.51934012,1346.39316123,1342.82750328,1346.38840084
lognormal,log_binning,1000000,100,94,1351.29310667,1424.42543316,73.1323264935,1387.85926992,20,2e-05,2.73476873483e-07,1381.42937922,1376.45936973,21.679015816,1353.90429325,1422.83849159,1408.96113681,1422.47759667
lognormal,log_binning,1000000,100,95,1424.42543316,1501.51569976,77.0902665969,1462.97056646,12,1.2e-05,1.5566167468e-07,1461.15210518,1452.94577038,23.3546856897,1433.54875796,1501.10366672,1493.16357457,1500.31681475
lognormal,log_binning,1000000,100,96,1501.51569976,1582.77811119,81.262411425,1542.14690547,4,4e-06,4.9223250084e-08,1532.54775924,1534.61810372,24.4333913916,1502.43540476,1558.51942476,1554.35740094,1558.10322238
lognormal,log_binning,1000000,100,97,1582.77811119,1668.43846498,85.6603537919,1625.60828808,5,5e-06,5.83700601114e-08,1619.72148883,1615.66900337,27.5953161913,1590.97399057,1661.95397156,1648.65240523,1660.62381492
lognormal,log_binning,1000000,100,98,1668.43846498,1758.7347789,90.2963139179,1713.58662194,3,3e-06,3.3223947577e-08,1715.43379526,1706.22639894,36.2366896505,1684.68900595,1755.3859809,1745.55406451,1754.40278926
lognormal,log_binning,1000000,100,99,1758.7347789,1853.91795228,95.1831733846,1806.32636559,2,2e-06,2.10121172565e-08,1791.57338039,1791.57338039,42.1057968548,1761.80008591,1821.34667487,1815.39201598,1820.75120899
lognormal,log_binning,1000000,100,100,1853.91795228,1954.25246321,100.334510928,1904.08520774,1,1e-06,9.96666043169e-09,1954.25246321,1954.25246321,,1954.25246321,1954.25246321,1954.25246321,1954.25246321
pareto,cut,1000000,25,1,-2108.74455017,88449.7823882,90558.5269383,43170.518919,999967,0.999967,1.10422180418e-05,292.074980448,158.70843525,949.084920229,100.0000093,87351.2460046,465.188190786,2152.91356478
pareto,cut,1000000,25,2,88449.7823882,176799.564767,88349.7823789,132624.673578,21,2.1e-05,2.37691587173e-10,126291.569341,122674.292291,24286.6448674,91150.6561649,171458.35148,157451.381225,170880.99918
pareto,cut,1000000,25,3,176799.564767,265149.347146,88349.7823789,220974.455956,7,7e-06,7.92305290576e-11,193943.03232,196290.905305,12776.8587719,176918.049877,208396.919618,207438.991253,208301.126781
pareto,cut,1000000,25,4,265149.347146,353499.129525,88349.7823789,309324.238335,1,1e-06,1.13186470082e-11,271495.57207,271495.57207,,271495.57207,271495.57207,271495.57207,271495.57207
pareto,cut,1000000,25,5,353499.129525,441848.911904,88349.7823789,397674.020714,1,1e-06,1.13186470082e-11,403699.983668,403699.983668,,403699.983668,403699.983668,403699.983668,403699.983668
pareto,cut,1000000,25,6,441848.911904,530198.694282,88349.7823789,486023.803093,1,1e-06,1.13186470082e-11,509109.850891,509109.850891,,509109.850891,509109.850891,509109.850891,509109.850891
pareto,cut,1000000,25,7,530198.694282,618548.476661,88349.7823789,574373.585472,,0,0,,,,,,,
pareto,cut,1000000,25,8,618548.476661,706898.25904,88349.7823789,662723.367851,,0,0,,,,,,,
pareto,cut,1000000,25,9,706898.25904,795248.041419,88349.7823789,751073.15023,,0,0,,,,,,,
pareto,cut,1000000,25,10,795248.041419,883597.823798,88349.7823789,839422.932609,,0,0,,,,,,,
pareto,cut,1000000,25,11,883597.823798,971947.606177,88349.7823789,927772.714987,,0,0,,,,,,,
pareto,cut,1000000,25,12,971947.606177,1060297.38856,88349.7823789,1016122.49737,,0,0,,,,,,,
pareto,cut,1000000,25,13,1060297.38856,1148647.17093,88349.7823789,1104472.27975,,0,0,,,,,,,
pareto,cut,1000000,25,14,1148647.17093,1236996.95331,88349.7823789,1192822.06212,,0,0,,,,,,,
pareto,cut,1000000,25,15,1236996.95331,1325346.73569,88349.7823789,1281171.8445,1,1e-06,1.13186470082e-11,1308607.65405,1308607.65405,,1308607.65405,1308607.65405,1308607.65405,1308607.65405
pareto,cut,1000000,25,16,1325346.73569,1413696.51807,88349.7823789,1369521.62688,,0,0,,,,,,,
pareto,cut,1000000,25,17,1413696.51807,1502046.30045,88349.7823789,1457871.40926,,0,0,,,,,,,
pareto,cut,1000000,25,18,1502046.30045,1590396.08283,88349.7823789,1546221.19164,,0,0,,,,,,,
pareto,cut,1000000,25,19,1590396.08283,1678745.86521,88349.7823789,1634570.97402,,0,0,,,,,,,
pareto,cut,1000000,25,20,1678745.86521,1767095.64759,88349.7823789,1722920.7564,,0,0,,,,,,,
pareto,cut,1000000,25,21,1767095.64759,1855445.42997,88349.7823789,1811270.53878,,0,0,,,,,,,
pareto,cut,1000000,25,22,1855445.42997,1943795.21234,88349.7823789,1899620.32115,,0,0,,,,,,,
pareto,cut,1000000,25,23,1943795.21234,2032144.99472,88349.7823789,1987970.10353,,0,0,,,,,,,
pareto,cut,1000000,25,24,2032144.99472,2120494.7771,88349.7823789,2076319.88591,,0,0,,,,,,,
pareto,cut,1000000,25,25,2120494.7771,2208844.55948,88349.7823789,2164669.66829,1,1e-06,1.13186470082e-11,2208844.55948,2208844.55948,,2208844.55948,2208844.55948,2208844.55948,2208844.55948
pareto,qcut,1000000,25,1,100.0000093,102.775063201,2.7750539009,101.38753625,40000,0.04,0.0144141344379,101.373171399,101.366627885,0.798786038407,100.0000093,102.775056135,102.483258099,102.743796487
pareto,qcut,1000000,25,2,102.775063201,105.751342394,2.9762791937,104.263202798,40000,0.04,0.0134395993779,104.243593317,104.225124256,0.858552594316,102.775063495,105.751317566,105.444379826,105.721569548
pareto,qcut,1000000,25,3,105.751342394,108.915834192,3.16449179801,107.333588293,40000,0.04,0.0126402602861,107.318406676,107.31868715,0.91118053973,105.751344553,108.915738578,108.584065613,108.881705352
pareto,qcut,1000000,25,4,108.915834192,112.324178792,3.40834459979,110.620006492,40000,0.04,0.0117359025265,110.605204813,110.604291213,0.982834099374,108.915847231,112.323979974,111.973237561,112.289918116
pareto,qcut,1000000,25,5,112.324178792,116.00357438,3.67939558778,114.163876586,40000,0.04,0.0108713507547,114.140070433,114.127631706,1.06341396584,112.324216662,116.003526599,115.619181075,115.966078953
pareto,qcut,1000000,25,6,116.00357438,120.084894962,4.08132058252,118.044234671,40000,0.04,0.00980074933865,118.018082469,118.005405639,1.17864956438,116.003586325,120.084830693,119.659934731,120.040016169
pareto,qcut,1000000,25,7,120.084894962,124.527448886,4.44255392334,122.306171924,40000,0.04,0.00900382993436,122.273964934,122.263744228,1.27849449266,120.084915258,124.527257485,124.059157626,124.483312696
pareto,qcut,1000000,25,8,124.527448886,129.34510485,4.81765596393,126.936276868,40000,0.04,0.00830279295564,126.895699911,126.870511174,1.38853423877,124.527523319,129.344940059,128.840292288,129.291929983
pareto,qcut,1000000,25,9,129.34510485,134.658905164,5.31380031417,132.002005007,40000,0.04,0.00752756927905,131.956691734,131.938517591,1.53727172203,129.345182398,134.65887548,134.103256643,134.600098441
pareto,qcut,1000000,25,10,134.658905164,140.603082925,5.94417776122,137.630994045,40000,0.04,0.00672927385533,137.573758673,137.546043682,1.71663811915,134.658921861,140.60308097,139.985456964,140.542547835
pareto,qcut,1000000,25,11,140.603082925,147.191630676,6.5885477513,143.897356801,40000,0.04,0.00607114063825,143.832809503,143.793988507,1.90195586333,140.603084228,147.191624692,146.508234255,147.11878742
pareto,qcut,1000000,25,12,147.191630676,154.654715857,7.46308518022,150.923173267,40000,0.04,0.00535971371545,150.846873327,150.816956106,2.15089444047,147.191635378,154.654636557,153.865321428,154.574032208
pareto,qcut,1000000,25,13,154.654715857,163.100442323,8.44572646664,158.87757909,40000,0.04,0.00473612307455,158.769979557,158.712264832,2.43438584723,154.654789057,163.100391272,162.190193605,163.015461651
pareto,qcut,1000000,25,14,163.100442323,172.867999687,9.76755736341,167.984221005,40000,0.04,0.00409518966839,167.868032638,167.817879835,2.81217644226,163.100497629,172.867974173,171.800501223,172.761970513
pareto,qcut,1000000,25,15,172.867999687,184.315381286,11.4473815989,178.591690486,40000,0.04,0.0034942488511,178.423436274,178.352145674,3.29801648346,172.868032159,184.315336706,183.061800231,184.198468308
pareto,qcut,1000000,25,16,184.315381286,197.659154818,13.3437735322,190.987268052,40000,0.04,0.00299765279314,190.820048311,190.736704776,3.85153764181,184.315448155,197.659059275,196.224624929,197.518738698
pareto,qcut,1000000,25,17,197.659154818,213.899023203,16.2398683854,205.77908901,40000,0.04,0.0024630741488,205.497311185,205.36576722,4.67788604636,197.659324672,213.898990371,212.108786465,213.715191072
pareto,qcut,1000000,25,18,213.899023203,233.849834447,19.9508112436,223.874428825,40000,0.04,0.00200493100313,223.548606778,223.359960263,5.76770590193,213.899092971,233.849805585,231.701963171,233.630771993
pareto,qcut,1000000,25,19,233.849834447,259.163585904,25.3137514567,246.506710175,40000,0.04,0.00158016878961,245.975693333,245.657727849,7.32336865306,233.849908664,259.163230036,256.356822639,258.876426295
pareto,qcut,1000000,25,20,259.163585904,292.894791767,33.7312058638,276.029188835,40000,0.04,0.00118584553904,275.231807003,274.856768057,9.68426846864,259.164712818,292.894648518,289.055447208,292.491521817
pareto,qcut,1000000,25,21,292.894791767,339.747481876,46.8526901085,316.321136822,40000,0.04,0.000853739665905,314.888395413,314.193672132,13.4685725893,292.895364764,339.746931553,334.246607925,339.209563633
pareto,qcut,1000000,25,22,339.747481876,411.835012955,72.0875310792,375.791247415,40000,0.04,0.000554880981512,372.93054685,371.467535652,20.7902707549,339.75037107,411.834484254,403.092279582,410.863911988
pareto,qcut,1000000,25,23,411.835012955,540.369746504,128.534733549,476.10237973,40000,0.04,0.000311199929354,468.968855405,465.251719454,36.8730548111,411.838890097,540.369246712,523.150549922,538.562959872
pareto,qcut,1000000,25,24,540.369746504,856.616886265,316.247139761,698.493316384,40000,0.04,0.000126483357384,667.827425946,653.765944072,88.847103474,540.375494112,856.616352166,802.720994481,851.134796684
pareto,qcut,1000000,25,25,856.616886265,2208844.55948,2207987.94259,1104850.58818,40000,0.04,1.81160409567e-08,2579.59212854,1363.12006454,14457.2905484,856.629704631,2208844.55948,3931.32600348,20432.3568576
pareto,log_binning,1000000,25,1,100.0000093,149.199251701,49.199242401,124.5996305,451174,0.451174,0.00917034446024,120.541201732,118.575986676,13.9403657777,100.0000093,149.199249566,141.549736441,148.368044967
pareto,log_binning,1000000,25,2,149.199251701,222.604146379,73.4048946783,185.90169904,247292,0.247292,0.00336887616397,179.797172634,176.878769137,20.808200155,149.199331103,222.60368712,211.109026878,221.430531591
pareto,log_binning,1000000,25,3,222.604146379,332.123689766,109.519543387,277.363918072,136023,0.136023,0.00124199750833,268.376776856,264.066274923,31.1009475595,222.605244232,332.123097672,315.244719961,330.377274805
pareto,log_binning,1000000,25,4,332.123689766,495.526013769,163.402324003,413.824851767,74427,0.074427,0.000455483117845,400.306607235,393.823688025,46.3074520719,332.126635985,495.521905942,469.89038239,492.805249012
pareto,log_binning,1000000,25,5,495.526013769,739.32103577,243.795022002,617.423524769,41237,0.041237,0.00016914619364,597.268677844,587.162217273,68.9103354148,495.542765616,739.313975029,700.95077642,734.922125337
pareto,log_binning,1000000,25,6,739.32103577,1103.06135045,363.740314683,921.191193112,22422,0.022422,6.16428784352e-05,891.288500929,876.402795906,103.837693065,739.323725827,1103.05909348,1048.59171731,1096.74572698
pareto,log_binning,1000000,25,7,1103.06135045,1645.75912763,542.697777172,1374.41023904,12450,0.01245,2.29409452622e-05,1331.47054771,1311.78807446,153.958176615,1103.09187493,1645.72769281,1562.98109401,1636.57959707
pareto,log_binning,1000000,25,8,1645.75912763,2455.46007486,809.700947237,2050.60960124,6771,0.006771,8.36234664552e-06,1984.02501782,1950.57119582,229.273330191,1645.79795737,2455.42136047,2327.90311243,2441.55777677
pareto,log_binning,1000000,25,9,2455.46007486,3663.52771681,1208.06764194,3059.49389583,3754,0.003754,3.10744189287e-06,2957.59415695,2911.49389896,340.152075343,2455.60412576,3663.1249289,3477.01952927,3642.79249167
pareto,log_binning,1000000,25,10,3663.52771681,5465.955431,1802.4277142,4564.74157391,1987,0.001987,1.10240204606e-06,4415.38412821,4331.96834928,514.613430528,3663.74471205,5465.03842127,5193.82117591,5437.95038469
pareto,log_binning,1000000,25,11,5465.955431,8155.16384294,2689.20841194,6810.55963697,1092,0.001092,4.06067449124e-07,6599.44564572,6512.40376311,762.873075971,5467.45913587,8153.851505,7753.90512869,8104.53708614
pareto,log_binning,1000000,25,12,8155.16384294,12167.4422971,4012.27845416,10161.30307,584,0.000584,1.45553207902e-07,9865.95881772,9690.92363703,1154.3066161,8155.27963348,12158.7830162,11594.3289565,12128.7089447
pareto,log_binning,1000000,25,13,12167.4422971,18153.7311701,5986.28887304,15160.5867336,332,0.000332,5.54600700102e-08,14653.5619693,14522.6369564,1738.25052211,12171.1324777,18140.5380109,17241.3904356,18006.9446469
pareto,log_binning,1000000,25,14,18153.7311701,27085.2285428,8931.49737262,22619.4798565,196,0.000196,2.19448085604e-08,22111.2911838,21876.4825417,2342.26465906,18190.5697065,27025.6432942,25216.1686033,26779.5289294
pareto,log_binning,1000000,25,15,27085.2285428,40410.9545491,13325.7260064,33748.0915459,104,0.000104,7.80445282684e-09,32325.1947522,31770.9013162,3649.32717671,27305.366941,40402.1525924,37324.8599946,39971.0569867
pareto,log_binning,1000000,25,16,40410.9545491,60292.8361853,19881.8816362,50351.8953672,81,8.1e-05,4.07406107139e-09,48540.6346962,48027.3055527,6026.18379456,40419.1384985,60237.916163,57972.0736715,60004.6823573
pareto,log_binning,1000000,25,17,60292.8361853,89956.4520519,29663.6158666,75124.6441186,41,4.1e-05,1.38216460813e-09,72128.5280497,69376.728745,7584.06660129,60874.4094896,87351.2460046,82833.0279864,87212.7102878
pareto,log_binning,1000000,25,18,89956.4520519,134214.340836,44257.8887845,112085.396444,12,1.2e-05,2.71138102823e-10,108735.964746,109339.760044,12464.3216462,91150.6561649,128639.039,122487.853289,127982.916862
pareto,log_binning,1000000,25,19,134214.340836,200246.773581,66032.4327442,167230.557209,13,1.3e-05,1.96872952574e-10,160529.416965,157451.381225,20592.3713855,137158.98408,196290.905305,183243.283911,194729.370005
pareto,log_binning,1000000,25,20,200246.773581,298766.659953,98519.886372,249506.716767,4,4e-06,4.06009400467e-11,222376.439248,207598.64598,32830.1811441,202812.892961,271495.57207,252565.976335,269602.612497
pareto,log_binning,1000000,25,21,298766.659953,445757.579526,146990.919574,372262.119739,1,1e-06,6.80314132941e-12,403699.983668,403699.983668,,403699.983668,403699.983668,403699.983668,403699.983668
pareto,log_binning,1000000,25,22,445757.579526,665066.911203,219309.331677,555412.245365,1,1e-06,4.5597694925e-12,509109.850891,509109.850891,,509109.850891,509109.850891,509109.850891,509109.850891
pareto,log_binning,1000000,25,23,665066.911203,992274.762545,327207.851342,828670.836874,,0,0,,,,,,,
pareto,log_binning,1000000,25,24,992274.762545,1480466.38285,488191.620308,1236370.5727,1,1e-06,2.0483760032e-12,1308607.65405,1308607.65405,,1308607.65405,1308607.65405,1308607.65405,1308607.65405
pareto,log_binning,1000000,25,25,1480466.38285,2208844.55948,728378.176628,1844655.47117,1,1e-06,1.37291318176e-12,2208844.55948,2208844.55948,,2208844.55948,2208844.55948,2208844.55948,2208844.55948
pareto,cut,1000000,50,1,-2108.74455017,44274.8911987,46383.6357489,21083.0733243,999874,0.999874,2.15566111594e-05,286.440585141,158.698551603,739.440050959,100.0000093,44161.9040351,464.918637516,2138.39017752
pareto,cut,1000000,50,2,44274.8911987,88449.7823882,44174.8911894,66362.3367934,93,9.3e-05,2.10526834353e-09,60869.3370673,58745.2662557,11760.4870362,44588.3269657,87351.2460046,79432.0965479,87032.613856
pareto,cut,1000000,50,3,88449.7823882,132624.673578,44174.8911894,110537.227983,12,1.2e-05,2.71647528197e-10,108735.964746,109339.760044,12464.3216462,91150.6561649,128639.039,122487.853289,127982.916862
pareto,cut,1000000,50,4,132624.673578,176799.564767,44174.8911894,154712.119172,9,9e-06,2.03735646148e-10,149699.042136,146368.077787,13501.3464464,137158.98408,171458.35148,169148.942279,171227.41056
pareto,cut,1000000,50,5,176799.564767,220974.455956,44174.8911894,198887.010362,7,7e-06,1.58461058115e-10,193943.03232,196290.905305,12776.8587719,176918.049877,208396.919618,207438.991253,208301.126781
pareto,cut,1000000,50,6,220974.455956,265149.347146,44174.8911894,243061.901551,,0,0,,,,,,,
pareto,cut,1000000,50,7,265149.347146,309324.238335,44174.8911894,287236.792741,1,1e-06,2.26372940165e-11,271495.57207,271495.57207,,271495.57207,271495.57207,271495.57207,271495.57207
pareto,cut,1000000,50,8,309324.238335,353499.129525,44174.8911894,331411.68393,,0,0,,,,,,,
pareto,cut,1000000,50,9,353499.129525,397674.020714,44174.8911894,375586.575119,,0,0,,,,,,,
pareto,cut,1000000,50,10,397674.020714,441848.911904,44174.8911894,419761.466309,1,1e-06,2.26372940165e-11,403699.983668,403699.983668,,403699.983668,403699.983668,403699.983668,403699.983668
pareto,cut,1000000,50,11,441848.911904,486023.803093,44174.8911894,463936.357498,,0,0,,,,,,,
pareto,cut,1000000,50,12,486023.803093,530198.694282,44174.8911894,508111.248688,1,1e-06,2.26372940165e-11,509109.850891,509109.850891,,509109.850891,509109.850891,509109.850891,509109.850891
pareto,cut,1000000,50,13,530198.694282,574373.585472,44174.8911894,552286.139877,,0,0,,,,,,,
pareto,cut,1000000,50,14,574373.585472,618548.476661,44174.8911894,596461.031067,,0,0,,,,,,,
pareto,cut,1000000,50,15,618548.476661,662723.367851,44174.8911894,640635.922256,,0,0,,,,,,,
pareto,cut,1000000,50,16,662723.367851,706898.25904,44174.8911894,684810.813446,,0,0,,,,,,,
pareto,cut,1000000,50,17,706898.25904,751073.15023,44174.8911894,728985.704635,,0,0,,,,,,,
pareto,cut,1000000,50,18,751073.15023,795248.041419,44174.8911894,773160.595824,,0,0,,,,,,,
pareto,cut,1000000,50,19,795248.041419,839422.932609,44174.8911894,817335.487014,,0,0,,,,,,,
pareto,cut,1000000,50,20,839422.932609,883597.823798,44174.8911894,861510.378203,,0,0,,,,,,,
pareto,cut,1000000,50,21,883597.823798,927772.714987,44174.8911894,905685.269393,,0,0,,,,,,,
pareto,cut,1000000,50,22,927772.714987,971947.606177,44174.8911894,949860.160582,,0,0,,,,,,,
pareto,cut,1000000,50,23,971947.606177,1016122.49737,44174.8911894,994035.051772,,0,0,,,,,,,
pareto,cut,1000000,50,24,1016122.49737,1060297.38856,44174.8911894,1038209.94296,,0,0,,,,,,,
pareto,cut,1000000,50,25,1060297.38856,1104472.27975,44174.8911894,1082384.83415,,0,0,,,,,,,
pareto,cut,1000000,50,26,1104472.27975,1148647.17093,44174.8911894,1126559.72534,,0,0,,,,,,,
pareto,cut,1000000,50,27,1148647.17093,1192822.06212,44174.8911894,1170734.61653,,0,0,,,,,,,
pareto,cut,1000000,50,28,1192822.06212,1236996.95331,44174.8911894,1214909.50772,,0,0,,,,,,,
pareto,cut,1000000,50,29,1236996.95331,1281171.8445,44174.8911894,1259084.39891,,0,0,,,,,,,
pareto,cut,1000000,50,30,1281171.8445,1325346.73569,44174.8911894,1303259.2901,1,1e-06,2.26372940165e-11,1308607.65405,1308607.65405,,1308607.65405,1308607.65405,1308607.65405,1308607.65405
pareto,cut,1000000,50,31,1325346.73569,1369521.62688,44174.8911894,1347434.18129,,0,0,,,,,,,
pareto,cut,1000000,50,32,1369521.62688,1413696.51807,44174.8911894,1391609.07248,,0,0,,,,,,,
pareto,cut,1000000,50,33,1413696.51807,1457871.40926,44174.8911894,1435783.96367,,0,0,,,,,,,
pareto,cut,1000000,50,34,1457871.40926,1502046.30045,44174.8911894,1479958.85486,,0,0,,,,,,,
pareto,cut,1000000,50,35,1502046.30045,1546221.19164,44174.8911894,1524133.74604,,0,0,,,,,,,
pareto,cut,1000000,50,36,1546221.19164,1590396.08283,44174.8911894,1568308.63723,,0,0,,,,,,,
pareto,cut,1000000,50,37,1590396.08283,1634570.97402,44174.8911894,1612483.52842,,0,0,,,,,,,
pareto,cut,1000000,50,38,1634570.97402,1678745.86521,44174.8911894,1656658.41961,,0,0,,,,,,,
pareto,cut,1000000,50,39,1678745.86521,1722920.7564,44174.8911894,1700833.3108,,0,0,,,,,,,
pareto,cut,1000000,50,40,1722920.7564,1767095.64759,44174.8911894,1745008.20199,,0,0,,,,,,,
pareto,cut,1000000,50,41,1767095.64759,1811270.53878,44174.8911894,1789183.09318,,0,0,,,,,,,
pareto,cut,1000000,50,42,1811270.53878,1855445.42997,44174.8911894,1833357.98437,,0,0,,,,,,,
pareto,cut,1000000,50,43,1855445.42997,1899620.32115,44174.8911894,1877532.87556,,0,0,,,,,,,
pareto,cut,1000000,50,44,1899620.32115,1943795.21234,44174.8911894,1921707.76675,,0,0,,,,,,,
pareto,cut,1000000,50,45,1943795.21234,1987970.10353,44174.8911894,1965882.65794,,0,0,,,,,,,
pareto,cut,1000000,50,46,1987970.10353,2032144.99472,44174.8911894,2010057.54913,,0,0,,,,,,,
pareto,cut,1000000,50,47,2032144.99472,2076319.88591,44174.8911894,2054232.44032,,0,0,,,,,,,
pareto,cut,1000000,50,48,2076319.88591,2120494.7771,44174.8911894,2098407.33151,,0,0,,,,,,,
pareto,cut,1000000,50,49,2120494.7771,2164669.66829,44174.8911894,2142582.2227,,0,0,,,,,,,
pareto,cut,1000000,50,50,2164669.66829,2208844.55948,44174.8911894,2186757.11389,1,1e-06,2.26372940165e-11,2208844.55948,2208844.55948,,2208844.55948,2208844.55948,2208844.55948,2208844.55948
pareto,qcut,1000000,50,1,100.0000093,101.366653595,1.36664429519,100.683331447,20000,0.02,0.0146343858972,100.681568645,100.680109411,0.394406725888,100.0000093,101.366601104,101.23086027,101.35297932
pareto,qcut,1000000,50,2,101.366653595,102.775063201,1.40840960571,102.070858398,20000,0.02,0.0142004143673,102.064774152,102.063360363,0.404866568275,101.366654666,102.775056135,102.631604199,102.759940636
pareto,qcut,1000000,50,3,102.775063201,104.225129816,1.4500666157,103.500096509,20000,0.02,0.0137924697965,103.50122901,103.506794531,0.419145953085,102.775063495,104.225117938,104.076866798,104.211598356
pareto,qcut,1000000,50,4,104.225129816,105.751342394,1.526212578,104.988236105,20000,0.02,0.0131043344082,104.985957624,104.987882726,0.443073357794,104.225130575,105.751317566,105.600202542,105.736108817
pareto,qcut,1000000,50,5,105.751342394,107.318695976,1.56735358131,106.535019185,20000,0.02,0.0127603625873,106.529242238,106.528683433,0.451717653839,105.751344553,107.318676118,107.158100469,107.301716851
pareto,qcut,1000000,50,6,107.318695976,108.915834192,1.5971382167,108.117265084,20000,0.02,0.012522397743,108.107571114,108.102711515,0.459205102643,107.318698182,108.915738578,108.749036385,108.900154191
pareto,qcut,1000000,50,7,108.915834192,110.604319909,1.68848571706,109.760077051,20000,0.02,0.0118449328875,109.755249671,109.751686869,0.488963677302,108.915847231,110.604251356,110.436867285,110.587160641
pareto,qcut,1000000,50,8,110.604319909,112.324178792,1.71985888273,111.464249351,20000,0.02,0.0116288610658,111.455159955,111.448810896,0.49796468069,110.604331069,112.323979974,112.152096912,112.306802873
pareto,qcut,1000000,50,9,112.324178792,114.12765964,1.80348084803,113.225919216,20000,0.02,0.0110896658658,113.218644284,113.213258329,0.521520503834,112.324216662,114.12758806,113.946500308,114.110662671
pareto,qcut,1000000,50,10,114.12765964,116.00357438,1.87591473975,115.06561701,20000,0.02,0.0106614653514,115.061496582,115.064911962,0.540031695549,114.127675353,116.003526599,115.810936604,115.985493376
pareto,qcut,1000000,50,11,116.00357438,118.005448519,2.00187413914,117.00451145,20000,0.02,0.00999063807707,116.997959885,117.0006743,0.580143390963,116.003586325,118.005329068,117.804831888,117.983463201
pareto,qcut,1000000,50,12,118.005448519,120.084894962,2.07944644338,119.045171741,20000,0.02,0.00961794426764,119.038205053,119.035872341,0.600440221257,118.00548221,120.084830693,119.872282209,120.061692011
pareto,qcut,1000000,50,13,120.084894962,122.26376121,2.17886624775,121.174328086,20000,0.02,0.00917908569222,121.168566614,121.168298812,0.630545640827,120.084915258,122.263708848,122.04183399,122.23968142
pareto,qcut,1000000,50,14,122.26376121,124.527448886,2.26368767559,123.395605048,20000,0.02,0.00883514109109,123.379363254,123.369036051,0.653955024801,122.263779608,124.527257485,124.296794219,124.504035272
pareto,qcut,1000000,50,15,124.527448886,126.870512727,2.34306384086,125.698980806,20000,0.02,0.00853583229411,125.693216494,125.695881163,0.67761113572,124.527523319,126.870507291,126.632207242,126.844653693
pareto,qcut,1000000,50,16,126.870512727,129.34510485,2.47459212306,128.107808788,20000,0.02,0.00808214000748,128.098183327,128.092383088,0.710575035001,126.870515056,129.344940059,129.089680537,129.31799367
pareto,qcut,1000000,50,17,129.34510485,131.938519661,2.59341481174,130.641812256,20000,0.02,0.00771183996847,130.625485625,130.614038125,0.75342391399,129.345182398,131.93851112,131.675025574,131.914845513
pareto,qcut,1000000,50,18,131.938519661,134.658905164,2.72038550243,133.298712413,20000,0.02,0.00735189920036,133.287897843,133.284601745,0.78388942863,131.938524062,134.65887548,134.379771992,134.628456019
pareto,qcut,1000000,50,19,134.658905164,137.546071005,2.88716584155,136.102488085,20000,0.02,0.00692720858364,136.087178085,136.092495635,0.830090672637,134.658921861,137.545929835,137.241220923,137.519613976
pareto,qcut,1000000,50,20,137.546071005,140.603082925,3.05701191967,139.074576965,20000,0.02,0.00654233628313,139.060339261,139.046293063,0.885847050247,137.54615753,140.60308097,140.304154314,140.570735742
pareto,qcut,1000000,50,21,140.603082925,143.794000395,3.19091747025,142.19854166,20000,0.02,0.00626778980857,142.186487076,142.173486767,0.920914012987,140.603084228,143.793914204,143.466643687,143.765678989
pareto,qcut,1000000,50,22,143.794000395,147.191630676,3.39763028106,145.492815536,20000,0.02,0.00588645566044,145.47913193,145.476198928,0.982824682842,143.79406281,147.191624692,146.838956329,147.157385777
pareto,qcut,1000000,50,23,147.191630676,150.816957482,3.62532680578,149.004294079,20000,0.02,0.00551674402653,148.985867158,148.981785913,1.04961392012,147.191635378,150.816938906,150.450561498,150.780313154
pareto,qcut,1000000,50,24,150.816957482,154.654715857,3.83775837444,152.735836669,20000,0.02,0.00521137550847,152.707879497,152.680605352,1.10643637777,150.816973306,154.654636557,154.260090321,154.615298486
pareto,qcut,1000000,50,25,154.654715857,158.712264832,4.05754897521,156.683490344,20000,0.02,0.00492908406582,156.663067571,156.653563734,1.16870062334,154.654789057,158.712255782,158.293912689,158.667866923
pareto,qcut,1000000,50,26,158.712264832,163.100442323,4.38817749143,160.906353578,20000,0.02,0.00455770078559,160.876891543,160.867599272,1.26818923082,158.712273882,163.100391272,162.635486197,163.057492466
pareto,qcut,1000000,50,27,163.100442323,167.817866694,4.71742437119,165.459154509,20000,0.02,0.00423960161866,165.433165169,165.416850926,1.36108873648,163.100497629,167.817715584,167.329826819,167.769892057
pareto,qcut,1000000,50,28,167.817866694,172.867999687,5.05013299222,170.342933191,20000,0.02,0.00396029174495,170.302900106,170.281382474,1.45146598452,167.818044085,172.867974173,172.327870722,172.811914484
pareto,qcut,1000000,50,29,172.867999687,178.352140404,5.48414071696,175.610070045,20000,0.02,0.00364687943512,175.571800145,175.555332653,1.58715458759,172.868032159,178.352112736,177.79239783,178.302104723
pareto,qcut,1000000,50,30,178.352140404,184.315381286,5.96324088191,181.333760845,20000,0.02,0.00335388095099,181.275072403,181.259604685,1.72361225092,178.352178612,184.315336706,183.680540308,184.258587944
pareto,qcut,1000000,50,31,184.315381286,190.736680885,6.42129959973,187.526031085,20000,0.02,0.00311463430251,187.481681764,187.460483422,1.84618377078,184.315448155,190.73660523,190.055206795,190.666337275
pareto,qcut,1000000,50,32,190.736680885,197.659154818,6.92247393251,194.197917852,20000,0.02,0.00288914052909,194.158414857,194.134133565,1.99262006616,190.736804323,197.659059275,196.943580783,197.582585412
pareto,qcut,1000000,50,33,197.659154818,205.365695379,7.70654056082,201.512425098,20000,0.02,0.00259519817513,201.448727761,201.425265784,2.22142391016,197.659324672,205.365542716,204.554238862,205.288422501
pareto,qcut,1000000,50,34,205.365695379,213.899023203,8.53332782455,209.632359291,20000,0.02,0.00234375151303,209.54589461,209.477616578,2.45925009798,205.365991723,213.898990371,213.012494968,213.803714811
pareto,qcut,1000000,50,35,213.899023203,223.359867973,9.46084477031,218.629445588,20000,0.02,0.00211397612851,218.561389065,218.536222445,2.74987803967,213.899092971,223.359729539,222.369144945,223.264233117
pareto,qcut,1000000,50,36,223.359867973,233.849834447,10.4899664733,228.60485121,20000,0.02,0.0019065837866,228.535824492,228.488006649,3.03735551391,223.360190988,233.849805585,232.760982581,233.737577063
pareto,qcut,1000000,50,37,233.849834447,245.657425315,11.8075908684,239.753629881,20000,0.02,0.00169382562649,239.631644883,239.566270306,3.39913096062,233.849908664,245.65709757,244.407816447,245.531390832
pareto,qcut,1000000,50,38,245.657425315,259.163585904,13.5061605883,252.410505609,20000,0.02,0.00148080573078,252.319741783,252.283731668,3.90052828817,245.658358128,259.163230036,257.762521007,259.022093439
pareto,qcut,1000000,50,39,259.163585904,274.856566019,15.6929801152,267.010075961,20000,0.02,0.00127445519291,266.86930575,266.776164011,4.53096331136,259.164712818,274.856407274,273.227167221,274.693890109
pareto,qcut,1000000,50,40,274.856566019,292.894791767,18.0382257486,283.875678893,20000,0.02,0.00110875649738,283.594308255,283.451735103,5.21299574259,274.85712884,292.894648518,290.915705883,292.704238717
pareto,qcut,1000000,50,41,292.894791767,314.193422032,21.298630265,303.5441069,20000,0.02,0.000939027522012,303.26918622,303.140605517,6.19307075659,292.895364764,314.193281351,311.956682297,313.970925939
pareto,qcut,1000000,50,42,314.193422032,339.747481876,25.5540598435,326.970451954,20000,0.02,0.000782654502748,326.507604605,326.27564941,7.37796005542,314.194062913,339.746931553,336.938068328,339.470483605
pareto,qcut,1000000,50,43,339.747481876,371.466541064,31.7190591883,355.60701147,20000,0.02,0.000630535725579,354.97826416,354.751706284,9.17780426587,339.75037107,371.46615428,367.956726355,371.102904214
pareto,qcut,1000000,50,44,371.466541064,411.835012955,40.3684718908,391.65077701,20000,0.02,0.000495436142693,390.882829539,390.448598925,11.6472786617,371.468917024,411.834484254,407.474888128,411.33463233
pareto,qcut,1000000,50,45,411.835012955,465.251697751,53.4166847955,438.543355353,20000,0.02,0.000374414849528,437.257600072,436.762248918,15.4555569038,411.838890097,465.251692325,459.166227615,464.661929873
pareto,qcut,1000000,50,46,465.251697751,540.369746504,75.1180487536,502.810722127,20000,0.02,0.000266247597373,500.680110738,499.57121036,21.6594111773,465.251746583,540.369246712,531.643925228,539.498343096
pareto,qcut,1000000,50,47,540.369746504,653.76341219,113.393665686,597.066579347,20000,0.02,0.00017637669511,592.418389294,589.943836287,32.5153294681,540.375494112,653.763066933,639.48205405,652.254463671
pareto,qcut,1000000,50,48,653.76341219,856.616886265,202.853474075,755.190149227,20000,0.02,9.85933324099e-05,743.236462598,737.881394195,57.9409126001,653.76882121,856.616352166,828.591598278,853.873153354
pareto,qcut,1000000,50,49,856.616886265,1363.0984963,506.481610038,1109.85769128,20000,0.02,3.94881069788e-05,1062.04979807,1040.99541707,142.769593595,856.629704631,1363.09759763,1279.24747926,1354.76755008
pareto,qcut,1000000,50,50,1363.0984963,2208844.55948,2207481.46098,1105103.82899,20000,0.02,9.06009873853e-09,4097.13445901,2157.94751458,20332.4978366,1363.14253145,2208844.55948,6301.24872322,33074.1775125
pareto,log_binning,1000000,50,1,100.0000093,122.147151246,22.1471419466,111.073580273,258976,0.258976,0.0116934275594,110.149877516,109.707336777,6.34734999062,100.0000093,122.147029565,119.353429934,121.871716128
pareto,log_binning,1000000,50,2,122.147151246,149.199251701,27.0521004544,135.673201474,192198,0.192198,0.00710473481805,134.542926933,133.966206213,7.76887640293,122.147542784,149.199249566,145.799507608,148.844878751
pareto,log_binning,1000000,50,3,149.199251701,182.242618685,33.0433669844,165.720935193,142094,0.142094,0.00430022763924,164.305309953,163.615717722,9.48908087114,149.199331103,182.242532125,178.095119208,181.808604818
pareto,log_binning,1000000,50,4,182.242618685,222.604146379,40.3615276938,202.423382532,105198,0.105198,0.00260639291947,200.722482392,199.850403824,11.5825583678,182.242731492,222.60368712,217.529832438,222.101553666
pareto,log_binning,1000000,50,5,222.604146379,271.904598072,49.3004516927,247.254372225,77906,0.077906,0.00158022892946,245.133267363,244.018273676,14.1426770835,222.605244232,271.903585479,265.684208514,271.250071956
pareto,log_binning,1000000,50,6,271.904598072,332.123689766,60.219091694,302.014143919,58117,0.058117,0.000965092603777,299.534765923,298.276749447,17.3414310098,271.907942414,332.123097672,324.557325463,331.393336221
pareto,log_binning,1000000,50,7,332.123689766,405.679587936,73.5558981701,368.901638851,42692,0.042692,0.000580402130381,365.78773341,364.237633895,21.1349756646,332.126635985,405.67857283,396.391048488,404.749947777
pareto,log_binning,1000000,50,8,405.679587936,495.526013769,89.8464258329,450.602800852,31735,0.031735,0.000353213827994,446.743656593,444.812449887,25.8619639343,405.681272477,495.521905942,484.224280431,494.356999702
pareto,log_binning,1000000,50,9,495.526013769,605.270853214,109.744839446,550.398433491,23731,0.023731,0.000216237958157,546.070485585,543.913127886,31.4468063145,495.542765616,605.270356541,591.587412987,603.89081271
pareto,log_binning,1000000,50,10,605.270853214,739.32103577,134.050182556,672.295944492,17506,0.017506,0.000130592884442,666.672556542,664.0140016,38.4046515668,605.291579899,739.313975029,722.150429008,737.650591217
pareto,log_binning,1000000,50,11,739.32103577,903.059499776,163.738464006,821.190267773,12916,0.012916,7.88818930142e-05,814.224437029,810.123177889,47.4191411835,739.323725827,903.031445789,883.092550873,900.85527542
pareto,log_binning,1000000,50,12,903.059499776,1103.06135045,200.001850678,1003.06042511,9506,0.009506,4.75295601905e-05,995.997048093,992.845527208,57.8228221973,903.073223588,1103.05909348,1078.12394971,1100.46140837
pareto,log_binning,1000000,50,13,1103.06135045,1347.35789078,244.296540324,1225.20962062,7062,0.007062,2.89074908332e-05,1215.18014774,1210.88923008,70.2267498622,1103.09187493,1347.25627208,1316.45416873,1343.91252778
pareto,log_binning,1000000,50,14,1347.35789078,1645.75912763,298.401236848,1496.5585092,5388,0.005388,1.80562254262e-05,1483.89126126,1477.50123284,85.7161272732,1347.36575947,1645.72769281,1608.16237698,1642.09859921
pareto,log_binning,1000000,50,15,1645.75912763,2010.24770382,364.488576197,1828.00341572,3876,0.003876,1.06340781389e-05,1812.40626837,1806.02390915,104.308031722,1645.79795737,2010.01953253,1963.55039292,2005.00235758
pareto,log_binning,1000000,50,16,2010.24770382,2455.46007486,445.21237104,2232.85388934,2895,0.002895,6.50251472851e-06,2213.79851449,2205.07623765,127.043238832,2010.38251535,2455.42136047,2398.93053934,2449.67606978
pareto,log_binning,1000000,50,17,2455.46007486,2999.27425251,543.814177648,2727.36716369,2172,0.002172,3.99401135402e-06,2706.82386856,2699.57657109,156.825131249,2455.60412576,2999.06458329,2936.25091526,2991.39890818
pareto,log_binning,1000000,50,18,2999.27425251,3663.52771681,664.253464296,3331.40098466,1582,0.001582,2.38162100016e-06,3301.88813063,3289.35672434,189.419156836,2999.46068606,3663.1249289,3577.00510257,3653.4074894
pareto,log_binning,1000000,50,19,3663.52771681,4474.89432504,811.366608238,4069.21102093,1163,0.001163,1.43338410552e-06,4037.79531646,4021.13444925,229.667850285,3663.74471205,4473.66006083,4364.62510175,4453.9155275
pareto,log_binning,1000000,50,20,4474.89432504,5465.955431,991.06110596,4970.42487802,824,0.000824,8.31432083294e-07,4948.31590984,4937.45737175,280.62554266,4475.28692294,5465.03842127,5337.70376687,5454.34116736
pareto,log_binning,1000000,50,21,5465.955431,6676.50822647,1210.55279546,6071.23182874,631,0.000631,5.21249467487e-07,6035.52428861,6007.79793935,349.457627001,5467.45913587,6674.04765387,6534.87434181,6658.9025869
pareto,log_binning,1000000,50,22,6676.50822647,8155.16384294,1478.65561648,7415.83603471,461,0.000461,3.11769687859e-07,7371.32064861,7343.25685785,423.948370445,6682.57718163,8153.851505,7986.30565585,8129.44416683
pareto,log_binning,1000000,50,23,8155.16384294,9961.29938725,1806.13554431,9058.2316151,335,0.000335,1.8547888117e-07,9003.75319214,8957.76970931,527.627443447,8155.27963348,9960.76765245,9784.58835975,9952.84175352
pareto,log_binning,1000000,50,24,9961.29938725,12167.4422971,2206.14290985,11064.3708422,249,0.000249,1.12866668287e-07,11025.9543381,11008.3371161,634.143538672,9964.97883252,12158.7830162,11928.1639984,12151.5682811
pareto,log_binning,1000000,50,25,12167.4422971,14862.1827633,2694.7404662,13514.8125302,190,0.00019,7.05077176756e-08,13360.5309568,13291.7653147,804.209120983,12171.1324777,14853.5504592,14591.6386404,14840.4432128
pareto,log_binning,1000000,50,26,14862.1827633,18153.7311701,3291.54840684,16507.9569667,142,0.000142,4.3140790427e-08,16383.6738875,16321.0951995,979.11488661,14864.6644999,18140.5380109,17810.9409843,18075.5910123
pareto,log_binning,1000000,50,27,18153.7311701,22174.2634071,4020.53223695,20163.9972886,103,0.000103,2.56184987284e-08,20209.9043115,20343.568612,1104.08342495,18190.5697065,22116.0071205,21657.6864392,22022.6969614
pareto,log_binning,1000000,50,28,22174.2634071,27085.2285428,4910.96513567,24629.7459749,93,9.3e-05,1.89372144641e-08,24217.1282575,24011.9918433,1321.58319515,22218.9861963,27025.6432942,26298.2089231,26800.334963
pareto,log_binning,1000000,50,29,27085.2285428,33083.8319968,5998.60345406,30084.5302698,59,5.9e-05,9.83562264981e-09,29554.2181683,29284.7102383,1578.06119403,27305.366941,33072.9678102,31881.577554,32972.9498065
pareto,log_binning,1000000,50,30,33083.8319968,40410.9545491,7327.1225523,36747.393273,45,4.5e-05,6.14156507945e-09,35958.2529399,35462.0778224,2024.2573491,33193.9380466,40402.1525924,39325.7997505,40218.3263586
pareto,log_binning,1000000,50,31,40410.9545491,49360.8251828,8949.87063364,44885.8898659,50,5e-05,5.58667293045e-09,44452.7925068,43970.865749,2886.54641401,40419.1384985,49331.3688016,48749.9207733,49319.2866371
pareto,log_binning,1000000,50,32,49360.8251828,60292.8361853,10932.0110026,54826.830684,31,3.1e-05,2.83570881814e-09,55133.92855,55065.973856,3234.06865959,49418.69898,60237.916163,58891.4225596,60150.4534859
pareto,log_binning,1000000,50,33,60292.8361853,73645.9749571,13353.1387718,66969.4055712,25,2.5e-05,1.87221899115e-09,66728.8127959,67067.1229441,3038.08622828,60874.4094896,73546.5580282,69828.3447401,72817.4270168
pareto,log_binning,1000000,50,34,73645.9749571,89956.4520519,16310.4770948,81801.2135045,16,1.6e-05,9.80964560813e-10,80565.5831338,79757.8178417,3753.55761689,74944.481876,87351.2460046,85569.986839,87299.2951108
pareto,log_binning,1000000,50,35,89956.4520519,109879.233325,19922.7812733,99917.8426886,6,6e-06,3.01162770283e-10,97703.6490326,97146.2031345,4577.51730917,91150.6561649,103817.576435,102813.904257,103717.209217
pareto,log_binning,1000000,50,36,109879.233325,134214.340836,24335.1075112,122046.787081,6,6e-06,2.46557365618e-10,119768.280459,118388.183607,5359.85543902,114861.943653,128639.039,125656.665646,128340.801665
pareto,log_binning,1000000,50,37,134214.340836,163938.97865,29724.6378134,149076.659743,7,7e-06,2.35494879499e-10,143894.491109,140289.924774,8091.15312493,137158.98408,157451.381225,153844.46242,157090.689345
pareto,log_binning,1000000,50,38,163938.97865,200246.773581,36307.7949308,182092.876115,6,6e-06,1.65253770201e-10,179936.830463,180011.012437,9988.1635784,168571.589979,196290.905305,189784.508222,195640.265597
pareto,log_binning,1000000,50,39,200246.773581,244595.706645,44348.933064,222421.240113,3,3e-06,6.76453703108e-11,206003.394974,206800.372343,2876.05947785,202812.892961,208396.919618,208077.610163,208364.988672
pareto,log_binning,1000000,50,40,244595.706645,298766.659953,54170.953308,271681.183299,1,1e-06,1.8460077568e-11,271495.57207,271495.57207,,271495.57207,271495.57207,271495.57207,271495.57207
pareto,log_binning,1000000,50,41,298766.659953,364934.930068,66168.2701152,331850.79501,,0,0,,,,,,,
pareto,log_binning,1000000,50,42,364934.930068,445757.579526,80822.6494584,405346.254797,1,1e-06,1.23727693499e-11,403699.983668,403699.983668,,403699.983668,403699.983668,403699.983668,403699.983668
pareto,log_binning,1000000,50,43,445757.579526,544480.134221,98722.5546943,495118.856873,1,1e-06,1.0129397513e-11,509109.850891,509109.850891,,509109.850891,509109.850891,509109.850891,509109.850891
pareto,log_binning,1000000,50,44,544480.134221,665066.911203,120586.776982,604773.522712,,0,0,,,,,,,
pareto,log_binning,1000000,50,45,665066.911203,812360.210369,147293.299166,738713.560786,,0,0,,,,,,,
pareto,log_binning,1000000,50,46,812360.210369,992274.762545,179914.552176,902317.486457,,0,0,,,,,,,
pareto,log_binning,1000000,50,47,992274.762545,1212035.24227,219760.479724,1102155.00241,,0,0,,,,,,,
pareto,log_binning,1000000,50,48,1212035.24227,1480466.38285,268431.140584,1346250.81256,1,1e-06,3.72535018785e-12,1308607.65405,1308607.65405,,1308607.65405,1308607.65405,1308607.65405,1308607.65405
pareto,log_binning,1000000,50,49,1480466.38285,1808347.34364,327880.96079,1644406.86325,,0,0,,,,,,,
pareto,log_binning,1000000,50,50,1808347.34364,2208844.55948,400497.215838,2008595.95156,1,1e-06,2.49689625908e-12,2208844.55948,2208844.55948,,2208844.55948,2208844.55948,2208844.55948,2208844.55948
pareto,cut,1000000,100,1,-2108.74455017,22187.445604,24296.1901542,10039.3505269,999648,0.999648,4.11442285254e-05,279.660708301,158.674501488,577.810698679,100.0000093,22116.0071205,464.302846315,2105.30374151
pareto,cut,1000000,100,2,22187.445604,44274.8911987,22087.4455947,33231.1684014,226,0.000226,1.02320568954e-08,30275.3358201,28824.4319998,6552.15047799,22218.9861963,44161.9040351,41058.0000419,43984.4174077
pareto,cut,1000000,100,3,44274.8911987,66362.3367934,22087.4455947,55318.6139961,61,6.1e-05,2.76174987001e-09,53694.6895662,52784.7797434,6025.46028965,44588.3269657,65860.0070017,62332.5983669,65637.108048
pareto,cut,1000000,100,4,66362.3367934,88449.7823882,22087.4455947,77406.0595908,32,3.2e-05,1.44878681705e-09,74546.0088663,74245.5199521,6769.02329531,66532.6119459,87351.2460046,83966.8837741,87243.8808241
pareto,cut,1000000,100,5,88449.7823882,110537.227983,22087.4455947,99493.5051855,6,6e-06,2.71647528197e-10,97703.6490326,97146.2031345,4577.51730917,91150.6561649,103817.576435,102813.904257,103717.209217
pareto,cut,1000000,100,6,110537.227983,132624.673578,22087.4455947,121580.95078,6,6e-06,2.71647528197e-10,119768.280459,118388.183607,5359.85543902,114861.943653,128639.039,125656.665646,128340.801665
pareto,cut,1000000,100,7,132624.673578,154712.119172,22087.4455947,143668.396375,6,6e-06,2.71647528197e-10,141635.009423,138814.007622,5972.93460185,137158.98408,151439.849883,148903.963835,151186.261278
pareto,cut,1000000,100,8,154712.119172,176799.564767,22087.4455947,165755.84197,3,3e-06,1.35823764099e-10,165827.107561,168571.589979,7395.80568524,157451.381225,171458.35148,170880.99918,171400.61625
pareto,cut,1000000,100,9,176799.564767,198887.010362,22087.4455947,187843.287564,4,4e-06,1.81098352132e-10,184897.760329,183191.043068,8151.08296808,176918.049877,196290.905305,192387.067055,195900.52148
pareto,cut,1000000,100,10,198887.010362,220974.455956,22087.4455947,209930.733159,3,3e-06,1.35823764099e-10,206003.394974,206800.372343,2876.05947785,202812.892961,208396.919618,208077.610163,208364.988672
pareto,cut,1000000,100,11,220974.455956,243061.901551,22087.4455947,232018.178754,,0,0,,,,,,,
pareto,cut,1000000,100,12,243061.901551,265149.347146,22087.4455947,254105.624349,,0,0,,,,,,,
pareto,cut,1000000,100,13,265149.347146,287236.792741,22087.4455947,276193.069943,1,1e-06,4.52745880329e-11,271495.57207,271495.57207,,271495.57207,271495.57207,271495.57207,271495.57207
pareto,cut,1000000,100,14,287236.792741,309324.238335,22087.4455947,298280.515538,,0,0,,,,,,,
pareto,cut,1000000,100,15,309324.238335,331411.68393,22087.4455947,320367.961133,,0,0,,,,,,,
pareto,cut,1000000,100,16,331411.68393,353499.129525,22087.4455947,342455.406727,,0,0,,,,,,,
pareto,cut,1000000,100,17,353499.129525,375586.575119,22087.4455947,364542.852322,,0,0,,,,,,,
pareto,cut,1000000,100,18,375586.575119,397674.020714,22087.4455947,386630.297917,,0,0,,,,,,,
pareto,cut,1000000,100,19,397674.020714,419761.466309,22087.4455947,408717.743512,1,1e-06,4.52745880329e-11,403699.983668,403699.983668,,403699.983668,403699.983668,403699.983668,403699.983668
pareto,cut,1000000,100,20,419761.466309,441848.911904,22087.4455947,430805.189106,,0,0,,,,,,,
pareto,cut,1000000,100,21,441848.911904,463936.357498,22087.4455947,452892.634701,,0,0,,,,,,,
pareto,cut,1000000,100,22,463936.357498,486023.803093,22087.4455947,474980.080296,,0,0,,,,,,,
pareto,cut,1000000,100,23,486023.803093,508111.248688,22087.4455947,497067.52589,,0,0,,,,,,,
pareto,cut,1000000,100,24,508111.248688,530198.694282,22087.4455947,519154.971485,1,1e-06,4.52745880329e-11,509109.850891,509109.850891,,509109.850891,509109.850891,509109.850891,509109.850891
pareto,cut,1000000,100,25,530198.694282,552286.139877,22087.4455947,541242.41708,,0,0,,,,,,,
pareto,cut,1000000,100,26,552286.139877,574373.585472,22087.4455947,563329.862675,,0,0,,,,,,,
pareto,cut,1000000,100,27,574373.585472,596461.031067,22087.4455947,585417.308269,,0,0,,,,,,,
pareto,cut,1000000,100,28,596461.031067,618548.476661,22087.4455947,607504.753864,,0,0,,,,,,,
pareto,cut,1000000,100,29,618548.476661,640635.922256,22087.4455947,629592.199459,,0,0,,,,,,,
pareto,cut,1000000,100,30,640635.922256,662723.367851,22087.4455947,651679.645053,,0,0,,,,,,,
pareto,cut,1000000,100,31,662723.367851,684810.813446,22087.4455947,673767.090648,,0,0,,,,,,,
pareto,cut,1000000,100,32,684810.813446,706898.25904,22087.4455947,695854.536243,,0,0,,,,,,,
pareto,cut,1000000,100,33,706898.25904,728985.704635,22087.4455947,717941.981838,,0,0,,,,,,,
pareto,cut,1000000,100,34,728985.704635,751073.15023,22087.4455947,740029.427432,,0,0,,,,,,,
pareto,cut,1000000,100,35,751073.15023,773160.595824,22087.4455947,762116.873027,,0,0,,,,,,,
pareto,cut,1000000,100,36,773160.595824,795248.041419,22087.4455947,784204.318622,,0,0,,,,,,,
pareto,cut,1000000,100,37,795248.041419,817335.487014,22087.4455947,806291.764216,,0,0,,,,,,,
pareto,cut,1000000,100,38,817335.487014,839422.932609,22087.4455947,828379.209811,,0,0,,,,,,,
pareto,cut,1000000,100,39,839422.932609,861510.378203,22087.4455947,850466.655406,,0,0,,,,,,,
pareto,cut,1000000,100,40,861510.378203,883597.823798,22087.4455947,872554.101001,,0,0,,,,,,,
pareto,cut,1000000,100,41,883597.823798,905685.269393,22087.4455947,894641.546595,,0,0,,,,,,,
pareto,cut,1000000,100,42,905685.269393,927772.714987,22087.4455947,916728.99219,,0,0,,,,,,,
pareto,cut,1000000,100,43,927772.714987,949860.160582,22087.4455947,938816.437785,,0,0,,,,,,,
pareto,cut,1000000,100,44,949860.160582,971947.606177,22087.4455947,960903.883379,,0,0,,,,,,,
pareto,cut,1000000,100,45,971947.606177,994035.051772,22087.4455947,982991.328974,,0,0,,,,,,,
pareto,cut,1000000,100,46,994035.051772,1016122.49737,22087.4455947,1005078.77457,,0,0,,,,,,,
pareto,cut,1000000,100,47,1016122.49737,1038209.94296,22087.4455947,1027166.22016,,0,0,,,,,,,
pareto,cut,1000000,100,48,1038209.94296,1060297.38856,22087.4455947,1049253.66576,,0,0,,,,,,,
pareto,cut,1000000,100,49,1060297.38856,1082384.83415,22087.4455947,1071341.11135,,0,0,,,,,,,
pareto,cut,1000000,100,50,1082384.83415,1104472.27975,22087.4455947,1093428.55695,,0,0,,,,,,,
pareto,cut,1000000,100,51,1104472.27975,1126559.72534,22087.4455947,1115516.00254,,0,0,,,,,,,
pareto,cut,1000000,100,52,1126559.72534,1148647.17093,22087.4455947,1137603.44814,,0,0,,,,,,,
pareto,cut,1000000,100,53,1148647.17093,1170734.61653,22087.4455947,1159690.89373,,0,0,,,,,,,
pareto,cut,1000000,100,54,1170734.61653,1192822.06212,22087.4455947,1181778.33933,,0,0,,,,,,,
pareto,cut,1000000,100,55,1192822.06212,1214909.50772,22087.4455947,1203865.78492,,0,0,,,,,,,
pareto,cut,1000000,100,56,1214909.50772,1236996.95331,22087.4455947,1225953.23052,,0,0,,,,,,,
pareto,cut,1000000,100,57,1236996.95331,1259084.39891,22087.4455947,1248040.67611,,0,0,,,,,,,
pareto,cut,1000000,100,58,1259084.39891,1281171.8445,22087.4455947,1270128.12171,,0,0,,,,,,,
pareto,cut,1000000,100,59,1281171.8445,1303259.2901,22087.4455947,1292215.5673,,0,0,,,,,,,
pareto,cut,1000000,100,60,1303259.2901,1325346.73569,22087.4455947,1314303.01289,1,1e-06,4.52745880329e-11,1308607.65405,1308607.65405,,1308607.65405,1308607.65405,1308607.65405,1308607.65405
pareto,cut,1000000,100,61,1325346.73569,1347434.18129,22087.4455947,1336390.45849,,0,0,,,,,,,
pareto,cut,1000000,100,62,1347434.18129,1369521.62688,22087.4455947,1358477.90408,,0,0,,,,,,,
pareto,cut,1000000,100,63,1369521.62688,1391609.07248,22087.4455947,1380565.34968,,0,0,,,,,,,
pareto,cut,1000000,100,64,1391609.07248,1413696.51807,22087.4455947,1402652.79527,,0,0,,,,,,,
pareto,cut,1000000,100,65,1413696.51807,1435783.96367,22087.4455947,1424740.24087,,0,0,,,,,,,
pareto,cut,1000000,100,66,1435783.96367,1457871.40926,22087.4455947,1446827.68646,,0,0,,,,,,,
pareto,cut,1000000,100,67,1457871.40926,1479958.85486,22087.4455947,1468915.13206,,0,0,,,,,,,
pareto,cut,1000000,100,68,1479958.85486,1502046.30045,22087.4455947,1491002.57765,,0,0,,,,,,,
pareto,cut,1000000,100,69,1502046.30045,1524133.74604,22087.4455947,1513090.02325,,0,0,,,,,,,
pareto,cut,1000000,100,70,1524133.74604,1546221.19164,22087.4455947,1535177.46884,,0,0,,,,,,,
pareto,cut,1000000,100,71,1546221.19164,1568308.63723,22087.4455947,1557264.91444,,0,0,,,,,,,
pareto,cut,1000000,100,72,1568308.63723,1590396.08283,22087.4455947,1579352.36003,,0,0,,,,,,,
pareto,cut,1000000,100,73,1590396.08283,1612483.52842,22087.4455947,1601439.80563,,0,0,,,,,,,
pareto,cut,1000000,100,74,1612483.52842,1634570.97402,22087.4455947,1623527.25122,,0,0,,,,,,,
pareto,cut,1000000,100,75,1634570.97402,1656658.41961,22087.4455947,1645614.69682,,0,0,,,,,,,
pareto,cut,1000000,100,76,1656658.41961,1678745.86521,22087.4455947,1667702.14241,,0,0,,,,,,,
pareto,cut,1000000,100,77,1678745.86521,1700833.3108,22087.4455947,1689789.58801,,0,0,,,,,,,
pareto,cut,1000000,100,78,1700833.3108,1722920.7564,22087.4455947,1711877.0336,,0,0,,,,,,,
pareto,cut,1000000,100,79,1722920.7564,1745008.20199,22087.4455947,1733964.47919,,0,0,,,,,,,
pareto,cut,1000000,100,80,1745008.20199,1767095.64759,22087.4455947,1756051.92479,,0,0,,,,,,,
pareto,cut,1000000,100,81,1767095.64759,1789183.09318,22087.4455947,1778139.37038,,0,0,,,,,,,
pareto,cut,1000000,100,82,1789183.09318,1811270.53878,22087.4455947,1800226.81598,,0,0,,,,,,,
pareto,cut,1000000,100,83,1811270.53878,1833357.98437,22087.4455947,1822314.26157,,0,0,,,,,,,
pareto,cut,1000000,100,84,1833357.98437,1855445.42997,22087.4455947,1844401.70717,,0,0,,,,,,,
pareto,cut,1000000,100,85,1855445.42997,1877532.87556,22087.4455947,1866489.15276,,0,0,,,,,,,
pareto,cut,1000000,100,86,1877532.87556,1899620.32115,22087.4455947,1888576.59836,,0,0,,,,,,,
pareto,cut,1000000,100,87,1899620.32115,1921707.76675,22087.4455947,1910664.04395,,0,0,,,,,,,
pareto,cut,1000000,100,88,1921707.76675,1943795.21234,22087.4455947,1932751.48955,,0,0,,,,,,,
pareto,cut,1000000,100,89,1943795.21234,1965882.65794,22087.4455947,1954838.93514,,0,0,,,,,,,
pareto,cut,1000000,100,90,1965882.65794,1987970.10353,22087.4455947,1976926.38074,,0,0,,,,,,,
pareto,cut,1000000,100,91,1987970.10353,2010057.54913,22087.4455947,1999013.82633,,0,0,,,,,,,
pareto,cut,1000000,100,92,2010057.54913,2032144.99472,22087.4455947,2021101.27193,,0,0,,,,,,,
pareto,cut,1000000,100,93,2032144.99472,2054232.44032,22087.4455947,2043188.71752,,0,0,,,,,,,
pareto,cut,1000000,100,94,2054232.44032,2076319.88591,22087.4455947,2065276.16312,,0,0,,,,,,,
pareto,cut,1000000,100,95,2076319.88591,2098407.33151,22087.4455947,2087363.60871,,0,0,,,,,,,
pareto,cut,1000000,100,96,2098407.33151,2120494.7771,22087.4455947,2109451.0543,,0,0,,,,,,,
pareto,cut,1000000,100,97,2120494.7771,2142582.2227,22087.4455947,2131538.4999,,0,0,,,,,,,
pareto,cut,1000000,100,98,2142582.2227,2164669.66829,22087.4455947,2153625.94549,,0,0,,,,,,,
pareto,cut,1000000,100,99,2164669.66829,2186757.11389,22087.4455947,2175713.39109,,0,0,,,,,,,
pareto,cut,1000000,100,100,2186757.11389,2208844.55948,22087.4455947,2197800.83668,1,1e-06,4.52745880329e-11,2208844.55948,2208844.55948,,2208844.55948,2208844.55948,2208844.55948,2208844.55948
pareto,qcut,1000000,100,1,100.0000093,100.680131318,0.680122018054,100.340070309,10000,0.01,0.0147032440276,100.340453079,100.338166091,0.196418192938,100.0000093,100.680087056,100.613890059,100.674181479
pareto,qcut,1000000,100,2,100.680131318,101.366653595,0.686522277138,101.023392456,10000,0.01,0.0145661697122,101.022684211,101.021302721,0.199514031211,100.680131765,101.366601104,101.298586166,101.360277944
pareto,qcut,1000000,100,3,101.366653595,102.063389178,0.696735582928,101.715021386,10000,0.01,0.0143526471807,101.714538797,101.715579219,0.200402634861,101.366654666,102.063329708,101.993502362,102.054817066
pareto,qcut,1000000,100,4,102.063389178,102.775063201,0.711674022782,102.419226189,10000,0.01,0.0140513770067,102.415009508,102.407719675,0.205754489335,102.063391017,102.775056135,102.703670124,102.768634556
pareto,qcut,1000000,100,5,102.775063201,103.506972866,0.731909664897,103.141018033,10000,0.01,0.0136628883039,103.138107652,103.136030196,0.211685541243,102.775063495,103.506596382,103.432167076,103.499143794
pareto,qcut,1000000,100,6,103.506972866,104.225129816,0.718156950804,103.866051341,10000,0.01,0.0139245327763,103.864350368,103.866641255,0.206960977319,103.506992681,104.225117938,104.152110799,104.218640252
pareto,qcut,1000000,100,7,104.225129816,104.987945134,0.762815317854,104.606537475,10000,0.01,0.0131093329748,104.602140842,104.598984547,0.220677364166,104.225130575,104.987810158,104.909668039,104.979511438
pareto,qcut,1000000,100,8,104.987945134,105.751342394,0.763397260142,105.369643764,10000,0.01,0.013099339652,105.369774406,105.371198987,0.222011316767,104.987955294,105.751317566,105.677296913,105.744539284
pareto,qcut,1000000,100,9,105.751342394,106.528685534,0.777343139707,106.140013964,10000,0.01,0.0128643317078,106.137404514,106.136821526,0.222051283857,105.751344553,106.52868087,106.444618428,106.520196623
pareto,qcut,1000000,100,10,106.528685534,107.318695976,0.790010441601,106.923690755,10000,0.01,0.0126580605438,106.921079962,106.917758479,0.227391726887,106.528685995,107.318676118,107.237675926,107.309438998
pareto,qcut,1000000,100,11,107.318695976,108.102714492,0.784018516102,107.710705234,10000,0.01,0.0127548008046,107.710593668,107.710690207,0.226975340345,107.318698182,108.102707698,108.025758776,108.095114704
pareto,qcut,1000000,100,12,108.102714492,108.915834192,0.813119700599,108.509274342,10000,0.01,0.0122983122812,108.50454856,108.501269494,0.234580967032,108.102715331,108.915738578,108.833030051,108.908323699
pareto,qcut,1000000,100,13,108.915834192,109.751731623,0.83589743106,109.333782908,10000,0.01,0.0119631902533,109.331129725,109.331705192,0.240477261599,108.915847231,109.751626389,109.665064287,109.744012448
pareto,qcut,1000000,100,14,109.751731623,110.604319909,0.852588285998,110.178025766,10000,0.01,0.0117289906092,110.179369617,110.179153881,0.246118095775,109.751747348,110.604251356,110.520284715,110.596388004
pareto,qcut,1000000,100,15,110.604319909,111.448822613,0.844502703747,111.026571261,10000,0.01,0.0118412883175,111.024078,111.020713115,0.244863609913,110.604331069,111.448794157,111.365759316,111.440975336
pareto,qcut,1000000,100,16,111.448822613,112.324178792,0.875356178983,111.886500703,10000,0.01,0.0114239211878,111.88624191,111.886451856,0.253581907607,111.448827635,112.323979974,112.238364738,112.315290498
pareto,qcut,1000000,100,17,112.324178792,113.213290682,0.889111889604,112.768734737,10000,0.01,0.0112471783551,112.766485372,112.767517815,0.255144276801,112.324216662,113.213209311,113.12292661,113.204691511
pareto,qcut,1000000,100,18,113.213290682,114.12765964,0.91436895843,113.670475161,10000,0.01,0.0109365042501,113.670803196,113.671164323,0.264498798161,113.213307348,114.12758806,114.039665867,114.119720656
pareto,qcut,1000000,100,19,114.12765964,115.064924619,0.937264979104,114.59629213,10000,0.01,0.0106693413527,114.593907173,114.594322356,0.268930092408,114.127675353,115.064891547,114.966756591,115.055110227
pareto,qcut,1000000,100,20,115.064924619,116.00357438,0.938649760643,115.5342495,10000,0.01,0.0106536009695,115.52908599,115.525511293,0.271386796242,115.064932377,116.003526599,115.905502942,115.993073651
pareto,qcut,1000000,100,21,116.00357438,117.000752825,0.997178445482,116.502163603,10000,0.01,0.0100282953821,116.494694949,116.488005851,0.287056320152,116.003586325,117.000538911,116.897319411,116.988451812
pareto,qcut,1000000,100,22,117.000752825,118.005448519,1.00469569366,117.503100672,10000,0.01,0.00995326252825,117.501224822,117.498823427,0.290108916824,117.000809689,118.005329068,117.904653647,117.995075845
pareto,qcut,1000000,100,23,118.005448519,119.035921482,1.03047296288,118.520685001,10000,0.01,0.00970428178145,118.518397566,118.51521369,0.298387601051,118.00548221,119.03578134,118.936135609,119.026864152
pareto,qcut,1000000,100,24,119.035921482,120.084894962,1.0489734805,119.560408222,10000,0.01,0.00953312946983,119.55801254,119.558836501,0.302661728431,119.035963343,120.084830693,119.979554216,120.072481168
pareto,qcut,1000000,100,25,120.084894962,121.168311509,1.08341654667,120.626603236,10000,0.01,0.0092300602485,120.621843743,120.622782267,0.312702287193,120.084915258,121.168273417,121.056473512,121.155767684
pareto,qcut,1000000,100,26,121.168311509,122.26376121,1.09544970108,121.71603636,10000,0.01,0.00912867107466,121.715289485,121.713707994,0.315532994111,121.168324206,122.263708848,122.149952681,122.252216538
pareto,qcut,1000000,100,27,122.26376121,123.369061186,1.10529997596,122.816411198,10000,0.01,0.00904731766717,122.81359409,122.807272596,0.319481196641,122.263779608,123.368981411,123.25883378,123.359391234
pareto,qcut,1000000,100,28,123.369061186,124.527448886,1.15838769963,123.948255036,10000,0.01,0.00863268835052,123.945132417,123.941980574,0.336207325633,123.369090692,124.527257485,124.41709811,124.51701589
pareto,qcut,1000000,100,29,124.527448886,125.695896555,1.16844766892,125.11167272,10000,0.01,0.00855836360155,125.105683583,125.102995478,0.338040569801,124.527523319,125.695844515,125.57409078,125.682859675
pareto,qcut,1000000,100,30,125.695896555,126.870512727,1.17461617194,126.283204641,10000,0.01,0.00851341930994,126.280749405,126.277675876,0.337089465654,125.69591781,126.870507291,126.747582604,126.858829851
pareto,qcut,1000000,100,31,126.870512727,128.092412804,1.22190007755,127.481462765,10000,0.01,0.00818397525601,127.484311319,127.484459641,0.353528392822,126.870515056,128.092304888,127.975237272,128.080715487
pareto,qcut,1000000,100,32,128.092412804,129.34510485,1.25269204551,128.718758827,10000,0.01,0.00798280793418,128.712055336,128.708987272,0.362144820748,128.092461288,129.344940059,129.215853191,129.330136387
pareto,qcut,1000000,100,33,129.34510485,130.614041441,1.26893659151,129.979573145,10000,0.01,0.00788061441913,129.970643492,129.967781989,0.364381140603,129.345182398,130.61402837,130.478230932,130.599960007
pareto,qcut,1000000,100,34,130.614041441,131.938519661,1.32447822023,131.276280551,10000,0.01,0.00755014302783,131.280327757,131.279167698,0.380599701823,130.614047879,131.93851112,131.807402358,131.926927729
pareto,qcut,1000000,100,35,131.938519661,133.284606721,1.34608705922,132.611563191,10000,0.01,0.00742894000167,132.609668337,132.604241462,0.388016034685,131.938524062,133.284585158,133.149830855,133.271896045
pareto,qcut,1000000,100,36,133.284606721,134.658905164,1.37429844321,133.971755942,10000,0.01,0.00727643988059,133.966127349,133.955221129,0.397979584852,133.284618331,134.65887548,134.516428727,134.646163844
pareto,qcut,1000000,100,37,134.658905164,136.092516468,1.43361130459,135.375710816,10000,0.01,0.00697539142443,135.368137857,135.363242797,0.412109649367,134.658921861,136.092415505,135.938293172,136.076418746
pareto,qcut,1000000,100,38,136.092516468,137.546071005,1.45355453696,136.819293737,10000,0.01,0.00687968682681,136.806218312,136.797134242,0.417366129936,136.092575765,137.545929835,137.39003658,137.53282993
pareto,qcut,1000000,100,39,137.546071005,139.046298542,1.50022753614,138.296184774,10000,0.01,0.00666565554829,138.293344556,138.29426972,0.433724051042,137.54615753,139.046268163,138.890848983,139.030646269
pareto,qcut,1000000,100,40,139.046298542,140.603082925,1.55678438352,139.824690733,10000,0.01,0.00642349711742,139.827333966,139.820002487,0.452473754519,139.046317964,140.60308097,140.453825365,140.585664728
pareto,qcut,1000000,100,41,140.603082925,142.173496804,1.57041387925,141.388289865,10000,0.01,0.00636774810267,141.389172823,141.387861548,0.453415327948,140.603084228,142.173431006,142.014108717,142.156725832
pareto,qcut,1000000,100,42,142.173496804,143.794000395,1.620503591,142.9837486,10000,0.01,0.006170921222,142.98380133,142.982235705,0.468099779181,142.173542528,143.793914204,143.632752209,143.780436362
pareto,qcut,1000000,100,43,143.794000395,145.476207512,1.68220711693,144.635103954,10000,0.01,0.00594457121203,144.628427842,144.621986891,0.488540840079,143.79406281,145.476137611,145.30678141,145.461194144
pareto,qcut,1000000,100,44,145.476207512,147.191630676,1.71542316412,146.333919094,10000,0.01,0.00582946541073,146.329836017,146.332867361,0.495755508211,145.476260245,147.191624692,147.01378235,147.175338497
pareto,qcut,1000000,100,45,147.191630676,148.981787426,1.79015674974,148.086709051,10000,0.01,0.00558610300549,148.076717909,148.074723761,0.516910245348,147.191635378,148.981770784,148.796653764,148.962178894
pareto,qcut,1000000,100,46,148.981787426,150.816957482,1.83517005604,149.899372454,10000,0.01,0.00544908629426,149.895016406,149.888015087,0.531998779258,148.981801043,150.816938906,150.630907265,150.797267378
pareto,qcut,1000000,100,47,150.816957482,152.680607366,1.86364988399,151.748782424,10000,0.01,0.0053658147305,151.750219946,151.742724351,0.536079240082,150.816973306,152.680571777,152.490075765,152.660769057
pareto,qcut,1000000,100,48,152.680607366,154.654715857,1.97410849046,153.667661611,10000,0.01,0.00506557772703,153.665539048,153.663779795,0.571609416261,152.680638927,154.654636557,154.45325853,154.634790635
pareto,qcut,1000000,100,49,154.654715857,156.653565948,1.99885009117,155.654140902,10000,0.01,0.00500287642589,155.650768835,155.650056511,0.57638201669,154.654789057,156.65345306,156.452996834,156.634996838
pareto,qcut,1000000,100,50,156.653565948,158.712264832,2.05869888404,157.68291539,10000,0.01,0.00485743693627,157.675366307,157.66174906,0.591557463424,156.653674408,158.712255782,158.500055071,158.691113639
pareto,qcut,1000000,100,51,158.712264832,160.867598865,2.15533403287,159.789931848,10000,0.01,0.00463965206668,159.778955948,159.781524755,0.625313933605,158.712273882,160.867578894,160.642012597,160.841024576
pareto,qcut,1000000,100,52,160.867598865,163.100442323,2.23284345855,161.984020594,10000,0.01,0.00447859430615,161.974827137,161.967229321,0.643882694864,160.86761965,163.100391272,162.87674101,163.076704405
pareto,qcut,1000000,100,53,163.100442323,165.416848892,2.31640656909,164.258645608,10000,0.01,0.0043170314458,164.254960062,164.257188737,0.666632013194,163.100497629,165.41681703,165.186397259,165.388900168
pareto,qcut,1000000,100,54,165.416848892,167.817866694,2.4010178021,166.617357793,10000,0.01,0.00416490039818,166.611370275,166.608938398,0.695916606196,165.416884822,167.817715584,167.583718131,167.790753655
pareto,qcut,1000000,100,55,167.817866694,170.281378639,2.46351194434,169.049622667,10000,0.01,0.00405924559163,169.046797307,169.041512867,0.71117361614,167.818044085,170.281344121,170.035704303,170.255889789
pareto,qcut,1000000,100,56,170.281378639,172.867999687,2.58662104788,171.574689163,10000,0.01,0.00386604756356,171.559002906,171.546334161,0.742997789876,170.281420827,172.867974173,172.601774192,172.842959907
pareto,qcut,1000000,100,57,172.867999687,175.55529255,2.68729286283,174.211646118,10000,0.01,0.00372121704274,174.19881696,174.198873662,0.778886894964,172.868032159,175.555046198,175.275623372,175.529407644
pareto,qcut,1000000,100,58,175.55529255,178.352140404,2.79684785413,176.953716477,10000,0.01,0.003575453697,176.944783329,176.932158181,0.813119795364,175.555619108,178.352112736,178.078762057,178.329937695
pareto,qcut,1000000,100,59,178.352140404,181.259581471,2.90744106774,179.805860938,10000,0.01,0.00343945062583,179.782802178,179.76782476,0.841437631919,178.352178612,181.259475722,180.96303452,181.231281365
pareto,qcut,1000000,100,60,181.259581471,184.315381286,3.05579981417,182.787481378,10000,0.01,0.00327246567449,182.767342628,182.755079813,0.88304696418,181.259733648,184.315336706,184.006329053,184.290117696
pareto,qcut,1000000,100,61,184.315381286,187.460419445,3.14503815937,185.887900365,10000,0.01,0.00317961165915,185.883762696,185.877717395,0.905060230904,184.315448155,187.460192615,187.134838412,187.427890645
pareto,qcut,1000000,100,62,187.460419445,190.736680885,3.27626144036,189.098550165,10000,0.01,0.0030522594677,189.079600832,189.053553431,0.943819086763,187.460774229,190.73660523,190.395803356,190.701262101
pareto,qcut,1000000,100,63,190.736680885,194.134124664,3.3974437783,192.435402774,10000,0.01,0.00294338939878,192.431734089,192.428035422,0.974016012391,190.736804323,194.13409933,193.79244627,194.101637277
pareto,qcut,1000000,100,64,194.134124664,197.659154818,3.52503015421,195.896639741,10000,0.01,0.00283685516507,195.885095625,195.892744659,1.01454919265,194.1341678,197.659059275,197.298579697,197.620131202
pareto,qcut,1000000,100,65,197.659154818,201.425234279,3.76607946117,199.542194548,10000,0.01,0.0026552812024,199.525490338,199.514023752,1.08697865806,197.659324672,201.425160767,201.045378864,201.385529218
pareto,qcut,1000000,100,66,201.425234279,205.365695379,3.94046109965,203.395464829,10000,0.01,0.00253777406935,203.371965184,203.360791962,1.13577950392,201.425370801,205.365542716,204.956600717,205.325441406
pareto,qcut,1000000,100,67,205.365695379,209.477612287,4.11191690817,207.421653833,10000,0.01,0.0024319557577,207.417567321,207.415079276,1.18250836573,205.365991723,209.477603957,209.061585134,209.43194433
pareto,qcut,1000000,100,68,209.477612287,213.899023203,4.42141091637,211.688317745,10000,0.01,0.00226172147062,211.674221899,211.653078285,1.27970338726,209.477629199,213.898990371,213.446090312,213.8546567
pareto,qcut,1000000,100,69,213.899023203,218.535984757,4.63696155402,216.21750398,10000,0.01,0.00215658462627,216.172156151,216.163758715,1.33317060091,213.899092971,218.535596951,218.024895051,218.483967426
pareto,qcut,1000000,100,70,218.535984757,223.359867973,4.82388321629,220.947926365,10000,0.01,0.00207301867637,220.950621979,220.96760581,1.38890648983,218.536847938,223.359729539,222.862709302,223.311976061
pareto,qcut,1000000,100,71,223.359867973,228.48797753,5.1281095569,225.923922752,10000,0.01,0.00195003634167,225.901193613,225.899066798,1.47768907354,223.360190988,228.487937319,227.958540882,228.44517823
pareto,qcut,1000000,100,72,228.48797753,233.849834447,5.36185691644,231.168905989,10000,0.01,0.00186502552303,231.170455371,231.158006215,1.54417180095,228.488075978,233.849805585,233.313860093,233.7931623
pareto,qcut,1000000,100,73,233.849834447,239.566233811,5.71639936465,236.708034129,10000,0.01,0.00174935293392,236.694755955,236.693626823,1.65367941196,233.849908664,239.56619097,238.974545483,239.509906595
pareto,qcut,1000000,100,74,239.566233811,245.657425315,6.09119150377,242.611829563,10000,0.01,0.00164171492454,242.568533811,242.560932009,1.76700993752,239.566349643,245.65709757,245.043374706,245.592694569
pareto,qcut,1000000,100,75,245.657425315,252.283367895,6.62594257966,248.970396605,10000,0.01,0.00150921923632,248.944865102,248.957816285,1.93057874089,245.658358128,252.283004122,251.644171859,252.216136013
pareto,qcut,1000000,100,76,252.283367895,259.163585904,6.88021800866,255.723476899,10000,0.01,0.00145344231642,255.694618463,255.682713722,1.980092356,252.284459213,259.163230036,258.455093933,259.088292547
pareto,qcut,1000000,100,77,259.163585904,266.776124367,7.61253846373,262.969855135,10000,0.01,0.00131362226249,262.949210319,262.947150159,2.20281322957,259.164712818,266.776090596,266.005279513,266.698977019
pareto,qcut,1000000,100,78,266.776124367,274.856566019,8.08044165145,270.816345193,10000,0.01,0.00123755611777,270.789401181,270.77516207,2.33913530808,266.776237426,274.856407274,274.029533391,274.775913415
pareto,qcut,1000000,100,79,274.856566019,283.45141201,8.59484599082,279.153989014,10000,0.01,0.00116348797997,279.082861044,279.030127736,2.48797916563,274.85712884,283.451178045,282.561414998,283.36368212
pareto,qcut,1000000,100,80,283.45141201,292.894791767,9.44337975778,288.173101888,10000,0.01,0.00105894290566,288.105755467,288.09248802,2.73000801945,283.452292162,292.894648518,291.899819088,292.782966693
pareto,qcut,1000000,100,81,292.894791767,303.13984553,10.2450537625,298.017318649,10000,0.01,0.000976080773399,297.893806581,297.826623831,2.94794701683,292.895364764,303.139379731,302.078597931,303.024644928
pareto,qcut,1000000,100,82,303.13984553,314.193422032,11.0535765025,308.666633781,10000,0.01,0.000904684560488,308.644565859,308.67868435,3.19789038776,303.141831303,314.193281351,313.06201537,314.093692772
pareto,qcut,1000000,100,83,314.193422032,326.275477135,12.0820551029,320.234449584,10000,0.01,0.000827673762027,320.110720641,320.035834435,3.46896774781,314.194062913,326.275388387,324.979294685,326.150691335
pareto,qcut,1000000,100,84,326.275477135,339.747481876,13.4720047406,333.011479506,10000,0.01,0.000742280023836,332.904488569,332.825892197,3.87193261141,326.275910433,339.746931553,338.310403087,339.622353072
pareto,qcut,1000000,100,85,339.747481876,354.751639881,15.0041580054,347.249560879,10000,0.01,0.000666481917639,347.035199775,346.925138466,4.35984256908,339.75037107,354.751611423,353.163617566,354.582417917
pareto,qcut,1000000,100,86,354.751639881,371.466541064,16.7149011829,363.109090473,10000,0.01,0.000598268568301,362.921328544,362.761341633,4.82361024227,354.751801145,371.46615428,369.713656726,371.278125904
pareto,qcut,1000000,100,87,371.466541064,390.447693876,18.981152812,380.95711747,10000,0.01,0.000526838390641,380.803505352,380.680880495,5.44530382599,371.468917024,390.447375886,388.438912938,390.235337977
pareto,qcut,1000000,100,88,390.447693876,411.835012955,21.3873190788,401.141353416,10000,0.01,0.000467566783997,400.962153727,400.828372131,6.20278656904,390.449821965,411.834484254,409.558982231,411.575005388
pareto,qcut,1000000,100,89,411.835012955,436.761519804,24.926506849,424.29826638,10000,0.01,0.000401179357404,423.89235983,423.576915261,7.22668349685,411.838890097,436.761314156,434.107203076,436.495883649
pareto,qcut,1000000,100,90,436.761519804,465.251697751,28.4901779465,451.006608777,10000,0.01,0.000350998158691,450.622840315,450.4968182,8.26150052224,436.76318368,465.251692325,462.294903154,464.956359801
pareto,qcut,1000000,100,91,465.251697751,499.568038586,34.3163408353,482.409868168,10000,0.01,0.000291406360835,481.936726465,481.627739154,9.88215005624,465.251746583,499.567342343,495.805408633,499.188678593
pareto,qcut,1000000,100,92,499.568038586,540.369746504,40.8017079183,519.968892545,10000,0.01,0.000245087779659,519.423495011,519.290548472,11.7452558568,499.575078376,540.369246712,535.976542135,539.931652153
pareto,qcut,1000000,100,93,540.369746504,589.940344257,49.5705977528,565.155045381,10000,0.01,0.000201732487671,564.352321989,563.90457992,14.2175742175,540.375494112,589.939775787,584.301310155,589.280289334
pareto,qcut,1000000,100,94,589.940344257,653.76341219,63.8230679327,621.851878223,10000,0.01,0.000156683160555,620.484456599,619.972343662,18.3546668441,589.947896788,653.763066933,646.547364244,653.020595599
pareto,qcut,1000000,100,95,653.76341219,737.879882635,84.1164704452,695.821647412,10000,0.01,0.00011888278178,693.464772518,692.362904428,24.1735988586,653.76882121,737.879714684,727.618137866,736.764143606
pareto,qcut,1000000,100,96,737.879882635,856.616886265,118.73700363,797.24838445,10000,0.01,8.42197435869e-05,793.008152678,791.115871993,34.2831418052,737.883073706,856.616352166,842.922709872,855.030486771
pareto,qcut,1000000,100,97,856.616886265,1040.98443446,184.367548199,948.800660364,10000,0.01,5.42394803083e-05,940.948411296,936.223240331,53.2114532975,856.629704631,1040.98373345,1017.86959428,1038.66095348
pareto,qcut,1000000,100,98,1040.98443446,1363.0984963,322.11406184,1202.04146538,10000,0.01,3.10449036062e-05,1183.15118484,1174.88245454,92.7516485585,1041.00710069,1363.09759763,1319.57444821,1358.77257849
pareto,qcut,1000000,100,99,1363.0984963,2157.92842972,794.829933421,1760.51346301,10000,0.01,1.25813077484e-05,1681.46075797,1644.05329518,222.935976345,1363.14253145,2157.92804024,2020.99400993,2143.79589032
pareto,qcut,1000000,100,100,2157.92842972,2208844.55948,2206686.63105,1105501.24396,10000,0.01,4.53168105488e-09,6512.80816005,3386.91321199,28550.6647069,2157.96698891,2208844.55948,10272.3225193,51803.1971441
pareto,log_binning,1000000,100,1,100.0000093,110.520207476,10.5201981764,105.260108388,138999,0.138999,0.0132125838002,105.049957733,104.948600258,3.03218670874,100.0000093,110.520148629,109.340070165,110.405096802
pareto,log_binning,1000000,100,2,110.520207476,122.147151246,11.6269437702,116.333679361,119977,0.119977,0.0103188767721,116.05837456,115.904605778,3.35710537061,110.520284387,122.147029565,120.836365945,122.018198875
pareto,log_binning,1000000,100,3,122.147151246,134.997272429,12.8501211829,128.572211838,103434,0.103434,0.00804926261222,128.311311195,128.174716267,3.70377726615,122.147542784,134.997258667,133.558754523,134.847494513
pareto,log_binning,1000000,100,4,134.997272429,149.199251701,14.2019792715,142.098262065,88764,0.088764,0.00625011474126,141.804439959,141.666657203,4.08898634986,134.997292419,149.199249566,147.600073882,149.032876931
pareto,log_binning,1000000,100,5,149.199251701,164.895307198,15.6960554969,157.047279449,76607,0.076607,0.00488065297775,156.708226044,156.545302421,4.52145379953,149.199331103,164.894985745,163.128628125,164.717835945
pareto,log_binning,1000000,100,6,164.895307198,182.242618685,17.3473114875,173.568962941,65487,0.065487,0.00377505183135,173.192414371,172.994739784,4.9962624416,164.895480257,182.242532125,180.276088675,182.032814903
pareto,log_binning,1000000,100,7,182.242618685,201.41490155,19.1722828646,191.828760117,56700,0.0567,0.00295739429679,191.452337678,191.301937923,5.51339353832,182.242731492,201.414803892,199.23796877,201.197442773
pareto,log_binning,1000000,100,8,201.41490155,222.604146379,21.1892448293,212.009523964,48498,0.048498,0.00228880266337,211.560397468,211.316842639,6.12622361927,201.41530019,222.60368712,220.298086852,222.362137096
pareto,log_binning,1000000,100,9,222.604146379,246.022541549,23.4183951701,234.313343964,42121,0.042121,0.00179862879988,233.843250352,233.591285797,6.74202854487,222.605244232,246.021745372,243.401764193,245.762851781
pareto,log_binning,1000000,100,10,246.022541549,271.904598072,25.8820565226,258.96356981,35785,0.035785,0.00138261810721,258.422265729,258.099053816,7.436966666,246.022659462,271.903585479,268.981975114,271.590164819
pareto,log_binning,1000000,100,11,271.904598072,300.509497979,28.6048999077,286.207048026,31254,0.031254,0.0010926100109,285.59756583,285.274481084,8.27124305297,271.907942414,300.506587952,297.319586052,300.159414781
pareto,log_binning,1000000,100,12,300.509497979,332.123689766,31.6141917863,316.316593873,26863,0.026863,0.00084971332437,315.750127263,315.448491567,9.0592594814,300.510684998,332.123097672,328.63279899,331.776832981
pareto,log_binning,1000000,100,13,332.123689766,367.06375687,34.9400671048,349.593723318,23020,0.02302,0.000658842466758,348.865303424,348.475149815,10.084858049,332.126635985,367.061650957,363.114361099,366.636280408
pareto,log_binning,1000000,100,14,367.06375687,405.679587936,38.6158310653,386.371672403,19672,0.019672,0.000509428373216,385.590210955,385.199223098,11.0962884053,367.064797699,405.67857283,401.266991584,405.247372101
pareto,log_binning,1000000,100,15,405.679587936,448.357880579,42.678292643,427.018734257,17105,0.017105,0.000400789228919,426.043573948,425.402392117,12.3839602515,405.681272477,448.357627698,443.533826772,447.84575071
pareto,log_binning,1000000,100,16,448.357880579,495.526013769,47.1681331898,471.941947174,14630,0.01463,0.000310167034619,470.945632919,470.296764588,13.5935189664,448.357937529,495.521905942,490.287099959,494.996851988
pareto,log_binning,1000000,100,17,495.526013769,547.656327585,52.130313816,521.591170677,12646,0.012646,0.000242584382757,520.575760594,520.15487428,14.9619388981,495.542765616,547.649984505,541.672010298,547.047419757
pareto,log_binning,1000000,100,18,547.656327585,605.270853214,57.6145256295,576.463590399,11085,0.011085,0.000192399397181,575.155401438,574.522752323,16.5586540531,547.662895982,605.270356541,598.639738361,604.5889957
pareto,log_binning,1000000,100,19,605.270853214,668.946540555,63.6756873404,637.108696884,9388,0.009388,0.000147434607966,635.772747556,635.066433696,18.2956552846,605.291579899,668.936091344,661.620053447,668.127928003
pareto,log_binning,1000000,100,20,668.946540555,739.32103577,70.3744952158,704.133788162,8118,0.008118,0.000115354290999,702.406408077,701.395364601,20.3054201146,668.952734275,739.313975029,731.302296907,738.544176408
pareto,log_binning,1000000,100,21,739.32103577,817.09906666,77.7780308896,778.210051215,7001,0.007001,9.00125642154e-05,776.379421394,775.408291504,22.4279079182,739.323725827,817.093210067,808.132669826,816.170214527
pareto,log_binning,1000000,100,22,817.09906666,903.059499776,85.960433116,860.079283218,5915,0.005915,6.88107282105e-05,859.017835923,858.073107837,24.75437685,817.104594037,903.031445789,894.024939764,902.040761079
pareto,log_binning,1000000,100,23,903.059499776,998.063139968,95.0036401921,950.561319872,4992,0.004992,5.25453549981e-05,948.345355284,946.740259442,27.6214418342,903.073223588,998.037200588,987.886718829,997.060886308
pareto,log_binning,1000000,100,24,998.063139968,1103.06135045,104.998210486,1050.56224521,4514,0.004514,4.29912088894e-05,1048.69471103,1048.29958224,30.1450922875,998.073054881,1103.05909348,1091.11473271,1101.78113066
pareto,log_binning,1000000,100,25,1103.06135045,1219.10557974,116.044229283,1161.0834651,3783,0.003783,3.25996391494e-05,1158.63677813,1156.54132454,33.5784161073,1103.09187493,1219.04537804,1206.35972159,1217.6325366
pareto,log_binning,1000000,100,26,1219.10557974,1347.35789078,128.252311041,1283.23173526,3279,0.003279,2.55667907533e-05,1280.41453848,1279.23079301,37.0942522594,1219.11210801,1347.25627208,1332.51064902,1345.53193208
pareto,log_binning,1000000,100,27,1347.35789078,1489.10259785,141.744707073,1418.23024431,2917,0.002917,2.05792516718e-05,1415.60359553,1414.25919028,41.140275906,1347.36575947,1489.09618063,1473.71354368,1487.91842755
pareto,log_binning,1000000,100,28,1489.10259785,1645.75912763,156.656529775,1567.43086274,2471,0.002471,1.57733610182e-05,1564.5044223,1563.83715845,44.9198414751,1489.12308146,1645.72769281,1627.83272636,1644.04105119
pareto,log_binning,1000000,100,29,1645.75912763,1818.89623326,173.137105631,1732.32768044,2071,0.002071,1.19616184668e-05,1728.4418792,1726.6533136,50.1568966192,1645.79795737,1818.76515017,1800.03938746,1816.90354003
pareto,log_binning,1000000,100,30,1818.89623326,2010.24770382,191.351470566,1914.57196854,1805,0.001805,9.43290372767e-06,1908.74435699,1906.62776456,55.7168052839,1818.94468083,2010.01953253,1988.72565836,2008.18466586
pareto,log_binning,1000000,100,31,2010.24770382,2221.72972643,211.482022611,2115.98871513,1552,0.001552,7.33868525011e-06,2112.14579989,2108.40610595,61.8101190637,2010.38251535,2221.64494685,2197.99386002,2218.18694223
pareto,log_binning,1000000,100,32,2221.72972643,2455.46007486,233.730348428,2338.59490065,1343,0.001343,5.74593761157e-06,2331.27060165,2328.71326715,68.0432643014,2222.18483083,2455.42136047,2428.02004665,2451.83936491
pareto,log_binning,1000000,100,33,2455.46007486,2713.77931686,258.319241995,2584.61969586,1154,0.001154,4.46734045474e-06,2579.63467274,2573.7275177,74.6843531495,2455.60412576,2713.38887083,2685.81006938,2711.43417295
pareto,log_binning,1000000,100,34,2713.77931686,2999.27425251,285.494935653,2856.52678468,1018,0.001018,3.56573750659e-06,2851.00494123,2844.75788241,83.7421067917,2714.049407,2999.06458329,2971.96837207,2996.87671985
pareto,log_binning,1000000,100,35,2999.27425251,3314.80381838,315.529565874,3157.03903545,875,0.000875,2.77311572238e-06,3155.167651,3152.94004983,93.769640279,2999.46068606,3313.5991237,3286.75869399,3311.10558029
pareto,log_binning,1000000,100,36,3314.80381838,3663.52771681,348.723898422,3489.1657676,707,0.000707,2.02739187993e-06,3483.47288265,3485.75147845,98.8091380211,3315.49009623,3663.1249289,3624.942359,3659.45306769
pareto,log_binning,1000000,100,37,3663.52771681,4048.93805702,385.410340213,3856.23288691,628,0.000628,1.62943215185e-06,3854.10713066,3854.51098892,110.20445808,3663.74471205,4045.33008332,4013.81501042,4042.25275309
pareto,log_binning,1000000,100,38,4048.93805702,4474.89432504,425.956268025,4261.91619103,535,0.000535,1.25599748181e-06,4253.41434577,4251.23773522,119.415736802,4050.76238258,4473.66006083,4419.35753151,4463.1655111
pareto,log_binning,1000000,100,39,4474.89432504,4945.66203244,470.767707399,4710.27817874,422,0.000422,8.96408129461e-07,4711.54603711,4705.6325708,134.615963518,4475.28692294,4945.37318641,4901.59590754,4941.17163577
pareto,log_binning,1000000,100,40,4945.66203244,5465.955431,520.293398562,5205.80873172,402,0.000402,7.72640977401e-07,5196.86537823,5191.47114889,147.219373002,4946.86357121,5465.03842127,5407.06976997,5457.89943867
pareto,log_binning,1000000,100,41,5465.955431,6040.9847211,575.029290099,5753.47007605,330,0.00033,5.73883810238e-07,5746.27855554,5751.29267574,163.591951059,5467.45913587,6040.8410102,5971.8518026,6030.29503083
pareto,log_binning,1000000,100,42,6040.9847211,6676.50822647,635.523505363,6358.74647378,301,0.000301,4.73625282873e-07,6352.63755079,6350.94394419,184.874419021,6044.02747746,6674.04765387,6605.27821756,6665.05052634
pareto,log_binning,1000000,100,43,6676.50822647,7378.89005783,702.381831368,7027.69914215,242,0.000242,3.44541941708e-07,7021.54103941,7027.08747794,199.448269575,6682.57718163,7378.07494977,7302.54578453,7368.56243563
pareto,log_binning,1000000,100,44,7378.89005783,8155.16384294,776.273785111,7767.02695039,219,0.000219,2.82116959506e-07,7757.83510261,7753.96153342,222.218771837,7379.50319697,8153.851505,8058.85200702,8137.63777029
pareto,log_binning,1000000,100,45,8155.16384294,9013.10316105,857.939318101,8584.133502,176,0.000176,2.05142713811e-07,8574.08094506,8572.97111336,251.927490649,8155.27963348,9004.85560582,8915.61124774,8990.20222615
pareto,log_binning,1000000,100,46,9013.10316105,9961.29938725,948.196226205,9487.20127415,159,0.000159,1.6768680955e-07,9479.36523922,9452.37840923,291.395595212,9014.91009542,9960.76765245,9904.32674644,9956.73657695
pareto,log_binning,1000000,100,47,9961.29938725,11009.2477263,1047.94833903,10485.2735568,125,0.000125,1.19280689081e-07,10484.0654023,10464.1634799,311.310511979,9964.97883252,11008.3371161,10917.1270833,11006.0804468
pareto,log_binning,1000000,100,48,11009.2477263,12167.4422971,1158.19457083,11588.3450117,124,0.000124,1.07063185343e-07,11572.2133459,11567.6784987,337.445561419,11012.0652933,12158.7830162,12025.7809325,12152.3654114
pareto,log_binning,1000000,100,49,12167.4422971,13447.4812207,1280.03892361,12807.4617589,106,0.000106,8.28099818253e-08,12740.6134924,12725.7090171,369.582748743,12171.1324777,13436.8226552,13291.7653147,13413.5834169
pareto,log_binning,1000000,100,50,13447.4812207,14862.1827633,1414.70154259,14154.831992,84,8.4e-05,5.93764815201e-08,14142.8077571,14054.2904335,435.670777594,13468.7622019,14853.5504592,14733.2565047,14842.7694654
pareto,log_binning,1000000,100,51,14862.1827633,16425.7136979,1563.53093463,15643.9482306,73,7.3e-05,4.66891945551e-08,15561.1563328,15511.1482573,469.541998927,14864.6644999,16385.2191876,16220.6920146,16339.2912015
pareto,log_binning,1000000,100,52,16425.7136979,18153.7311701,1728.01747221,17289.722434,69,6.9e-05,3.99301518125e-08,17253.8736194,17170.4215844,509.626969041,16430.7533679,18140.5380109,17962.6555964,18098.3367332
pareto,log_binning,1000000,100,53,18153.7311701,20063.539488,1909.8083179,19108.6353291,46,4.6e-05,2.40861868538e-08,19120.3297478,19127.7612502,476.448552328,18190.5697065,20006.9294146,19669.1068925,19966.8299096
pareto,log_binning,1000000,100,54,20063.539488,22174.2634071,2110.72391905,21118.9014476,57,5.7e-05,2.70049528911e-08,21089.2100997,21103.2037769,525.114725355,20113.9163254,22116.0071205,21871.844327,22064.5043883
pareto,log_binning,1000000,100,55,22174.2634071,24507.0396447,2332.77623764,23340.6515259,58,5.8e-05,2.4863079049e-08,23349.8418436,23278.901307,627.324195066,22218.9861963,24459.2639199,24250.9880974,24438.3419446
pareto,log_binning,1000000,100,56,24507.0396447,27085.2285428,2578.18889803,25796.1340937,35,3.5e-05,1.35754211132e-08,25654.3457435,25682.4324593,810.436695543,24585.6017823,27025.6432942,26615.0627249,26942.3771718
pareto,log_binning,1000000,100,57,27085.2285428,29934.647997,2849.41945424,28509.9382699,37,3.7e-05,1.29851012089e-08,28529.8061272,28714.4533286,784.203422244,27305.366941,29829.1475649,29445.1845183,29824.3546464
pareto,log_binning,1000000,100,58,29934.647997,33083.8319968,3149.18399982,31509.2399969,22,2.2e-05,6.98593667478e-09,31277.0929649,31221.2052426,930.076439813,30011.6068585,33072.9678102,32688.4169425,33036.754395
pareto,log_binning,1000000,100,59,33083.8319968,36564.3163636,3480.48436673,34824.0741802,31,3.1e-05,8.90680627567e-09,34781.8400553,34741.5841527,879.004961277,33193.9380466,36056.3136051,35911.5497299,36042.7471455
pareto,log_binning,1000000,100,60,36564.3163636,40410.9545491,3846.63818556,38487.6354563,14,1.4e-05,3.6395416789e-09,38563.1671844,38802.7893033,1215.76919593,36724.4007587,40402.1525924,39851.2785904,40347.8402961
pareto,log_binning,1000000,100,61,40410.9545491,44662.2666573,4251.31210818,42536.6106032,31,3.1e-05,7.2918664194e-09,42498.7452324,42101.8336679,1375.36029463,40419.1384985,44660.0620714,44024.118796,44638.5415397
pareto,log_binning,1000000,100,62,44662.2666573,49360.8251828,4698.55852546,47011.54592,19,1.9e-05,4.04379340962e-09,47640.9749018,48027.3055527,1491.34401825,44884.1630631,49331.3688016,49284.4342314,49326.9304554
pareto,log_binning,1000000,100,63,49360.8251828,54553.6813306,5192.85614781,51957.2532567,14,1.4e-05,2.69601152073e-09,52116.0068487,52541.2649671,1625.17001714,49418.69898,54295.7042483,54043.2017974,54295.285431
pareto,log_binning,1000000,100,64,54553.6813306,60292.8361853,5739.15485477,57423.258758,17,1.7e-05,2.96210860836e-09,57619.2758335,57972.0736715,1712.5019285,54675.3569333,60237.916163,59404.4167704,60191.2694019
pareto,log_binning,1000000,100,65,60292.8361853,66635.7614483,6342.92526299,63464.2988168,11,1.1e-05,1.73421560935e-09,64085.628301,64251.451806,2085.05027314,60874.4094896,66611.933049,66532.6119459,66604.0009387
pareto,log_binning,1000000,100,66,66635.7614483,73645.9749571,7010.21350878,70140.8682027,14,1.4e-05,1.99708610622e-09,68805.6006132,68319.9639381,1771.82109632,66784.7958716,73546.5580282,70335.1764478,73151.6120637
pareto,log_binning,1000000,100,67,73645.9749571,81393.676751,7747.70179391,77519.8258541,10,1e-05,1.29070532992e-09,78100.4589374,78614.5254574,1778.98735619,74944.481876,79845.5559441,79773.978869,79838.3982366
pareto,log_binning,1000000,100,68,81393.676751,89956.4520519,8562.77530094,85675.0644015,6,6e-06,7.00707397909e-10,84674.1234611,84113.9673579,2039.89033341,82627.6253474,87351.2460046,87178.0763586,87333.92904
pareto,log_binning,1000000,100,69,89956.4520519,99420.0482002,9463.59614823,94688.2501261,4,4e-06,4.22672305258e-10,95148.5214203,95912.7410884,2852.45406108,91150.6561649,97617.9473394,97334.9008165,97589.6426871
pareto,log_binning,1000000,100,70,99420.0482002,109879.233325,10459.185125,104649.640763,2,2e-06,1.91219485657e-10,102813.904257,102813.904257,1419.40680576,101810.23208,103817.576435,103616.841999,103797.502991
pareto,log_binning,1000000,100,71,109879.233325,121438.745351,11559.5120255,115658.989338,4,4e-06,3.46035368204e-10,116824.087865,115812.252771,2697.64771877,114861.943653,120809.902264,119356.87107,120664.599145
pareto,log_binning,1000000,100,72,121438.745351,134214.340836,12775.5954857,127826.543094,2,2e-06,1.56548475743e-10,125656.665646,125656.665646,4217.71284604,122674.292291,128639.039,128042.564329,128579.391533
pareto,log_binning,1000000,100,73,134214.340836,148333.95416,14119.613324,141274.147498,5,5e-06,3.54117346223e-10,139674.041331,137338.09047,3969.18956019,137158.98408,146368.077787,143936.816582,146124.951666
pareto,log_binning,1000000,100,74,148333.95416,163938.97865,15605.0244893,156136.466405,2,2e-06,1.28163848853e-10,154445.615554,154445.615554,4250.79457747,151439.849883,157451.381225,156850.228091,157391.265912
pareto,log_binning,1000000,100,75,163938.97865,181185.682488,17246.7038384,172562.330569,3,3e-06,1.73946281452e-10,172315.997112,171458.35148,4238.8105916,168571.589979,176918.049877,175826.110198,176808.855909
pareto,log_binning,1000000,100,76,181185.682488,200246.773581,19061.0910924,190716.228034,3,3e-06,1.57388681763e-10,187557.663814,183278.111139,7563.71013872,183103.974996,196290.905305,193688.346472,196030.649422
pareto,log_binning,1000000,100,77,200246.773581,221313.129044,21066.3554634,210779.951312,3,3e-06,1.42407166974e-10,206003.394974,206800.372343,2876.05947785,202812.892961,208396.919618,208077.610163,208364.988672
pareto,log_binning,1000000,100,78,221313.129044,244595.706645,23282.5776006,232954.417844,,0,0,,,,,,,
pareto,log_binning,1000000,100,79,244595.706645,270327.657322,25731.950677,257461.681983,,0,0,,,,,,,
pareto,log_binning,1000000,100,80,270327.657322,298766.659953,28439.0026311,284547.158637,1,1e-06,3.51629771611e-11,271495.57207,271495.57207,,271495.57207,271495.57207,271495.57207,271495.57207
pareto,log_binning,1000000,100,81,298766.659953,330197.501742,31430.841789,314482.080847,,0,0,,,,,,,
pareto,log_binning,1000000,100,82,330197.501742,364934.930068,34737.4283262,347566.215905,,0,0,,,,,,,
pareto,log_binning,1000000,100,83,364934.930068,403326.804356,38391.8742877,384130.867212,,0,0,,,,,,,
pareto,log_binning,1000000,100,84,403326.804356,445757.579526,42430.7751708,424542.191941,1,1e-06,2.35677994563e-11,403699.983668,403699.983668,,403699.983668,403699.983668,403699.983668,403699.983668
pareto,log_binning,1000000,100,85,445757.579526,492652.155918,46894.5763914,469204.867722,,0,0,,,,,,,
pareto,log_binning,1000000,100,86,492652.155918,544480.134221,51827.9783029,518566.145069,1,1e-06,1.92945978744e-11,509109.850891,509109.850891,,509109.850891,509109.850891,509109.850891,509109.850891
pareto,log_binning,1000000,100,87,544480.134221,601760.518045,57280.3838242,573120.326133,,0,0,,,,,,,
pareto,log_binning,1000000,100,88,601760.518045,665066.911203,63306.3931583,633413.714624,,0,0,,,,,,,
pareto,log_binning,1000000,100,89,665066.911203,735033.261761,69966.3505575,700050.086482,,0,0,,,,,,,
pareto,log_binning,1000000,100,90,735033.261761,812360.210369,77326.9486084,773696.736065,,0,0,,,,,,,
pareto,log_binning,1000000,100,91,812360.210369,897822.106458,85461.8960892,855091.158414,,0,0,,,,,,,
pareto,log_binning,1000000,100,92,897822.106458,992274.762545,94452.656087,945048.434502,,0,0,,,,,,,
pareto,log_binning,1000000,100,93,992274.762545,1096664.02431,104389.261766,1044469.39343,,0,0,,,,,,,
pareto,log_binning,1000000,100,94,1096664.02431,1212035.24227,115371.217958,1154349.63329,,0,0,,,,,,,
pareto,log_binning,1000000,100,95,1212035.24227,1339543.73987,127508.497596,1275789.49107,1,1e-06,7.84261456178e-12,1308607.65405,1308607.65405,,1308607.65405,1308607.65405,1308607.65405,1308607.65405
pareto,log_binning,1000000,100,96,1339543.73987,1480466.38285,140922.642988,1410005.06136,,0,0,,,,,,,
pareto,log_binning,1000000,100,97,1480466.38285,1636214.36578,155747.982927,1558340.37432,,0,0,,,,,,,
pareto,log_binning,1000000,100,98,1636214.36578,1808347.34364,172132.977863,1722280.85471,,0,0,,,,,,,
pareto,log_binning,1000000,100,99,1808347.34364,1998589.05022,190241.706577,1903468.19693,,0,0,,,,,,,
pareto,log_binning,1000000,100,100,1998589.05022,2208844.55948,210255.509262,2103716.80485,1,1e-06,4.75611794199e-12,2208844.55948,2208844.55948,,2208844.55948,2208844.55948,2208844.55948,2208844.55948
